workload,n,backend,flags,batch,time,warmup,rep,seconds,status,load1,load5,load15
size_only,100,typed,cli,runtime:size_only_n100:typed:cli@2026-10-08T01:04:39,2026-10-08T01:04:39,1,0,0.374708,ok,5.01,6.59,12.22
size_only,100,typed,cli,runtime:size_only_n100:typed:cli@2026-10-08T01:04:39,2026-10-08T01:04:39,1,1,0.006892,ok,5.01,6.59,12.22
size_only,100,typed,cli,runtime:size_only_n100:typed:cli@2026-10-08T01:04:39,2026-10-08T01:04:39,0,0,0.004363,ok,5.01,6.59,12.22
size_only,100,typed,cli,runtime:size_only_n100:typed:cli@2026-10-08T01:04:39,2026-10-08T01:04:39,0,1,0.004569,ok,5.01,6.59,12.22
size_only,100,typed,cli,runtime:size_only_n100:typed:cli@2026-10-08T01:04:39,2026-10-08T01:04:40,0,2,0.003449,ok,5.01,6.59,12.22
size_only,100,typed,cli,runtime:size_only_n100:typed:cli@2026-10-08T01:04:39,2026-10-08T01:04:40,0,3,0.003275,ok,5.01,6.59,12.22
size_only,100,typed,cli,runtime:size_only_n100:typed:cli@2026-10-08T01:04:39,2026-10-08T01:04:40,0,4,0.003267,ok,5.01,6.59,12.22
size_only,100,typed,cli,runtime:size_only_n100:typed:cli@2026-10-08T01:04:39,2026-10-08T01:04:40,0,5,0.002833,ok,5.01,6.59,12.22
size_only,100,typed,cli,runtime:size_only_n100:typed:cli@2026-10-08T01:04:39,2026-10-08T01:04:40,0,6,0.003149,ok,5.01,6.59,12.22
size_only,100,typed,cli,runtime:size_only_n100:typed:cli@2026-10-08T01:04:39,2026-10-08T01:04:40,0,7,0.003066,ok,5.01,6.59,12.22
size_only,100,typed,cli,runtime:size_only_n100:typed:cli@2026-10-08T01:04:39,2026-10-08T01:04:40,0,8,0.003009,ok,5.01,6.59,12.22
size_only,100,typed,cli,runtime:size_only_n100:typed:cli@2026-10-08T01:04:39,2026-10-08T01:04:40,0,9,0.003189,ok,5.01,6.59,12.22
size_only,100,typed,cli,runtime:size_only_n100:typed:cli@2026-10-08T01:04:39,2026-10-08T01:04:40,0,10,0.004830,ok,5.01,6.59,12.22
size_only,100,typed,cli,runtime:size_only_n100:typed:cli@2026-10-08T01:04:39,2026-10-08T01:04:40,0,11,0.003484,ok,5.01,6.59,12.22
size_only,100,typed,cli,runtime:size_only_n100:typed:cli@2026-10-08T01:04:39,2026-10-08T01:04:40,0,12,0.006464,ok,5.01,6.59,12.22
size_only,100,typed,cli,runtime:size_only_n100:typed:cli@2026-10-08T01:04:39,2026-10-08T01:04:40,0,13,0.003889,ok,5.01,6.59,12.22
size_only,100,typed,cli,runtime:size_only_n100:typed:cli@2026-10-08T01:04:39,2026-10-08T01:04:40,0,14,0.003497,ok,5.01,6.59,12.22
size_only,100,typed,cli,runtime:size_only_n100:typed:cli@2026-10-08T01:04:39,2026-10-08T01:04:40,0,15,0.003164,ok,5.01,6.59,12.22
size_only,100,typed,cli,runtime:size_only_n100:typed:cli@2026-10-08T01:04:39,2026-10-08T01:04:40,0,16,0.003144,ok,5.01,6.59,12.22
size_only,100,typed,cli,runtime:size_only_n100:typed:cli@2026-10-08T01:04:39,2026-10-08T01:04:40,0,17,0.003544,ok,5.01,6.59,12.22
size_only,100,typed,cli,runtime:size_only_n100:typed:cli@2026-10-08T01:04:39,2026-10-08T01:04:40,0,18,0.003377,ok,5.01,6.59,12.22
size_only,100,typed,cli,runtime:size_only_n100:typed:cli@2026-10-08T01:04:39,2026-10-08T01:04:40,0,19,0.003205,ok,5.01,6.59,12.22
size_only,100,typed,O,runtime:size_only_n100:typed:O@2026-10-08T01:04:40,2026-10-08T01:04:40,1,0,0.336868,ok,5.01,6.59,12.22
size_only,100,typed,O,runtime:size_only_n100:typed:O@2026-10-08T01:04:40,2026-10-08T01:04:40,1,1,0.003535,ok,5.01,6.59,12.22
size_only,100,typed,O,runtime:size_only_n100:typed:O@2026-10-08T01:04:40,2026-10-08T01:04:40,0,0,0.002833,ok,5.01,6.59,12.22
size_only,100,typed,O,runtime:size_only_n100:typed:O@2026-10-08T01:04:40,2026-10-08T01:04:40,0,1,0.003075,ok,5.01,6.59,12.22
size_only,100,typed,O,runtime:size_only_n100:typed:O@2026-10-08T01:04:40,2026-10-08T01:04:40,0,2,0.002929,ok,5.01,6.59,12.22
size_only,100,typed,O,runtime:size_only_n100:typed:O@2026-10-08T01:04:40,2026-10-08T01:04:40,0,3,0.003086,ok,5.01,6.59,12.22
size_only,100,typed,O,runtime:size_only_n100:typed:O@2026-10-08T01:04:40,2026-10-08T01:04:40,0,4,0.003191,ok,5.01,6.59,12.22
size_only,100,typed,O,runtime:size_only_n100:typed:O@2026-10-08T01:04:40,2026-10-08T01:04:40,0,5,0.003380,ok,5.01,6.59,12.22
size_only,100,typed,O,runtime:size_only_n100:typed:O@2026-10-08T01:04:40,2026-10-08T01:04:40,0,6,0.003974,ok,5.01,6.59,12.22
size_only,100,typed,O,runtime:size_only_n100:typed:O@2026-10-08T01:04:40,2026-10-08T01:04:40,0,7,0.003161,ok,5.01,6.59,12.22
size_only,100,typed,O,runtime:size_only_n100:typed:O@2026-10-08T01:04:40,2026-10-08T01:04:40,0,8,0.003114,ok,5.01,6.59,12.22
size_only,100,typed,O,runtime:size_only_n100:typed:O@2026-10-08T01:04:40,2026-10-08T01:04:40,0,9,0.003432,ok,5.01,6.59,12.22
size_only,100,typed,O,runtime:size_only_n100:typed:O@2026-10-08T01:04:40,2026-10-08T01:04:40,0,10,0.003016,ok,5.01,6.59,12.22
size_only,100,typed,O,runtime:size_only_n100:typed:O@2026-10-08T01:04:40,2026-10-08T01:04:40,0,11,0.003103,ok,5.01,6.59,12.22
size_only,100,typed,O,runtime:size_only_n100:typed:O@2026-10-08T01:04:40,2026-10-08T01:04:40,0,12,0.002973,ok,5.01,6.59,12.22
size_only,100,typed,O,runtime:size_only_n100:typed:O@2026-10-08T01:04:40,2026-10-08T01:04:40,0,13,0.002950,ok,5.01,6.59,12.22
size_only,100,typed,O,runtime:size_only_n100:typed:O@2026-10-08T01:04:40,2026-10-08T01:04:40,0,14,0.003379,ok,5.01,6.59,12.22
size_only,100,typed,O,runtime:size_only_n100:typed:O@2026-10-08T01:04:40,2026-10-08T01:04:40,0,15,0.003151,ok,5.01,6.59,12.22
size_only,100,typed,O,runtime:size_only_n100:typed:O@2026-10-08T01:04:40,2026-10-08T01:04:40,0,16,0.003158,ok,5.01,6.59,12.22
size_only,100,typed,O,runtime:size_only_n100:typed:O@2026-10-08T01:04:40,2026-10-08T01:04:40,0,17,0.003637,ok,5.01,6.59,12.22
size_only,100,typed,O,runtime:size_only_n100:typed:O@2026-10-08T01:04:40,2026-10-08T01:04:40,0,18,0.003458,ok,5.01,6.59,12.22
size_only,100,typed,O,runtime:size_only_n100:typed:O@2026-10-08T01:04:40,2026-10-08T01:04:40,0,19,0.003174,ok,5.01,6.59,12.22
size_only,100,dynamic,cli,runtime:size_only_n100:dynamic:cli@2026-10-08T01:04:40,2026-10-08T01:04:41,1,0,0.411837,ok,5.01,6.59,12.22
size_only,100,dynamic,cli,runtime:size_only_n100:dynamic:cli@2026-10-08T01:04:40,2026-10-08T01:04:41,1,1,0.006888,ok,5.01,6.59,12.22
size_only,100,dynamic,cli,runtime:size_only_n100:dynamic:cli@2026-10-08T01:04:40,2026-10-08T01:04:41,0,0,0.004452,ok,5.01,6.59,12.22
size_only,100,dynamic,cli,runtime:size_only_n100:dynamic:cli@2026-10-08T01:04:40,2026-10-08T01:04:41,0,1,0.005405,ok,5.01,6.59,12.22
size_only,100,dynamic,cli,runtime:size_only_n100:dynamic:cli@2026-10-08T01:04:40,2026-10-08T01:04:41,0,2,0.003143,ok,5.01,6.59,12.22
size_only,100,dynamic,cli,runtime:size_only_n100:dynamic:cli@2026-10-08T01:04:40,2026-10-08T01:04:41,0,3,0.003365,ok,5.01,6.59,12.22
size_only,100,dynamic,cli,runtime:size_only_n100:dynamic:cli@2026-10-08T01:04:40,2026-10-08T01:04:41,0,4,0.003322,ok,5.01,6.59,12.22
size_only,100,dynamic,cli,runtime:size_only_n100:dynamic:cli@2026-10-08T01:04:40,2026-10-08T01:04:41,0,5,0.003980,ok,5.01,6.59,12.22
size_only,100,dynamic,cli,runtime:size_only_n100:dynamic:cli@2026-10-08T01:04:40,2026-10-08T01:04:41,0,6,0.003426,ok,5.01,6.59,12.22
size_only,100,dynamic,cli,runtime:size_only_n100:dynamic:cli@2026-10-08T01:04:40,2026-10-08T01:04:41,0,7,0.004965,ok,5.01,6.59,12.22
size_only,100,dynamic,cli,runtime:size_only_n100:dynamic:cli@2026-10-08T01:04:40,2026-10-08T01:04:41,0,8,0.003305,ok,5.01,6.59,12.22
size_only,100,dynamic,cli,runtime:size_only_n100:dynamic:cli@2026-10-08T01:04:40,2026-10-08T01:04:41,0,9,0.003412,ok,5.01,6.59,12.22
size_only,100,dynamic,cli,runtime:size_only_n100:dynamic:cli@2026-10-08T01:04:40,2026-10-08T01:04:41,0,10,0.003233,ok,5.01,6.59,12.22
size_only,100,dynamic,cli,runtime:size_only_n100:dynamic:cli@2026-10-08T01:04:40,2026-10-08T01:04:41,0,11,0.003135,ok,5.01,6.59,12.22
size_only,100,dynamic,cli,runtime:size_only_n100:dynamic:cli@2026-10-08T01:04:40,2026-10-08T01:04:41,0,12,0.003346,ok,5.01,6.59,12.22
size_only,100,dynamic,cli,runtime:size_only_n100:dynamic:cli@2026-10-08T01:04:40,2026-10-08T01:04:41,0,13,0.004595,ok,5.01,6.59,12.22
size_only,100,dynamic,cli,runtime:size_only_n100:dynamic:cli@2026-10-08T01:04:40,2026-10-08T01:04:41,0,14,0.003406,ok,5.01,6.59,12.22
size_only,100,dynamic,cli,runtime:size_only_n100:dynamic:cli@2026-10-08T01:04:40,2026-10-08T01:04:41,0,15,0.003817,ok,5.01,6.59,12.22
size_only,100,dynamic,cli,runtime:size_only_n100:dynamic:cli@2026-10-08T01:04:40,2026-10-08T01:04:41,0,16,0.003656,ok,5.01,6.59,12.22
size_only,100,dynamic,cli,runtime:size_only_n100:dynamic:cli@2026-10-08T01:04:40,2026-10-08T01:04:41,0,17,0.003928,ok,5.01,6.59,12.22
size_only,100,dynamic,cli,runtime:size_only_n100:dynamic:cli@2026-10-08T01:04:40,2026-10-08T01:04:41,0,18,0.003082,ok,5.01,6.59,12.22
size_only,100,dynamic,cli,runtime:size_only_n100:dynamic:cli@2026-10-08T01:04:40,2026-10-08T01:04:41,0,19,0.003322,ok,5.01,6.59,12.22
size_only,100,dynamic,O,runtime:size_only_n100:dynamic:O@2026-10-08T01:04:41,2026-10-08T01:04:42,1,0,0.306207,ok,5.01,6.59,12.22
size_only,100,dynamic,O,runtime:size_only_n100:dynamic:O@2026-10-08T01:04:41,2026-10-08T01:04:42,1,1,0.005735,ok,5.01,6.59,12.22
size_only,100,dynamic,O,runtime:size_only_n100:dynamic:O@2026-10-08T01:04:41,2026-10-08T01:04:42,0,0,0.003205,ok,5.01,6.59,12.22
size_only,100,dynamic,O,runtime:size_only_n100:dynamic:O@2026-10-08T01:04:41,2026-10-08T01:04:42,0,1,0.006546,ok,5.01,6.59,12.22
size_only,100,dynamic,O,runtime:size_only_n100:dynamic:O@2026-10-08T01:04:41,2026-10-08T01:04:42,0,2,0.003054,ok,5.01,6.59,12.22
size_only,100,dynamic,O,runtime:size_only_n100:dynamic:O@2026-10-08T01:04:41,2026-10-08T01:04:42,0,3,0.003206,ok,5.01,6.59,12.22
size_only,100,dynamic,O,runtime:size_only_n100:dynamic:O@2026-10-08T01:04:41,2026-10-08T01:04:42,0,4,0.002995,ok,5.01,6.59,12.22
size_only,100,dynamic,O,runtime:size_only_n100:dynamic:O@2026-10-08T01:04:41,2026-10-08T01:04:42,0,5,0.003058,ok,5.01,6.59,12.22
size_only,100,dynamic,O,runtime:size_only_n100:dynamic:O@2026-10-08T01:04:41,2026-10-08T01:04:42,0,6,0.003254,ok,5.01,6.59,12.22
size_only,100,dynamic,O,runtime:size_only_n100:dynamic:O@2026-10-08T01:04:41,2026-10-08T01:04:42,0,7,0.006523,ok,5.01,6.59,12.22
size_only,100,dynamic,O,runtime:size_only_n100:dynamic:O@2026-10-08T01:04:41,2026-10-08T01:04:42,0,8,0.003757,ok,5.01,6.59,12.22
size_only,100,dynamic,O,runtime:size_only_n100:dynamic:O@2026-10-08T01:04:41,2026-10-08T01:04:42,0,9,0.005302,ok,5.01,6.59,12.22
size_only,100,dynamic,O,runtime:size_only_n100:dynamic:O@2026-10-08T01:04:41,2026-10-08T01:04:42,0,10,0.003754,ok,5.01,6.59,12.22
size_only,100,dynamic,O,runtime:size_only_n100:dynamic:O@2026-10-08T01:04:41,2026-10-08T01:04:42,0,11,0.003288,ok,5.01,6.59,12.22
size_only,100,dynamic,O,runtime:size_only_n100:dynamic:O@2026-10-08T01:04:41,2026-10-08T01:04:42,0,12,0.003348,ok,5.01,6.59,12.22
size_only,100,dynamic,O,runtime:size_only_n100:dynamic:O@2026-10-08T01:04:41,2026-10-08T01:04:42,0,13,0.003080,ok,5.01,6.59,12.22
size_only,100,dynamic,O,runtime:size_only_n100:dynamic:O@2026-10-08T01:04:41,2026-10-08T01:04:42,0,14,0.003347,ok,5.01,6.59,12.22
size_only,100,dynamic,O,runtime:size_only_n100:dynamic:O@2026-10-08T01:04:41,2026-10-08T01:04:42,0,15,0.003153,ok,5.01,6.59,12.22
size_only,100,dynamic,O,runtime:size_only_n100:dynamic:O@2026-10-08T01:04:41,2026-10-08T01:04:42,0,16,0.003103,ok,5.01,6.59,12.22
size_only,100,dynamic,O,runtime:size_only_n100:dynamic:O@2026-10-08T01:04:41,2026-10-08T01:04:42,0,17,0.003115,ok,5.01,6.59,12.22
size_only,100,dynamic,O,runtime:size_only_n100:dynamic:O@2026-10-08T01:04:41,2026-10-08T01:04:42,0,18,0.003238,ok,5.01,6.59,12.22
size_only,100,dynamic,O,runtime:size_only_n100:dynamic:O@2026-10-08T01:04:41,2026-10-08T01:04:42,0,19,0.003063,ok,5.01,6.59,12.22
size_only,1000,typed,cli,runtime:size_only_n1000:typed:cli@2026-10-08T01:05:04,2026-10-08T01:05:05,1,0,0.344112,ok,5.08,6.48,12.02
size_only,1000,typed,cli,runtime:size_only_n1000:typed:cli@2026-10-08T01:05:04,2026-10-08T01:05:05,1,1,0.009869,ok,5.08,6.48,12.02
size_only,1000,typed,cli,runtime:size_only_n1000:typed:cli@2026-10-08T01:05:04,2026-10-08T01:05:05,0,0,0.004501,ok,5.08,6.48,12.02
size_only,1000,typed,cli,runtime:size_only_n1000:typed:cli@2026-10-08T01:05:04,2026-10-08T01:05:05,0,1,0.004451,ok,5.08,6.48,12.02
size_only,1000,typed,cli,runtime:size_only_n1000:typed:cli@2026-10-08T01:05:04,2026-10-08T01:05:05,0,2,0.004261,ok,5.08,6.48,12.02
size_only,1000,typed,cli,runtime:size_only_n1000:typed:cli@2026-10-08T01:05:04,2026-10-08T01:05:05,0,3,0.003864,ok,5.08,6.48,12.02
size_only,1000,typed,cli,runtime:size_only_n1000:typed:cli@2026-10-08T01:05:04,2026-10-08T01:05:05,0,4,0.004393,ok,5.08,6.48,12.02
size_only,1000,typed,cli,runtime:size_only_n1000:typed:cli@2026-10-08T01:05:04,2026-10-08T01:05:05,0,5,0.003860,ok,5.08,6.48,12.02
size_only,1000,typed,cli,runtime:size_only_n1000:typed:cli@2026-10-08T01:05:04,2026-10-08T01:05:05,0,6,0.004153,ok,5.08,6.48,12.02
size_only,1000,typed,cli,runtime:size_only_n1000:typed:cli@2026-10-08T01:05:04,2026-10-08T01:05:05,0,7,0.003822,ok,5.08,6.48,12.02
size_only,1000,typed,cli,runtime:size_only_n1000:typed:cli@2026-10-08T01:05:04,2026-10-08T01:05:05,0,8,0.004605,ok,5.08,6.48,12.02
size_only,1000,typed,cli,runtime:size_only_n1000:typed:cli@2026-10-08T01:05:04,2026-10-08T01:05:05,0,9,0.004545,ok,5.08,6.48,12.02
size_only,1000,typed,cli,runtime:size_only_n1000:typed:cli@2026-10-08T01:05:04,2026-10-08T01:05:05,0,10,0.004278,ok,5.08,6.48,12.02
size_only,1000,typed,cli,runtime:size_only_n1000:typed:cli@2026-10-08T01:05:04,2026-10-08T01:05:05,0,11,0.004104,ok,5.08,6.48,12.02
size_only,1000,typed,cli,runtime:size_only_n1000:typed:cli@2026-10-08T01:05:04,2026-10-08T01:05:05,0,12,0.004523,ok,5.08,6.48,12.02
size_only,1000,typed,cli,runtime:size_only_n1000:typed:cli@2026-10-08T01:05:04,2026-10-08T01:05:05,0,13,0.004166,ok,5.08,6.48,12.02
size_only,1000,typed,cli,runtime:size_only_n1000:typed:cli@2026-10-08T01:05:04,2026-10-08T01:05:05,0,14,0.004749,ok,5.08,6.48,12.02
size_only,1000,typed,cli,runtime:size_only_n1000:typed:cli@2026-10-08T01:05:04,2026-10-08T01:05:05,0,15,0.004221,ok,5.08,6.48,12.02
size_only,1000,typed,cli,runtime:size_only_n1000:typed:cli@2026-10-08T01:05:04,2026-10-08T01:05:05,0,16,0.005015,ok,5.08,6.48,12.02
size_only,1000,typed,cli,runtime:size_only_n1000:typed:cli@2026-10-08T01:05:04,2026-10-08T01:05:05,0,17,0.004306,ok,5.08,6.48,12.02
size_only,1000,typed,cli,runtime:size_only_n1000:typed:cli@2026-10-08T01:05:04,2026-10-08T01:05:05,0,18,0.004173,ok,5.08,6.48,12.02
size_only,1000,typed,cli,runtime:size_only_n1000:typed:cli@2026-10-08T01:05:04,2026-10-08T01:05:05,0,19,0.004269,ok,5.08,6.48,12.02
size_only,1000,typed,O,runtime:size_only_n1000:typed:O@2026-10-08T01:05:05,2026-10-08T01:05:05,1,0,0.310463,ok,5.08,6.48,12.02
size_only,1000,typed,O,runtime:size_only_n1000:typed:O@2026-10-08T01:05:05,2026-10-08T01:05:05,1,1,0.007831,ok,5.08,6.48,12.02
size_only,1000,typed,O,runtime:size_only_n1000:typed:O@2026-10-08T01:05:05,2026-10-08T01:05:05,0,0,0.006094,ok,5.08,6.48,12.02
size_only,1000,typed,O,runtime:size_only_n1000:typed:O@2026-10-08T01:05:05,2026-10-08T01:05:05,0,1,0.003709,ok,5.08,6.48,12.02
size_only,1000,typed,O,runtime:size_only_n1000:typed:O@2026-10-08T01:05:05,2026-10-08T01:05:05,0,2,0.005893,ok,5.08,6.48,12.02
size_only,1000,typed,O,runtime:size_only_n1000:typed:O@2026-10-08T01:05:05,2026-10-08T01:05:05,0,3,0.005358,ok,5.08,6.48,12.02
size_only,1000,typed,O,runtime:size_only_n1000:typed:O@2026-10-08T01:05:05,2026-10-08T01:05:05,0,4,0.003583,ok,5.08,6.48,12.02
size_only,1000,typed,O,runtime:size_only_n1000:typed:O@2026-10-08T01:05:05,2026-10-08T01:05:05,0,5,0.004813,ok,5.08,6.48,12.02
size_only,1000,typed,O,runtime:size_only_n1000:typed:O@2026-10-08T01:05:05,2026-10-08T01:05:05,0,6,0.004567,ok,5.08,6.48,12.02
size_only,1000,typed,O,runtime:size_only_n1000:typed:O@2026-10-08T01:05:05,2026-10-08T01:05:05,0,7,0.003745,ok,5.08,6.48,12.02
size_only,1000,typed,O,runtime:size_only_n1000:typed:O@2026-10-08T01:05:05,2026-10-08T01:05:05,0,8,0.003738,ok,5.08,6.48,12.02
size_only,1000,typed,O,runtime:size_only_n1000:typed:O@2026-10-08T01:05:05,2026-10-08T01:05:05,0,9,0.004028,ok,5.08,6.48,12.02
size_only,1000,typed,O,runtime:size_only_n1000:typed:O@2026-10-08T01:05:05,2026-10-08T01:05:05,0,10,0.003663,ok,5.08,6.48,12.02
size_only,1000,typed,O,runtime:size_only_n1000:typed:O@2026-10-08T01:05:05,2026-10-08T01:05:05,0,11,0.003151,ok,5.08,6.48,12.02
size_only,1000,typed,O,runtime:size_only_n1000:typed:O@2026-10-08T01:05:05,2026-10-08T01:05:05,0,12,0.004311,ok,5.08,6.48,12.02
size_only,1000,typed,O,runtime:size_only_n1000:typed:O@2026-10-08T01:05:05,2026-10-08T01:05:05,0,13,0.004456,ok,5.08,6.48,12.02
size_only,1000,typed,O,runtime:size_only_n1000:typed:O@2026-10-08T01:05:05,2026-10-08T01:05:06,0,14,0.004072,ok,5.08,6.48,12.02
size_only,1000,typed,O,runtime:size_only_n1000:typed:O@2026-10-08T01:05:05,2026-10-08T01:05:06,0,15,0.003706,ok,5.08,6.48,12.02
size_only,1000,typed,O,runtime:size_only_n1000:typed:O@2026-10-08T01:05:05,2026-10-08T01:05:06,0,16,0.003763,ok,5.08,6.48,12.02
size_only,1000,typed,O,runtime:size_only_n1000:typed:O@2026-10-08T01:05:05,2026-10-08T01:05:06,0,17,0.003755,ok,5.08,6.48,12.02
size_only,1000,typed,O,runtime:size_only_n1000:typed:O@2026-10-08T01:05:05,2026-10-08T01:05:06,0,18,0.003347,ok,5.08,6.48,12.02
size_only,1000,typed,O,runtime:size_only_n1000:typed:O@2026-10-08T01:05:05,2026-10-08T01:05:06,0,19,0.003330,ok,5.08,6.48,12.02
size_only,1000,dynamic,cli,runtime:size_only_n1000:dynamic:cli@2026-10-08T01:05:06,2026-10-08T01:05:06,1,0,0.352904,ok,5.08,6.48,12.02
size_only,1000,dynamic,cli,runtime:size_only_n1000:dynamic:cli@2026-10-08T01:05:06,2026-10-08T01:05:06,1,1,0.006113,ok,5.08,6.48,12.02
size_only,1000,dynamic,cli,runtime:size_only_n1000:dynamic:cli@2026-10-08T01:05:06,2026-10-08T01:05:06,0,0,0.004261,ok,5.08,6.48,12.02
size_only,1000,dynamic,cli,runtime:size_only_n1000:dynamic:cli@2026-10-08T01:05:06,2026-10-08T01:05:06,0,1,0.003878,ok,5.08,6.48,12.02
size_only,1000,dynamic,cli,runtime:size_only_n1000:dynamic:cli@2026-10-08T01:05:06,2026-10-08T01:05:06,0,2,0.004029,ok,5.08,6.48,12.02
size_only,1000,dynamic,cli,runtime:size_only_n1000:dynamic:cli@2026-10-08T01:05:06,2026-10-08T01:05:06,0,3,0.003763,ok,5.08,6.48,12.02
size_only,1000,dynamic,cli,runtime:size_only_n1000:dynamic:cli@2026-10-08T01:05:06,2026-10-08T01:05:06,0,4,0.003800,ok,5.08,6.48,12.02
size_only,1000,dynamic,cli,runtime:size_only_n1000:dynamic:cli@2026-10-08T01:05:06,2026-10-08T01:05:06,0,5,0.005681,ok,5.08,6.48,12.02
size_only,1000,dynamic,cli,runtime:size_only_n1000:dynamic:cli@2026-10-08T01:05:06,2026-10-08T01:05:06,0,6,0.005783,ok,5.08,6.48,12.02
size_only,1000,dynamic,cli,runtime:size_only_n1000:dynamic:cli@2026-10-08T01:05:06,2026-10-08T01:05:06,0,7,0.003897,ok,5.08,6.48,12.02
size_only,1000,dynamic,cli,runtime:size_only_n1000:dynamic:cli@2026-10-08T01:05:06,2026-10-08T01:05:06,0,8,0.003768,ok,5.08,6.48,12.02
size_only,1000,dynamic,cli,runtime:size_only_n1000:dynamic:cli@2026-10-08T01:05:06,2026-10-08T01:05:06,0,9,0.003574,ok,5.08,6.48,12.02
size_only,1000,dynamic,cli,runtime:size_only_n1000:dynamic:cli@2026-10-08T01:05:06,2026-10-08T01:05:06,0,10,0.004127,ok,5.08,6.48,12.02
size_only,1000,dynamic,cli,runtime:size_only_n1000:dynamic:cli@2026-10-08T01:05:06,2026-10-08T01:05:06,0,11,0.004199,ok,5.08,6.48,12.02
size_only,1000,dynamic,cli,runtime:size_only_n1000:dynamic:cli@2026-10-08T01:05:06,2026-10-08T01:05:06,0,12,0.004143,ok,5.08,6.48,12.02
size_only,1000,dynamic,cli,runtime:size_only_n1000:dynamic:cli@2026-10-08T01:05:06,2026-10-08T01:05:06,0,13,0.003988,ok,5.08,6.48,12.02
size_only,1000,dynamic,cli,runtime:size_only_n1000:dynamic:cli@2026-10-08T01:05:06,2026-10-08T01:05:06,0,14,0.003890,ok,5.08,6.48,12.02
size_only,1000,dynamic,cli,runtime:size_only_n1000:dynamic:cli@2026-10-08T01:05:06,2026-10-08T01:05:06,0,15,0.003704,ok,5.08,6.48,12.02
size_only,1000,dynamic,cli,runtime:size_only_n1000:dynamic:cli@2026-10-08T01:05:06,2026-10-08T01:05:06,0,16,0.004421,ok,5.08,6.48,12.02
size_only,1000,dynamic,cli,runtime:size_only_n1000:dynamic:cli@2026-10-08T01:05:06,2026-10-08T01:05:06,0,17,0.003804,ok,5.08,6.48,12.02
size_only,1000,dynamic,cli,runtime:size_only_n1000:dynamic:cli@2026-10-08T01:05:06,2026-10-08T01:05:06,0,18,0.003713,ok,5.08,6.48,12.02
size_only,1000,dynamic,cli,runtime:size_only_n1000:dynamic:cli@2026-10-08T01:05:06,2026-10-08T01:05:06,0,19,0.004052,ok,5.08,6.48,12.02
size_only,1000,dynamic,O,runtime:size_only_n1000:dynamic:O@2026-10-08T01:05:06,2026-10-08T01:05:07,1,0,0.318228,ok,5.08,6.48,12.02
size_only,1000,dynamic,O,runtime:size_only_n1000:dynamic:O@2026-10-08T01:05:06,2026-10-08T01:05:07,1,1,0.007233,ok,5.08,6.48,12.02
size_only,1000,dynamic,O,runtime:size_only_n1000:dynamic:O@2026-10-08T01:05:06,2026-10-08T01:05:07,0,0,0.005870,ok,5.08,6.48,12.02
size_only,1000,dynamic,O,runtime:size_only_n1000:dynamic:O@2026-10-08T01:05:06,2026-10-08T01:05:07,0,1,0.005771,ok,5.08,6.48,12.02
size_only,1000,dynamic,O,runtime:size_only_n1000:dynamic:O@2026-10-08T01:05:06,2026-10-08T01:05:07,0,2,0.003942,ok,5.08,6.48,12.02
size_only,1000,dynamic,O,runtime:size_only_n1000:dynamic:O@2026-10-08T01:05:06,2026-10-08T01:05:07,0,3,0.003394,ok,5.08,6.48,12.02
size_only,1000,dynamic,O,runtime:size_only_n1000:dynamic:O@2026-10-08T01:05:06,2026-10-08T01:05:07,0,4,0.010775,ok,5.08,6.48,12.02
size_only,1000,dynamic,O,runtime:size_only_n1000:dynamic:O@2026-10-08T01:05:06,2026-10-08T01:05:07,0,5,0.003998,ok,5.08,6.48,12.02
size_only,1000,dynamic,O,runtime:size_only_n1000:dynamic:O@2026-10-08T01:05:06,2026-10-08T01:05:07,0,6,0.005220,ok,5.08,6.48,12.02
size_only,1000,dynamic,O,runtime:size_only_n1000:dynamic:O@2026-10-08T01:05:06,2026-10-08T01:05:07,0,7,0.004129,ok,5.08,6.48,12.02
size_only,1000,dynamic,O,runtime:size_only_n1000:dynamic:O@2026-10-08T01:05:06,2026-10-08T01:05:07,0,8,0.003364,ok,5.08,6.48,12.02
size_only,1000,dynamic,O,runtime:size_only_n1000:dynamic:O@2026-10-08T01:05:06,2026-10-08T01:05:07,0,9,0.003628,ok,5.08,6.48,12.02
size_only,1000,dynamic,O,runtime:size_only_n1000:dynamic:O@2026-10-08T01:05:06,2026-10-08T01:05:07,0,10,0.003333,ok,5.08,6.48,12.02
size_only,1000,dynamic,O,runtime:size_only_n1000:dynamic:O@2026-10-08T01:05:06,2026-10-08T01:05:07,0,11,0.004975,ok,5.08,6.48,12.02
size_only,1000,dynamic,O,runtime:size_only_n1000:dynamic:O@2026-10-08T01:05:06,2026-10-08T01:05:07,0,12,0.003173,ok,5.08,6.48,12.02
size_only,1000,dynamic,O,runtime:size_only_n1000:dynamic:O@2026-10-08T01:05:06,2026-10-08T01:05:07,0,13,0.004325,ok,5.08,6.48,12.02
size_only,1000,dynamic,O,runtime:size_only_n1000:dynamic:O@2026-10-08T01:05:06,2026-10-08T01:05:07,0,14,0.005585,ok,5.08,6.48,12.02
size_only,1000,dynamic,O,runtime:size_only_n1000:dynamic:O@2026-10-08T01:05:06,2026-10-08T01:05:07,0,15,0.004196,ok,5.08,6.48,12.02
size_only,1000,dynamic,O,runtime:size_only_n1000:dynamic:O@2026-10-08T01:05:06,2026-10-08T01:05:07,0,16,0.003601,ok,5.08,6.48,12.02
size_only,1000,dynamic,O,runtime:size_only_n1000:dynamic:O@2026-10-08T01:05:06,2026-10-08T01:05:07,0,17,0.003577,ok,5.08,6.48,12.02
size_only,1000,dynamic,O,runtime:size_only_n1000:dynamic:O@2026-10-08T01:05:06,2026-10-08T01:05:07,0,18,0.004002,ok,5.08,6.48,12.02
size_only,1000,dynamic,O,runtime:size_only_n1000:dynamic:O@2026-10-08T01:05:06,2026-10-08T01:05:07,0,19,0.003670,ok,5.08,6.48,12.02
size_only,1600,typed,cli,runtime:size_only_n1600:typed:cli@2026-10-08T01:05:15,2026-10-08T01:05:16,1,0,0.269836,ok,5.31,6.48,11.95
size_only,1600,typed,cli,runtime:size_only_n1600:typed:cli@2026-10-08T01:05:15,2026-10-08T01:05:16,1,1,0.004241,ok,5.31,6.48,11.95
size_only,1600,typed,cli,runtime:size_only_n1600:typed:cli@2026-10-08T01:05:15,2026-10-08T01:05:16,0,0,0.003120,ok,5.31,6.48,11.95
size_only,1600,typed,cli,runtime:size_only_n1600:typed:cli@2026-10-08T01:05:15,2026-10-08T01:05:16,0,1,0.003802,ok,5.31,6.48,11.95
size_only,1600,typed,cli,runtime:size_only_n1600:typed:cli@2026-10-08T01:05:15,2026-10-08T01:05:16,0,2,0.003548,ok,5.31,6.48,11.95
size_only,1600,typed,cli,runtime:size_only_n1600:typed:cli@2026-10-08T01:05:15,2026-10-08T01:05:16,0,3,0.003248,ok,5.31,6.48,11.95
size_only,1600,typed,cli,runtime:size_only_n1600:typed:cli@2026-10-08T01:05:15,2026-10-08T01:05:16,0,4,0.003234,ok,5.31,6.48,11.95
size_only,1600,typed,cli,runtime:size_only_n1600:typed:cli@2026-10-08T01:05:15,2026-10-08T01:05:16,0,5,0.003257,ok,5.31,6.48,11.95
size_only,1600,typed,cli,runtime:size_only_n1600:typed:cli@2026-10-08T01:05:15,2026-10-08T01:05:16,0,6,0.003185,ok,5.31,6.48,11.95
size_only,1600,typed,cli,runtime:size_only_n1600:typed:cli@2026-10-08T01:05:15,2026-10-08T01:05:16,0,7,0.003232,ok,5.31,6.48,11.95
size_only,1600,typed,cli,runtime:size_only_n1600:typed:cli@2026-10-08T01:05:15,2026-10-08T01:05:16,0,8,0.003317,ok,5.31,6.48,11.95
size_only,1600,typed,cli,runtime:size_only_n1600:typed:cli@2026-10-08T01:05:15,2026-10-08T01:05:16,0,9,0.003518,ok,5.31,6.48,11.95
size_only,1600,typed,cli,runtime:size_only_n1600:typed:cli@2026-10-08T01:05:15,2026-10-08T01:05:16,0,10,0.003592,ok,5.31,6.48,11.95
size_only,1600,typed,cli,runtime:size_only_n1600:typed:cli@2026-10-08T01:05:15,2026-10-08T01:05:16,0,11,0.003991,ok,5.31,6.48,11.95
size_only,1600,typed,cli,runtime:size_only_n1600:typed:cli@2026-10-08T01:05:15,2026-10-08T01:05:16,0,12,0.003769,ok,5.31,6.48,11.95
size_only,1600,typed,cli,runtime:size_only_n1600:typed:cli@2026-10-08T01:05:15,2026-10-08T01:05:16,0,13,0.003803,ok,5.31,6.48,11.95
size_only,1600,typed,cli,runtime:size_only_n1600:typed:cli@2026-10-08T01:05:15,2026-10-08T01:05:16,0,14,0.004142,ok,5.31,6.48,11.95
size_only,1600,typed,cli,runtime:size_only_n1600:typed:cli@2026-10-08T01:05:15,2026-10-08T01:05:16,0,15,0.004168,ok,5.31,6.48,11.95
size_only,1600,typed,cli,runtime:size_only_n1600:typed:cli@2026-10-08T01:05:15,2026-10-08T01:05:16,0,16,0.003680,ok,5.31,6.48,11.95
size_only,1600,typed,cli,runtime:size_only_n1600:typed:cli@2026-10-08T01:05:15,2026-10-08T01:05:16,0,17,0.005207,ok,5.31,6.48,11.95
size_only,1600,typed,cli,runtime:size_only_n1600:typed:cli@2026-10-08T01:05:15,2026-10-08T01:05:16,0,18,0.003649,ok,5.31,6.48,11.95
size_only,1600,typed,cli,runtime:size_only_n1600:typed:cli@2026-10-08T01:05:15,2026-10-08T01:05:16,0,19,0.003317,ok,5.31,6.48,11.95
size_only,1600,typed,O,runtime:size_only_n1600:typed:O@2026-10-08T01:05:16,2026-10-08T01:05:16,1,0,0.250439,ok,5.31,6.48,11.95
size_only,1600,typed,O,runtime:size_only_n1600:typed:O@2026-10-08T01:05:16,2026-10-08T01:05:16,1,1,0.003258,ok,5.31,6.48,11.95
size_only,1600,typed,O,runtime:size_only_n1600:typed:O@2026-10-08T01:05:16,2026-10-08T01:05:16,0,0,0.002786,ok,5.31,6.48,11.95
size_only,1600,typed,O,runtime:size_only_n1600:typed:O@2026-10-08T01:05:16,2026-10-08T01:05:16,0,1,0.002619,ok,5.31,6.48,11.95
size_only,1600,typed,O,runtime:size_only_n1600:typed:O@2026-10-08T01:05:16,2026-10-08T01:05:16,0,2,0.002528,ok,5.31,6.48,11.95
size_only,1600,typed,O,runtime:size_only_n1600:typed:O@2026-10-08T01:05:16,2026-10-08T01:05:16,0,3,0.002508,ok,5.31,6.48,11.95
size_only,1600,typed,O,runtime:size_only_n1600:typed:O@2026-10-08T01:05:16,2026-10-08T01:05:16,0,4,0.003373,ok,5.31,6.48,11.95
size_only,1600,typed,O,runtime:size_only_n1600:typed:O@2026-10-08T01:05:16,2026-10-08T01:05:16,0,5,0.002864,ok,5.31,6.48,11.95
size_only,1600,typed,O,runtime:size_only_n1600:typed:O@2026-10-08T01:05:16,2026-10-08T01:05:16,0,6,0.002712,ok,5.31,6.48,11.95
size_only,1600,typed,O,runtime:size_only_n1600:typed:O@2026-10-08T01:05:16,2026-10-08T01:05:16,0,7,0.002629,ok,5.31,6.48,11.95
size_only,1600,typed,O,runtime:size_only_n1600:typed:O@2026-10-08T01:05:16,2026-10-08T01:05:16,0,8,0.002688,ok,5.31,6.48,11.95
size_only,1600,typed,O,runtime:size_only_n1600:typed:O@2026-10-08T01:05:16,2026-10-08T01:05:16,0,9,0.002791,ok,5.31,6.48,11.95
size_only,1600,typed,O,runtime:size_only_n1600:typed:O@2026-10-08T01:05:16,2026-10-08T01:05:16,0,10,0.003060,ok,5.31,6.48,11.95
size_only,1600,typed,O,runtime:size_only_n1600:typed:O@2026-10-08T01:05:16,2026-10-08T01:05:16,0,11,0.003549,ok,5.31,6.48,11.95
size_only,1600,typed,O,runtime:size_only_n1600:typed:O@2026-10-08T01:05:16,2026-10-08T01:05:16,0,12,0.003577,ok,5.31,6.48,11.95
size_only,1600,typed,O,runtime:size_only_n1600:typed:O@2026-10-08T01:05:16,2026-10-08T01:05:16,0,13,0.003256,ok,5.31,6.48,11.95
size_only,1600,typed,O,runtime:size_only_n1600:typed:O@2026-10-08T01:05:16,2026-10-08T01:05:16,0,14,0.003257,ok,5.31,6.48,11.95
size_only,1600,typed,O,runtime:size_only_n1600:typed:O@2026-10-08T01:05:16,2026-10-08T01:05:16,0,15,0.003534,ok,5.31,6.48,11.95
size_only,1600,typed,O,runtime:size_only_n1600:typed:O@2026-10-08T01:05:16,2026-10-08T01:05:16,0,16,0.003685,ok,5.31,6.48,11.95
size_only,1600,typed,O,runtime:size_only_n1600:typed:O@2026-10-08T01:05:16,2026-10-08T01:05:16,0,17,0.003413,ok,5.31,6.48,11.95
size_only,1600,typed,O,runtime:size_only_n1600:typed:O@2026-10-08T01:05:16,2026-10-08T01:05:16,0,18,0.003299,ok,5.31,6.48,11.95
size_only,1600,typed,O,runtime:size_only_n1600:typed:O@2026-10-08T01:05:16,2026-10-08T01:05:16,0,19,0.003344,ok,5.31,6.48,11.95
size_only,1600,dynamic,cli,runtime:size_only_n1600:dynamic:cli@2026-10-08T01:05:16,2026-10-08T01:05:17,1,0,0.252332,ok,5.31,6.48,11.95
size_only,1600,dynamic,cli,runtime:size_only_n1600:dynamic:cli@2026-10-08T01:05:16,2026-10-08T01:05:17,1,1,0.003427,ok,5.31,6.48,11.95
size_only,1600,dynamic,cli,runtime:size_only_n1600:dynamic:cli@2026-10-08T01:05:16,2026-10-08T01:05:17,0,0,0.002940,ok,5.31,6.48,11.95
size_only,1600,dynamic,cli,runtime:size_only_n1600:dynamic:cli@2026-10-08T01:05:16,2026-10-08T01:05:17,0,1,0.002869,ok,5.31,6.48,11.95
size_only,1600,dynamic,cli,runtime:size_only_n1600:dynamic:cli@2026-10-08T01:05:16,2026-10-08T01:05:17,0,2,0.002885,ok,5.31,6.48,11.95
size_only,1600,dynamic,cli,runtime:size_only_n1600:dynamic:cli@2026-10-08T01:05:16,2026-10-08T01:05:17,0,3,0.002530,ok,5.31,6.48,11.95
size_only,1600,dynamic,cli,runtime:size_only_n1600:dynamic:cli@2026-10-08T01:05:16,2026-10-08T01:05:17,0,4,0.002524,ok,5.31,6.48,11.95
size_only,1600,dynamic,cli,runtime:size_only_n1600:dynamic:cli@2026-10-08T01:05:16,2026-10-08T01:05:17,0,5,0.002996,ok,5.31,6.48,11.95
size_only,1600,dynamic,cli,runtime:size_only_n1600:dynamic:cli@2026-10-08T01:05:16,2026-10-08T01:05:17,0,6,0.003168,ok,5.31,6.48,11.95
size_only,1600,dynamic,cli,runtime:size_only_n1600:dynamic:cli@2026-10-08T01:05:16,2026-10-08T01:05:17,0,7,0.002732,ok,5.31,6.48,11.95
size_only,1600,dynamic,cli,runtime:size_only_n1600:dynamic:cli@2026-10-08T01:05:16,2026-10-08T01:05:17,0,8,0.002889,ok,5.31,6.48,11.95
size_only,1600,dynamic,cli,runtime:size_only_n1600:dynamic:cli@2026-10-08T01:05:16,2026-10-08T01:05:17,0,9,0.002878,ok,5.31,6.48,11.95
size_only,1600,dynamic,cli,runtime:size_only_n1600:dynamic:cli@2026-10-08T01:05:16,2026-10-08T01:05:17,0,10,0.002868,ok,5.31,6.48,11.95
size_only,1600,dynamic,cli,runtime:size_only_n1600:dynamic:cli@2026-10-08T01:05:16,2026-10-08T01:05:17,0,11,0.002856,ok,5.31,6.48,11.95
size_only,1600,dynamic,cli,runtime:size_only_n1600:dynamic:cli@2026-10-08T01:05:16,2026-10-08T01:05:17,0,12,0.002955,ok,5.31,6.48,11.95
size_only,1600,dynamic,cli,runtime:size_only_n1600:dynamic:cli@2026-10-08T01:05:16,2026-10-08T01:05:17,0,13,0.003105,ok,5.31,6.48,11.95
size_only,1600,dynamic,cli,runtime:size_only_n1600:dynamic:cli@2026-10-08T01:05:16,2026-10-08T01:05:17,0,14,0.003063,ok,5.31,6.48,11.95
size_only,1600,dynamic,cli,runtime:size_only_n1600:dynamic:cli@2026-10-08T01:05:16,2026-10-08T01:05:17,0,15,0.003128,ok,5.31,6.48,11.95
size_only,1600,dynamic,cli,runtime:size_only_n1600:dynamic:cli@2026-10-08T01:05:16,2026-10-08T01:05:17,0,16,0.002938,ok,5.31,6.48,11.95
size_only,1600,dynamic,cli,runtime:size_only_n1600:dynamic:cli@2026-10-08T01:05:16,2026-10-08T01:05:17,0,17,0.002932,ok,5.31,6.48,11.95
size_only,1600,dynamic,cli,runtime:size_only_n1600:dynamic:cli@2026-10-08T01:05:16,2026-10-08T01:05:17,0,18,0.003057,ok,5.31,6.48,11.95
size_only,1600,dynamic,cli,runtime:size_only_n1600:dynamic:cli@2026-10-08T01:05:16,2026-10-08T01:05:17,0,19,0.002990,ok,5.31,6.48,11.95
size_only,1600,dynamic,O,runtime:size_only_n1600:dynamic:O@2026-10-08T01:05:17,2026-10-08T01:05:17,1,0,0.257561,ok,5.31,6.48,11.95
size_only,1600,dynamic,O,runtime:size_only_n1600:dynamic:O@2026-10-08T01:05:17,2026-10-08T01:05:17,1,1,0.007465,ok,5.31,6.48,11.95
size_only,1600,dynamic,O,runtime:size_only_n1600:dynamic:O@2026-10-08T01:05:17,2026-10-08T01:05:17,0,0,0.003476,ok,5.31,6.48,11.95
size_only,1600,dynamic,O,runtime:size_only_n1600:dynamic:O@2026-10-08T01:05:17,2026-10-08T01:05:17,0,1,0.003151,ok,5.31,6.48,11.95
size_only,1600,dynamic,O,runtime:size_only_n1600:dynamic:O@2026-10-08T01:05:17,2026-10-08T01:05:17,0,2,0.002717,ok,5.31,6.48,11.95
size_only,1600,dynamic,O,runtime:size_only_n1600:dynamic:O@2026-10-08T01:05:17,2026-10-08T01:05:17,0,3,0.002837,ok,5.31,6.48,11.95
size_only,1600,dynamic,O,runtime:size_only_n1600:dynamic:O@2026-10-08T01:05:17,2026-10-08T01:05:17,0,4,0.002787,ok,5.31,6.48,11.95
size_only,1600,dynamic,O,runtime:size_only_n1600:dynamic:O@2026-10-08T01:05:17,2026-10-08T01:05:17,0,5,0.002705,ok,5.31,6.48,11.95
size_only,1600,dynamic,O,runtime:size_only_n1600:dynamic:O@2026-10-08T01:05:17,2026-10-08T01:05:17,0,6,0.002828,ok,5.31,6.48,11.95
size_only,1600,dynamic,O,runtime:size_only_n1600:dynamic:O@2026-10-08T01:05:17,2026-10-08T01:05:17,0,7,0.003524,ok,5.31,6.48,11.95
size_only,1600,dynamic,O,runtime:size_only_n1600:dynamic:O@2026-10-08T01:05:17,2026-10-08T01:05:17,0,8,0.003473,ok,5.31,6.48,11.95
size_only,1600,dynamic,O,runtime:size_only_n1600:dynamic:O@2026-10-08T01:05:17,2026-10-08T01:05:17,0,9,0.003962,ok,5.31,6.48,11.95
size_only,1600,dynamic,O,runtime:size_only_n1600:dynamic:O@2026-10-08T01:05:17,2026-10-08T01:05:17,0,10,0.003663,ok,5.31,6.48,11.95
size_only,1600,dynamic,O,runtime:size_only_n1600:dynamic:O@2026-10-08T01:05:17,2026-10-08T01:05:17,0,11,0.003586,ok,5.31,6.48,11.95
size_only,1600,dynamic,O,runtime:size_only_n1600:dynamic:O@2026-10-08T01:05:17,2026-10-08T01:05:17,0,12,0.003991,ok,5.31,6.48,11.95
size_only,1600,dynamic,O,runtime:size_only_n1600:dynamic:O@2026-10-08T01:05:17,2026-10-08T01:05:17,0,13,0.003787,ok,5.31,6.48,11.95
size_only,1600,dynamic,O,runtime:size_only_n1600:dynamic:O@2026-10-08T01:05:17,2026-10-08T01:05:17,0,14,0.003912,ok,5.31,6.48,11.95
size_only,1600,dynamic,O,runtime:size_only_n1600:dynamic:O@2026-10-08T01:05:17,2026-10-08T01:05:17,0,15,0.003575,ok,5.31,6.48,11.95
size_only,1600,dynamic,O,runtime:size_only_n1600:dynamic:O@2026-10-08T01:05:17,2026-10-08T01:05:17,0,16,0.003276,ok,5.31,6.48,11.95
size_only,1600,dynamic,O,runtime:size_only_n1600:dynamic:O@2026-10-08T01:05:17,2026-10-08T01:05:17,0,17,0.003340,ok,5.31,6.48,11.95
size_only,1600,dynamic,O,runtime:size_only_n1600:dynamic:O@2026-10-08T01:05:17,2026-10-08T01:05:17,0,18,0.003679,ok,5.31,6.48,11.95
size_only,1600,dynamic,O,runtime:size_only_n1600:dynamic:O@2026-10-08T01:05:17,2026-10-08T01:05:17,0,19,0.003394,ok,5.31,6.48,11.95
size_only,32000,typed,cli,runtime:size_only_n32000:typed:cli@2026-10-08T01:05:25,2026-10-08T01:05:25,1,0,0.262217,ok,5.03,6.38,11.85
size_only,32000,typed,cli,runtime:size_only_n32000:typed:cli@2026-10-08T01:05:25,2026-10-08T01:05:25,1,1,0.010221,ok,5.03,6.38,11.85
size_only,32000,typed,cli,runtime:size_only_n32000:typed:cli@2026-10-08T01:05:25,2026-10-08T01:05:25,0,0,0.009914,ok,5.03,6.38,11.85
size_only,32000,typed,cli,runtime:size_only_n32000:typed:cli@2026-10-08T01:05:25,2026-10-08T01:05:25,0,1,0.010334,ok,5.03,6.38,11.85
size_only,32000,typed,cli,runtime:size_only_n32000:typed:cli@2026-10-08T01:05:25,2026-10-08T01:05:25,0,2,0.011994,ok,5.03,6.38,11.85
size_only,32000,typed,cli,runtime:size_only_n32000:typed:cli@2026-10-08T01:05:25,2026-10-08T01:05:25,0,3,0.011632,ok,5.03,6.38,11.85
size_only,32000,typed,cli,runtime:size_only_n32000:typed:cli@2026-10-08T01:05:25,2026-10-08T01:05:25,0,4,0.010890,ok,5.03,6.38,11.85
size_only,32000,typed,cli,runtime:size_only_n32000:typed:cli@2026-10-08T01:05:25,2026-10-08T01:05:25,0,5,0.010340,ok,5.03,6.38,11.85
size_only,32000,typed,cli,runtime:size_only_n32000:typed:cli@2026-10-08T01:05:25,2026-10-08T01:05:25,0,6,0.009862,ok,5.03,6.38,11.85
size_only,32000,typed,cli,runtime:size_only_n32000:typed:cli@2026-10-08T01:05:25,2026-10-08T01:05:25,0,7,0.009480,ok,5.03,6.38,11.85
size_only,32000,typed,cli,runtime:size_only_n32000:typed:cli@2026-10-08T01:05:25,2026-10-08T01:05:25,0,8,0.009248,ok,5.03,6.38,11.85
size_only,32000,typed,cli,runtime:size_only_n32000:typed:cli@2026-10-08T01:05:25,2026-10-08T01:05:25,0,9,0.009147,ok,5.03,6.38,11.85
size_only,32000,typed,cli,runtime:size_only_n32000:typed:cli@2026-10-08T01:05:25,2026-10-08T01:05:25,0,10,0.009083,ok,5.03,6.38,11.85
size_only,32000,typed,cli,runtime:size_only_n32000:typed:cli@2026-10-08T01:05:25,2026-10-08T01:05:25,0,11,0.009168,ok,5.03,6.38,11.85
size_only,32000,typed,cli,runtime:size_only_n32000:typed:cli@2026-10-08T01:05:25,2026-10-08T01:05:25,0,12,0.009029,ok,5.03,6.38,11.85
size_only,32000,typed,cli,runtime:size_only_n32000:typed:cli@2026-10-08T01:05:25,2026-10-08T01:05:25,0,13,0.009157,ok,5.03,6.38,11.85
size_only,32000,typed,cli,runtime:size_only_n32000:typed:cli@2026-10-08T01:05:25,2026-10-08T01:05:26,0,14,0.009117,ok,5.03,6.38,11.85
size_only,32000,typed,cli,runtime:size_only_n32000:typed:cli@2026-10-08T01:05:25,2026-10-08T01:05:26,0,15,0.009357,ok,5.03,6.38,11.85
size_only,32000,typed,cli,runtime:size_only_n32000:typed:cli@2026-10-08T01:05:25,2026-10-08T01:05:26,0,16,0.009109,ok,5.03,6.38,11.85
size_only,32000,typed,cli,runtime:size_only_n32000:typed:cli@2026-10-08T01:05:25,2026-10-08T01:05:26,0,17,0.009094,ok,5.03,6.38,11.85
size_only,32000,typed,cli,runtime:size_only_n32000:typed:cli@2026-10-08T01:05:25,2026-10-08T01:05:26,0,18,0.009162,ok,5.03,6.38,11.85
size_only,32000,typed,cli,runtime:size_only_n32000:typed:cli@2026-10-08T01:05:25,2026-10-08T01:05:26,0,19,0.009397,ok,5.03,6.38,11.85
size_only,32000,typed,O,runtime:size_only_n32000:typed:O@2026-10-08T01:05:26,2026-10-08T01:05:26,1,0,0.272287,ok,5.03,6.38,11.85
size_only,32000,typed,O,runtime:size_only_n32000:typed:O@2026-10-08T01:05:26,2026-10-08T01:05:26,1,1,0.004613,ok,5.03,6.38,11.85
size_only,32000,typed,O,runtime:size_only_n32000:typed:O@2026-10-08T01:05:26,2026-10-08T01:05:26,0,0,0.006597,ok,5.03,6.38,11.85
size_only,32000,typed,O,runtime:size_only_n32000:typed:O@2026-10-08T01:05:26,2026-10-08T01:05:26,0,1,0.004364,ok,5.03,6.38,11.85
size_only,32000,typed,O,runtime:size_only_n32000:typed:O@2026-10-08T01:05:26,2026-10-08T01:05:26,0,2,0.003973,ok,5.03,6.38,11.85
size_only,32000,typed,O,runtime:size_only_n32000:typed:O@2026-10-08T01:05:26,2026-10-08T01:05:26,0,3,0.004276,ok,5.03,6.38,11.85
size_only,32000,typed,O,runtime:size_only_n32000:typed:O@2026-10-08T01:05:26,2026-10-08T01:05:26,0,4,0.004321,ok,5.03,6.38,11.85
size_only,32000,typed,O,runtime:size_only_n32000:typed:O@2026-10-08T01:05:26,2026-10-08T01:05:26,0,5,0.004252,ok,5.03,6.38,11.85
size_only,32000,typed,O,runtime:size_only_n32000:typed:O@2026-10-08T01:05:26,2026-10-08T01:05:26,0,6,0.004526,ok,5.03,6.38,11.85
size_only,32000,typed,O,runtime:size_only_n32000:typed:O@2026-10-08T01:05:26,2026-10-08T01:05:26,0,7,0.004708,ok,5.03,6.38,11.85
size_only,32000,typed,O,runtime:size_only_n32000:typed:O@2026-10-08T01:05:26,2026-10-08T01:05:26,0,8,0.004472,ok,5.03,6.38,11.85
size_only,32000,typed,O,runtime:size_only_n32000:typed:O@2026-10-08T01:05:26,2026-10-08T01:05:26,0,9,0.004510,ok,5.03,6.38,11.85
size_only,32000,typed,O,runtime:size_only_n32000:typed:O@2026-10-08T01:05:26,2026-10-08T01:05:26,0,10,0.004586,ok,5.03,6.38,11.85
size_only,32000,typed,O,runtime:size_only_n32000:typed:O@2026-10-08T01:05:26,2026-10-08T01:05:26,0,11,0.004278,ok,5.03,6.38,11.85
size_only,32000,typed,O,runtime:size_only_n32000:typed:O@2026-10-08T01:05:26,2026-10-08T01:05:26,0,12,0.004081,ok,5.03,6.38,11.85
size_only,32000,typed,O,runtime:size_only_n32000:typed:O@2026-10-08T01:05:26,2026-10-08T01:05:26,0,13,0.004129,ok,5.03,6.38,11.85
size_only,32000,typed,O,runtime:size_only_n32000:typed:O@2026-10-08T01:05:26,2026-10-08T01:05:26,0,14,0.004043,ok,5.03,6.38,11.85
size_only,32000,typed,O,runtime:size_only_n32000:typed:O@2026-10-08T01:05:26,2026-10-08T01:05:26,0,15,0.003990,ok,5.03,6.38,11.85
size_only,32000,typed,O,runtime:size_only_n32000:typed:O@2026-10-08T01:05:26,2026-10-08T01:05:26,0,16,0.004020,ok,5.03,6.38,11.85
size_only,32000,typed,O,runtime:size_only_n32000:typed:O@2026-10-08T01:05:26,2026-10-08T01:05:26,0,17,0.003976,ok,5.03,6.38,11.85
size_only,32000,typed,O,runtime:size_only_n32000:typed:O@2026-10-08T01:05:26,2026-10-08T01:05:26,0,18,0.003906,ok,5.03,6.38,11.85
size_only,32000,typed,O,runtime:size_only_n32000:typed:O@2026-10-08T01:05:26,2026-10-08T01:05:26,0,19,0.003788,ok,5.03,6.38,11.85
size_only,32000,dynamic,cli,runtime:size_only_n32000:dynamic:cli@2026-10-08T01:05:26,2026-10-08T01:05:26,1,0,0.258664,ok,5.03,6.38,11.85
size_only,32000,dynamic,cli,runtime:size_only_n32000:dynamic:cli@2026-10-08T01:05:26,2026-10-08T01:05:26,1,1,0.004052,ok,5.03,6.38,11.85
size_only,32000,dynamic,cli,runtime:size_only_n32000:dynamic:cli@2026-10-08T01:05:26,2026-10-08T01:05:26,0,0,0.003291,ok,5.03,6.38,11.85
size_only,32000,dynamic,cli,runtime:size_only_n32000:dynamic:cli@2026-10-08T01:05:26,2026-10-08T01:05:26,0,1,0.003131,ok,5.03,6.38,11.85
size_only,32000,dynamic,cli,runtime:size_only_n32000:dynamic:cli@2026-10-08T01:05:26,2026-10-08T01:05:26,0,2,0.003027,ok,5.03,6.38,11.85
size_only,32000,dynamic,cli,runtime:size_only_n32000:dynamic:cli@2026-10-08T01:05:26,2026-10-08T01:05:26,0,3,0.003161,ok,5.03,6.38,11.85
size_only,32000,dynamic,cli,runtime:size_only_n32000:dynamic:cli@2026-10-08T01:05:26,2026-10-08T01:05:26,0,4,0.003192,ok,5.03,6.38,11.85
size_only,32000,dynamic,cli,runtime:size_only_n32000:dynamic:cli@2026-10-08T01:05:26,2026-10-08T01:05:26,0,5,0.003311,ok,5.03,6.38,11.85
size_only,32000,dynamic,cli,runtime:size_only_n32000:dynamic:cli@2026-10-08T01:05:26,2026-10-08T01:05:26,0,6,0.003465,ok,5.03,6.38,11.85
size_only,32000,dynamic,cli,runtime:size_only_n32000:dynamic:cli@2026-10-08T01:05:26,2026-10-08T01:05:26,0,7,0.003400,ok,5.03,6.38,11.85
size_only,32000,dynamic,cli,runtime:size_only_n32000:dynamic:cli@2026-10-08T01:05:26,2026-10-08T01:05:26,0,8,0.005301,ok,5.03,6.38,11.85
size_only,32000,dynamic,cli,runtime:size_only_n32000:dynamic:cli@2026-10-08T01:05:26,2026-10-08T01:05:26,0,9,0.004702,ok,5.03,6.38,11.85
size_only,32000,dynamic,cli,runtime:size_only_n32000:dynamic:cli@2026-10-08T01:05:26,2026-10-08T01:05:26,0,10,0.004835,ok,5.03,6.38,11.85
size_only,32000,dynamic,cli,runtime:size_only_n32000:dynamic:cli@2026-10-08T01:05:26,2026-10-08T01:05:26,0,11,0.004711,ok,5.03,6.38,11.85
size_only,32000,dynamic,cli,runtime:size_only_n32000:dynamic:cli@2026-10-08T01:05:26,2026-10-08T01:05:26,0,12,0.004942,ok,5.03,6.38,11.85
size_only,32000,dynamic,cli,runtime:size_only_n32000:dynamic:cli@2026-10-08T01:05:26,2026-10-08T01:05:26,0,13,0.004521,ok,5.03,6.38,11.85
size_only,32000,dynamic,cli,runtime:size_only_n32000:dynamic:cli@2026-10-08T01:05:26,2026-10-08T01:05:26,0,14,0.004107,ok,5.03,6.38,11.85
size_only,32000,dynamic,cli,runtime:size_only_n32000:dynamic:cli@2026-10-08T01:05:26,2026-10-08T01:05:26,0,15,0.003925,ok,5.03,6.38,11.85
size_only,32000,dynamic,cli,runtime:size_only_n32000:dynamic:cli@2026-10-08T01:05:26,2026-10-08T01:05:26,0,16,0.003925,ok,5.03,6.38,11.85
size_only,32000,dynamic,cli,runtime:size_only_n32000:dynamic:cli@2026-10-08T01:05:26,2026-10-08T01:05:26,0,17,0.003905,ok,5.03,6.38,11.85
size_only,32000,dynamic,cli,runtime:size_only_n32000:dynamic:cli@2026-10-08T01:05:26,2026-10-08T01:05:26,0,18,0.003830,ok,5.03,6.38,11.85
size_only,32000,dynamic,cli,runtime:size_only_n32000:dynamic:cli@2026-10-08T01:05:26,2026-10-08T01:05:26,0,19,0.003666,ok,5.03,6.38,11.85
size_only,32000,dynamic,O,runtime:size_only_n32000:dynamic:O@2026-10-08T01:05:27,2026-10-08T01:05:27,1,0,0.266330,ok,5.03,6.38,11.85
size_only,32000,dynamic,O,runtime:size_only_n32000:dynamic:O@2026-10-08T01:05:27,2026-10-08T01:05:27,1,1,0.005961,ok,5.03,6.38,11.85
size_only,32000,dynamic,O,runtime:size_only_n32000:dynamic:O@2026-10-08T01:05:27,2026-10-08T01:05:27,0,0,0.004295,ok,5.03,6.38,11.85
size_only,32000,dynamic,O,runtime:size_only_n32000:dynamic:O@2026-10-08T01:05:27,2026-10-08T01:05:27,0,1,0.003468,ok,5.03,6.38,11.85
size_only,32000,dynamic,O,runtime:size_only_n32000:dynamic:O@2026-10-08T01:05:27,2026-10-08T01:05:27,0,2,0.004195,ok,5.03,6.38,11.85
size_only,32000,dynamic,O,runtime:size_only_n32000:dynamic:O@2026-10-08T01:05:27,2026-10-08T01:05:27,0,3,0.003685,ok,5.03,6.38,11.85
size_only,32000,dynamic,O,runtime:size_only_n32000:dynamic:O@2026-10-08T01:05:27,2026-10-08T01:05:27,0,4,0.003349,ok,5.03,6.38,11.85
size_only,32000,dynamic,O,runtime:size_only_n32000:dynamic:O@2026-10-08T01:05:27,2026-10-08T01:05:27,0,5,0.003411,ok,5.03,6.38,11.85
size_only,32000,dynamic,O,runtime:size_only_n32000:dynamic:O@2026-10-08T01:05:27,2026-10-08T01:05:27,0,6,0.003502,ok,5.03,6.38,11.85
size_only,32000,dynamic,O,runtime:size_only_n32000:dynamic:O@2026-10-08T01:05:27,2026-10-08T01:05:27,0,7,0.003493,ok,5.03,6.38,11.85
size_only,32000,dynamic,O,runtime:size_only_n32000:dynamic:O@2026-10-08T01:05:27,2026-10-08T01:05:27,0,8,0.003610,ok,5.03,6.38,11.85
size_only,32000,dynamic,O,runtime:size_only_n32000:dynamic:O@2026-10-08T01:05:27,2026-10-08T01:05:27,0,9,0.003568,ok,5.03,6.38,11.85
size_only,32000,dynamic,O,runtime:size_only_n32000:dynamic:O@2026-10-08T01:05:27,2026-10-08T01:05:27,0,10,0.003834,ok,5.03,6.38,11.85
size_only,32000,dynamic,O,runtime:size_only_n32000:dynamic:O@2026-10-08T01:05:27,2026-10-08T01:05:27,0,11,0.003643,ok,5.03,6.38,11.85
size_only,32000,dynamic,O,runtime:size_only_n32000:dynamic:O@2026-10-08T01:05:27,2026-10-08T01:05:27,0,12,0.003672,ok,5.03,6.38,11.85
size_only,32000,dynamic,O,runtime:size_only_n32000:dynamic:O@2026-10-08T01:05:27,2026-10-08T01:05:27,0,13,0.003830,ok,5.03,6.38,11.85
size_only,32000,dynamic,O,runtime:size_only_n32000:dynamic:O@2026-10-08T01:05:27,2026-10-08T01:05:27,0,14,0.003919,ok,5.03,6.38,11.85
size_only,32000,dynamic,O,runtime:size_only_n32000:dynamic:O@2026-10-08T01:05:27,2026-10-08T01:05:27,0,15,0.004061,ok,5.03,6.38,11.85
size_only,32000,dynamic,O,runtime:size_only_n32000:dynamic:O@2026-10-08T01:05:27,2026-10-08T01:05:27,0,16,0.003741,ok,5.03,6.38,11.85
size_only,32000,dynamic,O,runtime:size_only_n32000:dynamic:O@2026-10-08T01:05:27,2026-10-08T01:05:27,0,17,0.003690,ok,5.03,6.38,11.85
size_only,32000,dynamic,O,runtime:size_only_n32000:dynamic:O@2026-10-08T01:05:27,2026-10-08T01:05:27,0,18,0.003331,ok,5.03,6.38,11.85
size_only,32000,dynamic,O,runtime:size_only_n32000:dynamic:O@2026-10-08T01:05:27,2026-10-08T01:05:27,0,19,0.003417,ok,5.03,6.38,11.85
size_only,256000,typed,cli,runtime:size_only_n256000:typed:cli@2026-10-08T01:05:36,2026-10-08T01:05:36,1,0,0.302359,ok,4.87,6.30,11.76
size_only,256000,typed,cli,runtime:size_only_n256000:typed:cli@2026-10-08T01:05:36,2026-10-08T01:05:36,1,1,0.051874,ok,4.87,6.30,11.76
size_only,256000,typed,cli,runtime:size_only_n256000:typed:cli@2026-10-08T01:05:36,2026-10-08T01:05:36,0,0,0.049701,ok,4.87,6.30,11.76
size_only,256000,typed,cli,runtime:size_only_n256000:typed:cli@2026-10-08T01:05:36,2026-10-08T01:05:36,0,1,0.048838,ok,4.87,6.30,11.76
size_only,256000,typed,cli,runtime:size_only_n256000:typed:cli@2026-10-08T01:05:36,2026-10-08T01:05:36,0,2,0.049437,ok,4.87,6.30,11.76
size_only,256000,typed,cli,runtime:size_only_n256000:typed:cli@2026-10-08T01:05:36,2026-10-08T01:05:36,0,3,0.049747,ok,4.87,6.30,11.76
size_only,256000,typed,cli,runtime:size_only_n256000:typed:cli@2026-10-08T01:05:36,2026-10-08T01:05:36,0,4,0.049432,ok,4.87,6.30,11.76
size_only,256000,typed,cli,runtime:size_only_n256000:typed:cli@2026-10-08T01:05:36,2026-10-08T01:05:36,0,5,0.050711,ok,4.87,6.30,11.76
size_only,256000,typed,cli,runtime:size_only_n256000:typed:cli@2026-10-08T01:05:36,2026-10-08T01:05:37,0,6,0.049433,ok,4.87,6.30,11.76
size_only,256000,typed,cli,runtime:size_only_n256000:typed:cli@2026-10-08T01:05:36,2026-10-08T01:05:37,0,7,0.051642,ok,4.87,6.30,11.76
size_only,256000,typed,cli,runtime:size_only_n256000:typed:cli@2026-10-08T01:05:36,2026-10-08T01:05:37,0,8,0.051216,ok,4.87,6.30,11.76
size_only,256000,typed,cli,runtime:size_only_n256000:typed:cli@2026-10-08T01:05:36,2026-10-08T01:05:37,0,9,0.051209,ok,4.87,6.30,11.76
size_only,256000,typed,cli,runtime:size_only_n256000:typed:cli@2026-10-08T01:05:36,2026-10-08T01:05:37,0,10,0.049971,ok,4.87,6.30,11.76
size_only,256000,typed,cli,runtime:size_only_n256000:typed:cli@2026-10-08T01:05:36,2026-10-08T01:05:37,0,11,0.049442,ok,4.87,6.30,11.76
size_only,256000,typed,cli,runtime:size_only_n256000:typed:cli@2026-10-08T01:05:36,2026-10-08T01:05:37,0,12,0.050137,ok,4.87,6.30,11.76
size_only,256000,typed,cli,runtime:size_only_n256000:typed:cli@2026-10-08T01:05:36,2026-10-08T01:05:37,0,13,0.049800,ok,4.87,6.30,11.76
size_only,256000,typed,cli,runtime:size_only_n256000:typed:cli@2026-10-08T01:05:36,2026-10-08T01:05:37,0,14,0.050043,ok,4.87,6.30,11.76
size_only,256000,typed,cli,runtime:size_only_n256000:typed:cli@2026-10-08T01:05:36,2026-10-08T01:05:37,0,15,0.050436,ok,4.87,6.30,11.76
size_only,256000,typed,cli,runtime:size_only_n256000:typed:cli@2026-10-08T01:05:36,2026-10-08T01:05:37,0,16,0.050389,ok,4.87,6.30,11.76
size_only,256000,typed,cli,runtime:size_only_n256000:typed:cli@2026-10-08T01:05:36,2026-10-08T01:05:37,0,17,0.049358,ok,4.87,6.30,11.76
size_only,256000,typed,cli,runtime:size_only_n256000:typed:cli@2026-10-08T01:05:36,2026-10-08T01:05:37,0,18,0.049211,ok,4.87,6.30,11.76
size_only,256000,typed,cli,runtime:size_only_n256000:typed:cli@2026-10-08T01:05:36,2026-10-08T01:05:37,0,19,0.049773,ok,4.87,6.30,11.76
size_only,256000,typed,O,runtime:size_only_n256000:typed:O@2026-10-08T01:05:37,2026-10-08T01:05:38,1,0,0.268994,ok,4.72,6.25,11.71
size_only,256000,typed,O,runtime:size_only_n256000:typed:O@2026-10-08T01:05:37,2026-10-08T01:05:38,1,1,0.012576,ok,4.72,6.25,11.71
size_only,256000,typed,O,runtime:size_only_n256000:typed:O@2026-10-08T01:05:37,2026-10-08T01:05:38,0,0,0.012876,ok,4.72,6.25,11.71
size_only,256000,typed,O,runtime:size_only_n256000:typed:O@2026-10-08T01:05:37,2026-10-08T01:05:38,0,1,0.013937,ok,4.72,6.25,11.71
size_only,256000,typed,O,runtime:size_only_n256000:typed:O@2026-10-08T01:05:37,2026-10-08T01:05:38,0,2,0.014208,ok,4.72,6.25,11.71
size_only,256000,typed,O,runtime:size_only_n256000:typed:O@2026-10-08T01:05:37,2026-10-08T01:05:38,0,3,0.013270,ok,4.72,6.25,11.71
size_only,256000,typed,O,runtime:size_only_n256000:typed:O@2026-10-08T01:05:37,2026-10-08T01:05:38,0,4,0.012588,ok,4.72,6.25,11.71
size_only,256000,typed,O,runtime:size_only_n256000:typed:O@2026-10-08T01:05:37,2026-10-08T01:05:38,0,5,0.012102,ok,4.72,6.25,11.71
size_only,256000,typed,O,runtime:size_only_n256000:typed:O@2026-10-08T01:05:37,2026-10-08T01:05:38,0,6,0.011411,ok,4.72,6.25,11.71
size_only,256000,typed,O,runtime:size_only_n256000:typed:O@2026-10-08T01:05:37,2026-10-08T01:05:38,0,7,0.011062,ok,4.72,6.25,11.71
size_only,256000,typed,O,runtime:size_only_n256000:typed:O@2026-10-08T01:05:37,2026-10-08T01:05:38,0,8,0.011303,ok,4.72,6.25,11.71
size_only,256000,typed,O,runtime:size_only_n256000:typed:O@2026-10-08T01:05:37,2026-10-08T01:05:38,0,9,0.011017,ok,4.72,6.25,11.71
size_only,256000,typed,O,runtime:size_only_n256000:typed:O@2026-10-08T01:05:37,2026-10-08T01:05:38,0,10,0.011145,ok,4.72,6.25,11.71
size_only,256000,typed,O,runtime:size_only_n256000:typed:O@2026-10-08T01:05:37,2026-10-08T01:05:38,0,11,0.011258,ok,4.72,6.25,11.71
size_only,256000,typed,O,runtime:size_only_n256000:typed:O@2026-10-08T01:05:37,2026-10-08T01:05:38,0,12,0.011220,ok,4.72,6.25,11.71
size_only,256000,typed,O,runtime:size_only_n256000:typed:O@2026-10-08T01:05:37,2026-10-08T01:05:38,0,13,0.011327,ok,4.72,6.25,11.71
size_only,256000,typed,O,runtime:size_only_n256000:typed:O@2026-10-08T01:05:37,2026-10-08T01:05:38,0,14,0.011133,ok,4.72,6.25,11.71
size_only,256000,typed,O,runtime:size_only_n256000:typed:O@2026-10-08T01:05:37,2026-10-08T01:05:38,0,15,0.011149,ok,4.72,6.25,11.71
size_only,256000,typed,O,runtime:size_only_n256000:typed:O@2026-10-08T01:05:37,2026-10-08T01:05:38,0,16,0.011473,ok,4.72,6.25,11.71
size_only,256000,typed,O,runtime:size_only_n256000:typed:O@2026-10-08T01:05:37,2026-10-08T01:05:38,0,17,0.011262,ok,4.72,6.25,11.71
size_only,256000,typed,O,runtime:size_only_n256000:typed:O@2026-10-08T01:05:37,2026-10-08T01:05:38,0,18,0.011515,ok,4.72,6.25,11.71
size_only,256000,typed,O,runtime:size_only_n256000:typed:O@2026-10-08T01:05:37,2026-10-08T01:05:38,0,19,0.011707,ok,4.72,6.25,11.71
size_only,256000,dynamic,cli,runtime:size_only_n256000:dynamic:cli@2026-10-08T01:05:38,2026-10-08T01:05:38,1,0,0.267985,ok,4.72,6.25,11.71
size_only,256000,dynamic,cli,runtime:size_only_n256000:dynamic:cli@2026-10-08T01:05:38,2026-10-08T01:05:38,1,1,0.005448,ok,4.72,6.25,11.71
size_only,256000,dynamic,cli,runtime:size_only_n256000:dynamic:cli@2026-10-08T01:05:38,2026-10-08T01:05:38,0,0,0.003797,ok,4.72,6.25,11.71
size_only,256000,dynamic,cli,runtime:size_only_n256000:dynamic:cli@2026-10-08T01:05:38,2026-10-08T01:05:38,0,1,0.004202,ok,4.72,6.25,11.71
size_only,256000,dynamic,cli,runtime:size_only_n256000:dynamic:cli@2026-10-08T01:05:38,2026-10-08T01:05:38,0,2,0.003963,ok,4.72,6.25,11.71
size_only,256000,dynamic,cli,runtime:size_only_n256000:dynamic:cli@2026-10-08T01:05:38,2026-10-08T01:05:38,0,3,0.004021,ok,4.72,6.25,11.71
size_only,256000,dynamic,cli,runtime:size_only_n256000:dynamic:cli@2026-10-08T01:05:38,2026-10-08T01:05:38,0,4,0.004264,ok,4.72,6.25,11.71
size_only,256000,dynamic,cli,runtime:size_only_n256000:dynamic:cli@2026-10-08T01:05:38,2026-10-08T01:05:38,0,5,0.004278,ok,4.72,6.25,11.71
size_only,256000,dynamic,cli,runtime:size_only_n256000:dynamic:cli@2026-10-08T01:05:38,2026-10-08T01:05:38,0,6,0.004542,ok,4.72,6.25,11.71
size_only,256000,dynamic,cli,runtime:size_only_n256000:dynamic:cli@2026-10-08T01:05:38,2026-10-08T01:05:38,0,7,0.003866,ok,4.72,6.25,11.71
size_only,256000,dynamic,cli,runtime:size_only_n256000:dynamic:cli@2026-10-08T01:05:38,2026-10-08T01:05:38,0,8,0.003542,ok,4.72,6.25,11.71
size_only,256000,dynamic,cli,runtime:size_only_n256000:dynamic:cli@2026-10-08T01:05:38,2026-10-08T01:05:38,0,9,0.003911,ok,4.72,6.25,11.71
size_only,256000,dynamic,cli,runtime:size_only_n256000:dynamic:cli@2026-10-08T01:05:38,2026-10-08T01:05:38,0,10,0.004725,ok,4.72,6.25,11.71
size_only,256000,dynamic,cli,runtime:size_only_n256000:dynamic:cli@2026-10-08T01:05:38,2026-10-08T01:05:38,0,11,0.004397,ok,4.72,6.25,11.71
size_only,256000,dynamic,cli,runtime:size_only_n256000:dynamic:cli@2026-10-08T01:05:38,2026-10-08T01:05:38,0,12,0.004087,ok,4.72,6.25,11.71
size_only,256000,dynamic,cli,runtime:size_only_n256000:dynamic:cli@2026-10-08T01:05:38,2026-10-08T01:05:38,0,13,0.004062,ok,4.72,6.25,11.71
size_only,256000,dynamic,cli,runtime:size_only_n256000:dynamic:cli@2026-10-08T01:05:38,2026-10-08T01:05:38,0,14,0.003754,ok,4.72,6.25,11.71
size_only,256000,dynamic,cli,runtime:size_only_n256000:dynamic:cli@2026-10-08T01:05:38,2026-10-08T01:05:38,0,15,0.003815,ok,4.72,6.25,11.71
size_only,256000,dynamic,cli,runtime:size_only_n256000:dynamic:cli@2026-10-08T01:05:38,2026-10-08T01:05:38,0,16,0.003758,ok,4.72,6.25,11.71
size_only,256000,dynamic,cli,runtime:size_only_n256000:dynamic:cli@2026-10-08T01:05:38,2026-10-08T01:05:38,0,17,0.003842,ok,4.72,6.25,11.71
size_only,256000,dynamic,cli,runtime:size_only_n256000:dynamic:cli@2026-10-08T01:05:38,2026-10-08T01:05:38,0,18,0.003581,ok,4.72,6.25,11.71
size_only,256000,dynamic,cli,runtime:size_only_n256000:dynamic:cli@2026-10-08T01:05:38,2026-10-08T01:05:38,0,19,0.003628,ok,4.72,6.25,11.71
size_only,256000,dynamic,O,runtime:size_only_n256000:dynamic:O@2026-10-08T01:05:38,2026-10-08T01:05:39,1,0,0.265307,ok,4.72,6.25,11.71
size_only,256000,dynamic,O,runtime:size_only_n256000:dynamic:O@2026-10-08T01:05:38,2026-10-08T01:05:39,1,1,0.003288,ok,4.72,6.25,11.71
size_only,256000,dynamic,O,runtime:size_only_n256000:dynamic:O@2026-10-08T01:05:38,2026-10-08T01:05:39,0,0,0.003797,ok,4.72,6.25,11.71
size_only,256000,dynamic,O,runtime:size_only_n256000:dynamic:O@2026-10-08T01:05:38,2026-10-08T01:05:39,0,1,0.004118,ok,4.72,6.25,11.71
size_only,256000,dynamic,O,runtime:size_only_n256000:dynamic:O@2026-10-08T01:05:38,2026-10-08T01:05:39,0,2,0.003314,ok,4.72,6.25,11.71
size_only,256000,dynamic,O,runtime:size_only_n256000:dynamic:O@2026-10-08T01:05:38,2026-10-08T01:05:39,0,3,0.003585,ok,4.72,6.25,11.71
size_only,256000,dynamic,O,runtime:size_only_n256000:dynamic:O@2026-10-08T01:05:38,2026-10-08T01:05:39,0,4,0.003314,ok,4.72,6.25,11.71
size_only,256000,dynamic,O,runtime:size_only_n256000:dynamic:O@2026-10-08T01:05:38,2026-10-08T01:05:39,0,5,0.002788,ok,4.72,6.25,11.71
size_only,256000,dynamic,O,runtime:size_only_n256000:dynamic:O@2026-10-08T01:05:38,2026-10-08T01:05:39,0,6,0.003586,ok,4.72,6.25,11.71
size_only,256000,dynamic,O,runtime:size_only_n256000:dynamic:O@2026-10-08T01:05:38,2026-10-08T01:05:39,0,7,0.003265,ok,4.72,6.25,11.71
size_only,256000,dynamic,O,runtime:size_only_n256000:dynamic:O@2026-10-08T01:05:38,2026-10-08T01:05:39,0,8,0.003074,ok,4.72,6.25,11.71
size_only,256000,dynamic,O,runtime:size_only_n256000:dynamic:O@2026-10-08T01:05:38,2026-10-08T01:05:39,0,9,0.003593,ok,4.72,6.25,11.71
size_only,256000,dynamic,O,runtime:size_only_n256000:dynamic:O@2026-10-08T01:05:38,2026-10-08T01:05:39,0,10,0.003848,ok,4.72,6.25,11.71
size_only,256000,dynamic,O,runtime:size_only_n256000:dynamic:O@2026-10-08T01:05:38,2026-10-08T01:05:39,0,11,0.003343,ok,4.72,6.25,11.71
size_only,256000,dynamic,O,runtime:size_only_n256000:dynamic:O@2026-10-08T01:05:38,2026-10-08T01:05:39,0,12,0.003510,ok,4.72,6.25,11.71
size_only,256000,dynamic,O,runtime:size_only_n256000:dynamic:O@2026-10-08T01:05:38,2026-10-08T01:05:39,0,13,0.003441,ok,4.72,6.25,11.71
size_only,256000,dynamic,O,runtime:size_only_n256000:dynamic:O@2026-10-08T01:05:38,2026-10-08T01:05:39,0,14,0.003433,ok,4.72,6.25,11.71
size_only,256000,dynamic,O,runtime:size_only_n256000:dynamic:O@2026-10-08T01:05:38,2026-10-08T01:05:39,0,15,0.003598,ok,4.72,6.25,11.71
size_only,256000,dynamic,O,runtime:size_only_n256000:dynamic:O@2026-10-08T01:05:38,2026-10-08T01:05:39,0,16,0.003535,ok,4.72,6.25,11.71
size_only,256000,dynamic,O,runtime:size_only_n256000:dynamic:O@2026-10-08T01:05:38,2026-10-08T01:05:39,0,17,0.003299,ok,4.72,6.25,11.71
size_only,256000,dynamic,O,runtime:size_only_n256000:dynamic:O@2026-10-08T01:05:38,2026-10-08T01:05:39,0,18,0.003397,ok,4.72,6.25,11.71
size_only,256000,dynamic,O,runtime:size_only_n256000:dynamic:O@2026-10-08T01:05:38,2026-10-08T01:05:39,0,19,0.003326,ok,4.72,6.25,11.71
vec_build_sum,1000,typed,cli,runtime:vec_build_sum_n1000:typed:cli@2026-10-08T01:05:48,2026-10-08T01:05:48,1,0,0.268831,ok,5.67,6.40,11.70
vec_build_sum,1000,typed,cli,runtime:vec_build_sum_n1000:typed:cli@2026-10-08T01:05:48,2026-10-08T01:05:48,1,1,0.007237,ok,5.67,6.40,11.70
vec_build_sum,1000,typed,cli,runtime:vec_build_sum_n1000:typed:cli@2026-10-08T01:05:48,2026-10-08T01:05:48,0,0,0.006912,ok,5.67,6.40,11.70
vec_build_sum,1000,typed,cli,runtime:vec_build_sum_n1000:typed:cli@2026-10-08T01:05:48,2026-10-08T01:05:48,0,1,0.007203,ok,5.67,6.40,11.70
vec_build_sum,1000,typed,cli,runtime:vec_build_sum_n1000:typed:cli@2026-10-08T01:05:48,2026-10-08T01:05:48,0,2,0.007285,ok,5.67,6.40,11.70
vec_build_sum,1000,typed,cli,runtime:vec_build_sum_n1000:typed:cli@2026-10-08T01:05:48,2026-10-08T01:05:48,0,3,0.008335,ok,5.67,6.40,11.70
vec_build_sum,1000,typed,cli,runtime:vec_build_sum_n1000:typed:cli@2026-10-08T01:05:48,2026-10-08T01:05:48,0,4,0.008019,ok,5.67,6.40,11.70
vec_build_sum,1000,typed,cli,runtime:vec_build_sum_n1000:typed:cli@2026-10-08T01:05:48,2026-10-08T01:05:48,0,5,0.007654,ok,5.67,6.40,11.70
vec_build_sum,1000,typed,cli,runtime:vec_build_sum_n1000:typed:cli@2026-10-08T01:05:48,2026-10-08T01:05:48,0,6,0.007275,ok,5.67,6.40,11.70
vec_build_sum,1000,typed,cli,runtime:vec_build_sum_n1000:typed:cli@2026-10-08T01:05:48,2026-10-08T01:05:48,0,7,0.007056,ok,5.67,6.40,11.70
vec_build_sum,1000,typed,cli,runtime:vec_build_sum_n1000:typed:cli@2026-10-08T01:05:48,2026-10-08T01:05:48,0,8,0.006843,ok,5.67,6.40,11.70
vec_build_sum,1000,typed,cli,runtime:vec_build_sum_n1000:typed:cli@2026-10-08T01:05:48,2026-10-08T01:05:48,0,9,0.006810,ok,5.67,6.40,11.70
vec_build_sum,1000,typed,cli,runtime:vec_build_sum_n1000:typed:cli@2026-10-08T01:05:48,2026-10-08T01:05:48,0,10,0.006532,ok,5.67,6.40,11.70
vec_build_sum,1000,typed,cli,runtime:vec_build_sum_n1000:typed:cli@2026-10-08T01:05:48,2026-10-08T01:05:48,0,11,0.006450,ok,5.67,6.40,11.70
vec_build_sum,1000,typed,cli,runtime:vec_build_sum_n1000:typed:cli@2026-10-08T01:05:48,2026-10-08T01:05:48,0,12,0.006304,ok,5.67,6.40,11.70
vec_build_sum,1000,typed,cli,runtime:vec_build_sum_n1000:typed:cli@2026-10-08T01:05:48,2026-10-08T01:05:48,0,13,0.006264,ok,5.67,6.40,11.70
vec_build_sum,1000,typed,cli,runtime:vec_build_sum_n1000:typed:cli@2026-10-08T01:05:48,2026-10-08T01:05:48,0,14,0.006097,ok,5.67,6.40,11.70
vec_build_sum,1000,typed,cli,runtime:vec_build_sum_n1000:typed:cli@2026-10-08T01:05:48,2026-10-08T01:05:48,0,15,0.006161,ok,5.67,6.40,11.70
vec_build_sum,1000,typed,cli,runtime:vec_build_sum_n1000:typed:cli@2026-10-08T01:05:48,2026-10-08T01:05:48,0,16,0.006305,ok,5.67,6.40,11.70
vec_build_sum,1000,typed,cli,runtime:vec_build_sum_n1000:typed:cli@2026-10-08T01:05:48,2026-10-08T01:05:48,0,17,0.006184,ok,5.67,6.40,11.70
vec_build_sum,1000,typed,cli,runtime:vec_build_sum_n1000:typed:cli@2026-10-08T01:05:48,2026-10-08T01:05:48,0,18,0.006288,ok,5.67,6.40,11.70
vec_build_sum,1000,typed,cli,runtime:vec_build_sum_n1000:typed:cli@2026-10-08T01:05:48,2026-10-08T01:05:48,0,19,0.006406,ok,5.67,6.40,11.70
vec_build_sum,1000,typed,O,runtime:vec_build_sum_n1000:typed:O@2026-10-08T01:05:48,2026-10-08T01:05:49,1,0,0.271725,ok,5.67,6.40,11.70
vec_build_sum,1000,typed,O,runtime:vec_build_sum_n1000:typed:O@2026-10-08T01:05:48,2026-10-08T01:05:49,1,1,0.007280,ok,5.67,6.40,11.70
vec_build_sum,1000,typed,O,runtime:vec_build_sum_n1000:typed:O@2026-10-08T01:05:48,2026-10-08T01:05:49,0,0,0.005243,ok,5.67,6.40,11.70
vec_build_sum,1000,typed,O,runtime:vec_build_sum_n1000:typed:O@2026-10-08T01:05:48,2026-10-08T01:05:49,0,1,0.006626,ok,5.67,6.40,11.70
vec_build_sum,1000,typed,O,runtime:vec_build_sum_n1000:typed:O@2026-10-08T01:05:48,2026-10-08T01:05:49,0,2,0.005140,ok,5.67,6.40,11.70
vec_build_sum,1000,typed,O,runtime:vec_build_sum_n1000:typed:O@2026-10-08T01:05:48,2026-10-08T01:05:49,0,3,0.005858,ok,5.67,6.40,11.70
vec_build_sum,1000,typed,O,runtime:vec_build_sum_n1000:typed:O@2026-10-08T01:05:48,2026-10-08T01:05:49,0,4,0.004502,ok,5.67,6.40,11.70
vec_build_sum,1000,typed,O,runtime:vec_build_sum_n1000:typed:O@2026-10-08T01:05:48,2026-10-08T01:05:49,0,5,0.004732,ok,5.67,6.40,11.70
vec_build_sum,1000,typed,O,runtime:vec_build_sum_n1000:typed:O@2026-10-08T01:05:48,2026-10-08T01:05:49,0,6,0.004790,ok,5.67,6.40,11.70
vec_build_sum,1000,typed,O,runtime:vec_build_sum_n1000:typed:O@2026-10-08T01:05:48,2026-10-08T01:05:49,0,7,0.004384,ok,5.67,6.40,11.70
vec_build_sum,1000,typed,O,runtime:vec_build_sum_n1000:typed:O@2026-10-08T01:05:48,2026-10-08T01:05:49,0,8,0.004539,ok,5.67,6.40,11.70
vec_build_sum,1000,typed,O,runtime:vec_build_sum_n1000:typed:O@2026-10-08T01:05:48,2026-10-08T01:05:49,0,9,0.004659,ok,5.67,6.40,11.70
vec_build_sum,1000,typed,O,runtime:vec_build_sum_n1000:typed:O@2026-10-08T01:05:48,2026-10-08T01:05:49,0,10,0.004571,ok,5.67,6.40,11.70
vec_build_sum,1000,typed,O,runtime:vec_build_sum_n1000:typed:O@2026-10-08T01:05:48,2026-10-08T01:05:49,0,11,0.004392,ok,5.67,6.40,11.70
vec_build_sum,1000,typed,O,runtime:vec_build_sum_n1000:typed:O@2026-10-08T01:05:48,2026-10-08T01:05:49,0,12,0.004360,ok,5.67,6.40,11.70
vec_build_sum,1000,typed,O,runtime:vec_build_sum_n1000:typed:O@2026-10-08T01:05:48,2026-10-08T01:05:49,0,13,0.004587,ok,5.67,6.40,11.70
vec_build_sum,1000,typed,O,runtime:vec_build_sum_n1000:typed:O@2026-10-08T01:05:48,2026-10-08T01:05:49,0,14,0.004521,ok,5.67,6.40,11.70
vec_build_sum,1000,typed,O,runtime:vec_build_sum_n1000:typed:O@2026-10-08T01:05:48,2026-10-08T01:05:49,0,15,0.004256,ok,5.67,6.40,11.70
vec_build_sum,1000,typed,O,runtime:vec_build_sum_n1000:typed:O@2026-10-08T01:05:48,2026-10-08T01:05:49,0,16,0.004028,ok,5.67,6.40,11.70
vec_build_sum,1000,typed,O,runtime:vec_build_sum_n1000:typed:O@2026-10-08T01:05:48,2026-10-08T01:05:49,0,17,0.003971,ok,5.67,6.40,11.70
vec_build_sum,1000,typed,O,runtime:vec_build_sum_n1000:typed:O@2026-10-08T01:05:48,2026-10-08T01:05:49,0,18,0.004076,ok,5.67,6.40,11.70
vec_build_sum,1000,typed,O,runtime:vec_build_sum_n1000:typed:O@2026-10-08T01:05:48,2026-10-08T01:05:49,0,19,0.003937,ok,5.67,6.40,11.70
vec_build_sum,1000,dynamic,cli,runtime:vec_build_sum_n1000:dynamic:cli@2026-10-08T01:05:49,2026-10-08T01:05:50,1,0,0.989220,ok,5.67,6.40,11.70
vec_build_sum,1000,dynamic,cli,runtime:vec_build_sum_n1000:dynamic:cli@2026-10-08T01:05:49,2026-10-08T01:05:51,1,1,0.712042,ok,5.67,6.40,11.70
vec_build_sum,1000,dynamic,cli,runtime:vec_build_sum_n1000:dynamic:cli@2026-10-08T01:05:49,2026-10-08T01:05:51,0,0,0.709623,ok,5.67,6.40,11.70
vec_build_sum,1000,dynamic,cli,runtime:vec_build_sum_n1000:dynamic:cli@2026-10-08T01:05:49,2026-10-08T01:05:52,0,1,0.712514,ok,5.67,6.40,11.70
vec_build_sum,1000,dynamic,cli,runtime:vec_build_sum_n1000:dynamic:cli@2026-10-08T01:05:49,2026-10-08T01:05:53,0,2,0.710904,ok,6.58,6.58,11.73
vec_build_sum,1000,dynamic,cli,runtime:vec_build_sum_n1000:dynamic:cli@2026-10-08T01:05:49,2026-10-08T01:05:53,0,3,0.708708,ok,6.58,6.58,11.73
vec_build_sum,1000,dynamic,cli,runtime:vec_build_sum_n1000:dynamic:cli@2026-10-08T01:05:49,2026-10-08T01:05:54,0,4,0.710267,ok,6.58,6.58,11.73
vec_build_sum,1000,dynamic,cli,runtime:vec_build_sum_n1000:dynamic:cli@2026-10-08T01:05:49,2026-10-08T01:05:55,0,5,0.724842,ok,6.58,6.58,11.73
vec_build_sum,1000,dynamic,cli,runtime:vec_build_sum_n1000:dynamic:cli@2026-10-08T01:05:49,2026-10-08T01:05:56,0,6,0.714390,ok,6.58,6.58,11.73
vec_build_sum,1000,dynamic,cli,runtime:vec_build_sum_n1000:dynamic:cli@2026-10-08T01:05:49,2026-10-08T01:05:56,0,7,0.711621,ok,6.58,6.58,11.73
vec_build_sum,1000,dynamic,cli,runtime:vec_build_sum_n1000:dynamic:cli@2026-10-08T01:05:49,2026-10-08T01:05:57,0,8,0.711690,ok,6.58,6.58,11.73
vec_build_sum,1000,dynamic,cli,runtime:vec_build_sum_n1000:dynamic:cli@2026-10-08T01:05:49,2026-10-08T01:05:58,0,9,0.710482,ok,6.69,6.60,11.71
vec_build_sum,1000,dynamic,O,runtime:vec_build_sum_n1000:dynamic:O@2026-10-08T01:05:58,2026-10-08T01:05:58,1,0,0.511803,ok,6.69,6.60,11.71
vec_build_sum,1000,dynamic,O,runtime:vec_build_sum_n1000:dynamic:O@2026-10-08T01:05:58,2026-10-08T01:05:59,1,1,0.235005,ok,6.69,6.60,11.71
vec_build_sum,1000,dynamic,O,runtime:vec_build_sum_n1000:dynamic:O@2026-10-08T01:05:58,2026-10-08T01:05:59,0,0,0.235916,ok,6.69,6.60,11.71
vec_build_sum,1000,dynamic,O,runtime:vec_build_sum_n1000:dynamic:O@2026-10-08T01:05:58,2026-10-08T01:05:59,0,1,0.235401,ok,6.69,6.60,11.71
vec_build_sum,1000,dynamic,O,runtime:vec_build_sum_n1000:dynamic:O@2026-10-08T01:05:58,2026-10-08T01:05:59,0,2,0.237991,ok,6.69,6.60,11.71
vec_build_sum,1000,dynamic,O,runtime:vec_build_sum_n1000:dynamic:O@2026-10-08T01:05:58,2026-10-08T01:05:59,0,3,0.236683,ok,6.69,6.60,11.71
vec_build_sum,1000,dynamic,O,runtime:vec_build_sum_n1000:dynamic:O@2026-10-08T01:05:58,2026-10-08T01:06:00,0,4,0.236341,ok,6.69,6.60,11.71
vec_build_sum,1000,dynamic,O,runtime:vec_build_sum_n1000:dynamic:O@2026-10-08T01:05:58,2026-10-08T01:06:00,0,5,0.235272,ok,6.69,6.60,11.71
vec_build_sum,1000,dynamic,O,runtime:vec_build_sum_n1000:dynamic:O@2026-10-08T01:05:58,2026-10-08T01:06:00,0,6,0.236162,ok,6.69,6.60,11.71
vec_build_sum,1000,dynamic,O,runtime:vec_build_sum_n1000:dynamic:O@2026-10-08T01:05:58,2026-10-08T01:06:00,0,7,0.234334,ok,6.69,6.60,11.71
vec_build_sum,1000,dynamic,O,runtime:vec_build_sum_n1000:dynamic:O@2026-10-08T01:05:58,2026-10-08T01:06:01,0,8,0.234186,ok,6.69,6.60,11.71
vec_build_sum,1000,dynamic,O,runtime:vec_build_sum_n1000:dynamic:O@2026-10-08T01:05:58,2026-10-08T01:06:01,0,9,0.236380,ok,6.69,6.60,11.71
vec_build_sum,2000,typed,cli,runtime:vec_build_sum_n2000:typed:cli@2026-10-08T01:06:10,2026-10-08T01:06:10,1,0,0.273213,ok,6.59,6.58,11.64
vec_build_sum,2000,typed,cli,runtime:vec_build_sum_n2000:typed:cli@2026-10-08T01:06:10,2026-10-08T01:06:10,1,1,0.009552,ok,6.59,6.58,11.64
vec_build_sum,2000,typed,cli,runtime:vec_build_sum_n2000:typed:cli@2026-10-08T01:06:10,2026-10-08T01:06:10,0,0,0.009023,ok,6.59,6.58,11.64
vec_build_sum,2000,typed,cli,runtime:vec_build_sum_n2000:typed:cli@2026-10-08T01:06:10,2026-10-08T01:06:10,0,1,0.009805,ok,6.59,6.58,11.64
vec_build_sum,2000,typed,cli,runtime:vec_build_sum_n2000:typed:cli@2026-10-08T01:06:10,2026-10-08T01:06:10,0,2,0.011611,ok,6.59,6.58,11.64
vec_build_sum,2000,typed,cli,runtime:vec_build_sum_n2000:typed:cli@2026-10-08T01:06:10,2026-10-08T01:06:10,0,3,0.010717,ok,6.59,6.58,11.64
vec_build_sum,2000,typed,cli,runtime:vec_build_sum_n2000:typed:cli@2026-10-08T01:06:10,2026-10-08T01:06:10,0,4,0.010012,ok,6.59,6.58,11.64
vec_build_sum,2000,typed,cli,runtime:vec_build_sum_n2000:typed:cli@2026-10-08T01:06:10,2026-10-08T01:06:10,0,5,0.009581,ok,6.59,6.58,11.64
vec_build_sum,2000,typed,cli,runtime:vec_build_sum_n2000:typed:cli@2026-10-08T01:06:10,2026-10-08T01:06:10,0,6,0.009561,ok,6.59,6.58,11.64
vec_build_sum,2000,typed,cli,runtime:vec_build_sum_n2000:typed:cli@2026-10-08T01:06:10,2026-10-08T01:06:10,0,7,0.008968,ok,6.59,6.58,11.64
vec_build_sum,2000,typed,cli,runtime:vec_build_sum_n2000:typed:cli@2026-10-08T01:06:10,2026-10-08T01:06:10,0,8,0.008596,ok,6.59,6.58,11.64
vec_build_sum,2000,typed,cli,runtime:vec_build_sum_n2000:typed:cli@2026-10-08T01:06:10,2026-10-08T01:06:10,0,9,0.008653,ok,6.59,6.58,11.64
vec_build_sum,2000,typed,cli,runtime:vec_build_sum_n2000:typed:cli@2026-10-08T01:06:10,2026-10-08T01:06:10,0,10,0.008591,ok,6.59,6.58,11.64
vec_build_sum,2000,typed,cli,runtime:vec_build_sum_n2000:typed:cli@2026-10-08T01:06:10,2026-10-08T01:06:10,0,11,0.008220,ok,6.59,6.58,11.64
vec_build_sum,2000,typed,cli,runtime:vec_build_sum_n2000:typed:cli@2026-10-08T01:06:10,2026-10-08T01:06:10,0,12,0.008592,ok,6.59,6.58,11.64
vec_build_sum,2000,typed,cli,runtime:vec_build_sum_n2000:typed:cli@2026-10-08T01:06:10,2026-10-08T01:06:10,0,13,0.008460,ok,6.59,6.58,11.64
vec_build_sum,2000,typed,cli,runtime:vec_build_sum_n2000:typed:cli@2026-10-08T01:06:10,2026-10-08T01:06:10,0,14,0.008367,ok,6.59,6.58,11.64
vec_build_sum,2000,typed,cli,runtime:vec_build_sum_n2000:typed:cli@2026-10-08T01:06:10,2026-10-08T01:06:10,0,15,0.008410,ok,6.59,6.58,11.64
vec_build_sum,2000,typed,cli,runtime:vec_build_sum_n2000:typed:cli@2026-10-08T01:06:10,2026-10-08T01:06:10,0,16,0.008363,ok,6.59,6.58,11.64
vec_build_sum,2000,typed,cli,runtime:vec_build_sum_n2000:typed:cli@2026-10-08T01:06:10,2026-10-08T01:06:10,0,17,0.008301,ok,6.59,6.58,11.64
vec_build_sum,2000,typed,cli,runtime:vec_build_sum_n2000:typed:cli@2026-10-08T01:06:10,2026-10-08T01:06:10,0,18,0.008442,ok,6.59,6.58,11.64
vec_build_sum,2000,typed,cli,runtime:vec_build_sum_n2000:typed:cli@2026-10-08T01:06:10,2026-10-08T01:06:10,0,19,0.008410,ok,6.59,6.58,11.64
vec_build_sum,2000,typed,O,runtime:vec_build_sum_n2000:typed:O@2026-10-08T01:06:10,2026-10-08T01:06:10,1,0,0.259515,ok,6.59,6.58,11.64
vec_build_sum,2000,typed,O,runtime:vec_build_sum_n2000:typed:O@2026-10-08T01:06:10,2026-10-08T01:06:10,1,1,0.004693,ok,6.59,6.58,11.64
vec_build_sum,2000,typed,O,runtime:vec_build_sum_n2000:typed:O@2026-10-08T01:06:10,2026-10-08T01:06:10,0,0,0.004433,ok,6.59,6.58,11.64
vec_build_sum,2000,typed,O,runtime:vec_build_sum_n2000:typed:O@2026-10-08T01:06:10,2026-10-08T01:06:10,0,1,0.004222,ok,6.59,6.58,11.64
vec_build_sum,2000,typed,O,runtime:vec_build_sum_n2000:typed:O@2026-10-08T01:06:10,2026-10-08T01:06:11,0,2,0.004092,ok,6.59,6.58,11.64
vec_build_sum,2000,typed,O,runtime:vec_build_sum_n2000:typed:O@2026-10-08T01:06:10,2026-10-08T01:06:11,0,3,0.004304,ok,6.59,6.58,11.64
vec_build_sum,2000,typed,O,runtime:vec_build_sum_n2000:typed:O@2026-10-08T01:06:10,2026-10-08T01:06:11,0,4,0.006182,ok,6.59,6.58,11.64
vec_build_sum,2000,typed,O,runtime:vec_build_sum_n2000:typed:O@2026-10-08T01:06:10,2026-10-08T01:06:11,0,5,0.004914,ok,6.59,6.58,11.64
vec_build_sum,2000,typed,O,runtime:vec_build_sum_n2000:typed:O@2026-10-08T01:06:10,2026-10-08T01:06:11,0,6,0.004738,ok,6.59,6.58,11.64
vec_build_sum,2000,typed,O,runtime:vec_build_sum_n2000:typed:O@2026-10-08T01:06:10,2026-10-08T01:06:11,0,7,0.005008,ok,6.59,6.58,11.64
vec_build_sum,2000,typed,O,runtime:vec_build_sum_n2000:typed:O@2026-10-08T01:06:10,2026-10-08T01:06:11,0,8,0.004932,ok,6.59,6.58,11.64
vec_build_sum,2000,typed,O,runtime:vec_build_sum_n2000:typed:O@2026-10-08T01:06:10,2026-10-08T01:06:11,0,9,0.005073,ok,6.59,6.58,11.64
vec_build_sum,2000,typed,O,runtime:vec_build_sum_n2000:typed:O@2026-10-08T01:06:10,2026-10-08T01:06:11,0,10,0.005768,ok,6.59,6.58,11.64
vec_build_sum,2000,typed,O,runtime:vec_build_sum_n2000:typed:O@2026-10-08T01:06:10,2026-10-08T01:06:11,0,11,0.005354,ok,6.59,6.58,11.64
vec_build_sum,2000,typed,O,runtime:vec_build_sum_n2000:typed:O@2026-10-08T01:06:10,2026-10-08T01:06:11,0,12,0.005241,ok,6.59,6.58,11.64
vec_build_sum,2000,typed,O,runtime:vec_build_sum_n2000:typed:O@2026-10-08T01:06:10,2026-10-08T01:06:11,0,13,0.005093,ok,6.59,6.58,11.64
vec_build_sum,2000,typed,O,runtime:vec_build_sum_n2000:typed:O@2026-10-08T01:06:10,2026-10-08T01:06:11,0,14,0.004959,ok,6.59,6.58,11.64
vec_build_sum,2000,typed,O,runtime:vec_build_sum_n2000:typed:O@2026-10-08T01:06:10,2026-10-08T01:06:11,0,15,0.005086,ok,6.59,6.58,11.64
vec_build_sum,2000,typed,O,runtime:vec_build_sum_n2000:typed:O@2026-10-08T01:06:10,2026-10-08T01:06:11,0,16,0.004673,ok,6.59,6.58,11.64
vec_build_sum,2000,typed,O,runtime:vec_build_sum_n2000:typed:O@2026-10-08T01:06:10,2026-10-08T01:06:11,0,17,0.004602,ok,6.59,6.58,11.64
vec_build_sum,2000,typed,O,runtime:vec_build_sum_n2000:typed:O@2026-10-08T01:06:10,2026-10-08T01:06:11,0,18,0.004694,ok,6.59,6.58,11.64
vec_build_sum,2000,typed,O,runtime:vec_build_sum_n2000:typed:O@2026-10-08T01:06:10,2026-10-08T01:06:11,0,19,0.004522,ok,6.59,6.58,11.64
vec_build_sum,2000,dynamic,cli,runtime:vec_build_sum_n2000:dynamic:cli@2026-10-08T01:06:11,2026-10-08T01:06:14,1,0,3.111491,ok,6.47,6.55,11.60
vec_build_sum,2000,dynamic,cli,runtime:vec_build_sum_n2000:dynamic:cli@2026-10-08T01:06:11,2026-10-08T01:06:17,0,0,2.836180,ok,6.47,6.55,11.60
vec_build_sum,2000,dynamic,cli,runtime:vec_build_sum_n2000:dynamic:cli@2026-10-08T01:06:11,2026-10-08T01:06:19,0,1,2.839069,ok,6.27,6.51,11.56
vec_build_sum,2000,dynamic,cli,runtime:vec_build_sum_n2000:dynamic:cli@2026-10-08T01:06:11,2026-10-08T01:06:22,0,2,2.839268,ok,6.27,6.51,11.56
vec_build_sum,2000,dynamic,cli,runtime:vec_build_sum_n2000:dynamic:cli@2026-10-08T01:06:11,2026-10-08T01:06:25,0,3,2.838241,ok,6.17,6.49,11.52
vec_build_sum,2000,dynamic,cli,runtime:vec_build_sum_n2000:dynamic:cli@2026-10-08T01:06:11,2026-10-08T01:06:28,0,4,2.851631,ok,5.99,6.44,11.47
vec_build_sum,2000,dynamic,cli,runtime:vec_build_sum_n2000:dynamic:cli@2026-10-08T01:06:11,2026-10-08T01:06:31,0,5,2.837678,ok,5.99,6.44,11.47
vec_build_sum,2000,dynamic,cli,runtime:vec_build_sum_n2000:dynamic:cli@2026-10-08T01:06:11,2026-10-08T01:06:34,0,6,2.838680,ok,6.23,6.49,11.46
vec_build_sum,2000,dynamic,cli,runtime:vec_build_sum_n2000:dynamic:cli@2026-10-08T01:06:11,2026-10-08T01:06:37,0,7,2.876373,ok,6.23,6.49,11.46
vec_build_sum,2000,dynamic,cli,runtime:vec_build_sum_n2000:dynamic:cli@2026-10-08T01:06:11,2026-10-08T01:06:39,0,8,2.847771,ok,6.13,6.46,11.42
vec_build_sum,2000,dynamic,cli,runtime:vec_build_sum_n2000:dynamic:cli@2026-10-08T01:06:11,2026-10-08T01:06:42,0,9,2.872985,ok,6.13,6.46,11.42
vec_build_sum,2000,dynamic,O,runtime:vec_build_sum_n2000:dynamic:O@2026-10-08T01:06:42,2026-10-08T01:06:44,1,0,1.248284,ok,5.96,6.42,11.38
vec_build_sum,2000,dynamic,O,runtime:vec_build_sum_n2000:dynamic:O@2026-10-08T01:06:42,2026-10-08T01:06:45,0,0,0.933463,ok,5.96,6.42,11.38
vec_build_sum,2000,dynamic,O,runtime:vec_build_sum_n2000:dynamic:O@2026-10-08T01:06:42,2026-10-08T01:06:46,0,1,0.946841,ok,5.96,6.42,11.38
vec_build_sum,2000,dynamic,O,runtime:vec_build_sum_n2000:dynamic:O@2026-10-08T01:06:42,2026-10-08T01:06:46,0,2,0.933149,ok,5.96,6.42,11.38
vec_build_sum,2000,dynamic,O,runtime:vec_build_sum_n2000:dynamic:O@2026-10-08T01:06:42,2026-10-08T01:06:47,0,3,0.928248,ok,5.81,6.38,11.33
vec_build_sum,2000,dynamic,O,runtime:vec_build_sum_n2000:dynamic:O@2026-10-08T01:06:42,2026-10-08T01:06:48,0,4,0.933008,ok,5.81,6.38,11.33
vec_build_sum,2000,dynamic,O,runtime:vec_build_sum_n2000:dynamic:O@2026-10-08T01:06:42,2026-10-08T01:06:49,0,5,0.957948,ok,5.81,6.38,11.33
vec_build_sum,2000,dynamic,O,runtime:vec_build_sum_n2000:dynamic:O@2026-10-08T01:06:42,2026-10-08T01:06:50,0,6,0.944179,ok,5.81,6.38,11.33
vec_build_sum,2000,dynamic,O,runtime:vec_build_sum_n2000:dynamic:O@2026-10-08T01:06:42,2026-10-08T01:06:51,0,7,0.939636,ok,5.81,6.38,11.33
vec_build_sum,2000,dynamic,O,runtime:vec_build_sum_n2000:dynamic:O@2026-10-08T01:06:42,2026-10-08T01:06:52,0,8,0.944817,ok,5.81,6.38,11.33
vec_build_sum,2000,dynamic,O,runtime:vec_build_sum_n2000:dynamic:O@2026-10-08T01:06:42,2026-10-08T01:06:53,0,9,0.932062,ok,6.46,6.51,11.35
vec_build_sum,4000,typed,cli,runtime:vec_build_sum_n4000:typed:cli@2026-10-08T01:07:02,2026-10-08T01:07:02,1,0,0.280868,ok,6.18,6.45,11.30
vec_build_sum,4000,typed,cli,runtime:vec_build_sum_n4000:typed:cli@2026-10-08T01:07:02,2026-10-08T01:07:02,1,1,0.014922,ok,6.18,6.45,11.30
vec_build_sum,4000,typed,cli,runtime:vec_build_sum_n4000:typed:cli@2026-10-08T01:07:02,2026-10-08T01:07:02,0,0,0.015215,ok,6.18,6.45,11.30
vec_build_sum,4000,typed,cli,runtime:vec_build_sum_n4000:typed:cli@2026-10-08T01:07:02,2026-10-08T01:07:02,0,1,0.015745,ok,6.18,6.45,11.30
vec_build_sum,4000,typed,cli,runtime:vec_build_sum_n4000:typed:cli@2026-10-08T01:07:02,2026-10-08T01:07:02,0,2,0.014689,ok,6.18,6.45,11.30
vec_build_sum,4000,typed,cli,runtime:vec_build_sum_n4000:typed:cli@2026-10-08T01:07:02,2026-10-08T01:07:02,0,3,0.013718,ok,6.18,6.45,11.30
vec_build_sum,4000,typed,cli,runtime:vec_build_sum_n4000:typed:cli@2026-10-08T01:07:02,2026-10-08T01:07:02,0,4,0.013086,ok,6.18,6.45,11.30
vec_build_sum,4000,typed,cli,runtime:vec_build_sum_n4000:typed:cli@2026-10-08T01:07:02,2026-10-08T01:07:02,0,5,0.012649,ok,6.18,6.45,11.30
vec_build_sum,4000,typed,cli,runtime:vec_build_sum_n4000:typed:cli@2026-10-08T01:07:02,2026-10-08T01:07:02,0,6,0.012509,ok,6.18,6.45,11.30
vec_build_sum,4000,typed,cli,runtime:vec_build_sum_n4000:typed:cli@2026-10-08T01:07:02,2026-10-08T01:07:02,0,7,0.012550,ok,6.01,6.41,11.26
vec_build_sum,4000,typed,cli,runtime:vec_build_sum_n4000:typed:cli@2026-10-08T01:07:02,2026-10-08T01:07:02,0,8,0.012679,ok,6.01,6.41,11.26
vec_build_sum,4000,typed,cli,runtime:vec_build_sum_n4000:typed:cli@2026-10-08T01:07:02,2026-10-08T01:07:02,0,9,0.012880,ok,6.01,6.41,11.26
vec_build_sum,4000,typed,cli,runtime:vec_build_sum_n4000:typed:cli@2026-10-08T01:07:02,2026-10-08T01:07:02,0,10,0.012694,ok,6.01,6.41,11.26
vec_build_sum,4000,typed,cli,runtime:vec_build_sum_n4000:typed:cli@2026-10-08T01:07:02,2026-10-08T01:07:02,0,11,0.012695,ok,6.01,6.41,11.26
vec_build_sum,4000,typed,cli,runtime:vec_build_sum_n4000:typed:cli@2026-10-08T01:07:02,2026-10-08T01:07:02,0,12,0.012791,ok,6.01,6.41,11.26
vec_build_sum,4000,typed,cli,runtime:vec_build_sum_n4000:typed:cli@2026-10-08T01:07:02,2026-10-08T01:07:02,0,13,0.012764,ok,6.01,6.41,11.26
vec_build_sum,4000,typed,cli,runtime:vec_build_sum_n4000:typed:cli@2026-10-08T01:07:02,2026-10-08T01:07:02,0,14,0.012827,ok,6.01,6.41,11.26
vec_build_sum,4000,typed,cli,runtime:vec_build_sum_n4000:typed:cli@2026-10-08T01:07:02,2026-10-08T01:07:02,0,15,0.012538,ok,6.01,6.41,11.26
vec_build_sum,4000,typed,cli,runtime:vec_build_sum_n4000:typed:cli@2026-10-08T01:07:02,2026-10-08T01:07:03,0,16,0.012573,ok,6.01,6.41,11.26
vec_build_sum,4000,typed,cli,runtime:vec_build_sum_n4000:typed:cli@2026-10-08T01:07:02,2026-10-08T01:07:03,0,17,0.013279,ok,6.01,6.41,11.26
vec_build_sum,4000,typed,cli,runtime:vec_build_sum_n4000:typed:cli@2026-10-08T01:07:02,2026-10-08T01:07:03,0,18,0.012694,ok,6.01,6.41,11.26
vec_build_sum,4000,typed,cli,runtime:vec_build_sum_n4000:typed:cli@2026-10-08T01:07:02,2026-10-08T01:07:03,0,19,0.012566,ok,6.01,6.41,11.26
vec_build_sum,4000,typed,O,runtime:vec_build_sum_n4000:typed:O@2026-10-08T01:07:03,2026-10-08T01:07:03,1,0,0.267016,ok,6.01,6.41,11.26
vec_build_sum,4000,typed,O,runtime:vec_build_sum_n4000:typed:O@2026-10-08T01:07:03,2026-10-08T01:07:03,1,1,0.006158,ok,6.01,6.41,11.26
vec_build_sum,4000,typed,O,runtime:vec_build_sum_n4000:typed:O@2026-10-08T01:07:03,2026-10-08T01:07:03,0,0,0.005680,ok,6.01,6.41,11.26
vec_build_sum,4000,typed,O,runtime:vec_build_sum_n4000:typed:O@2026-10-08T01:07:03,2026-10-08T01:07:03,0,1,0.005487,ok,6.01,6.41,11.26
vec_build_sum,4000,typed,O,runtime:vec_build_sum_n4000:typed:O@2026-10-08T01:07:03,2026-10-08T01:07:03,0,2,0.005601,ok,6.01,6.41,11.26
vec_build_sum,4000,typed,O,runtime:vec_build_sum_n4000:typed:O@2026-10-08T01:07:03,2026-10-08T01:07:03,0,3,0.005585,ok,6.01,6.41,11.26
vec_build_sum,4000,typed,O,runtime:vec_build_sum_n4000:typed:O@2026-10-08T01:07:03,2026-10-08T01:07:03,0,4,0.005796,ok,6.01,6.41,11.26
vec_build_sum,4000,typed,O,runtime:vec_build_sum_n4000:typed:O@2026-10-08T01:07:03,2026-10-08T01:07:03,0,5,0.006155,ok,6.01,6.41,11.26
vec_build_sum,4000,typed,O,runtime:vec_build_sum_n4000:typed:O@2026-10-08T01:07:03,2026-10-08T01:07:03,0,6,0.005899,ok,6.01,6.41,11.26
vec_build_sum,4000,typed,O,runtime:vec_build_sum_n4000:typed:O@2026-10-08T01:07:03,2026-10-08T01:07:03,0,7,0.006262,ok,6.01,6.41,11.26
vec_build_sum,4000,typed,O,runtime:vec_build_sum_n4000:typed:O@2026-10-08T01:07:03,2026-10-08T01:07:03,0,8,0.006071,ok,6.01,6.41,11.26
vec_build_sum,4000,typed,O,runtime:vec_build_sum_n4000:typed:O@2026-10-08T01:07:03,2026-10-08T01:07:03,0,9,0.005841,ok,6.01,6.41,11.26
vec_build_sum,4000,typed,O,runtime:vec_build_sum_n4000:typed:O@2026-10-08T01:07:03,2026-10-08T01:07:03,0,10,0.005572,ok,6.01,6.41,11.26
vec_build_sum,4000,typed,O,runtime:vec_build_sum_n4000:typed:O@2026-10-08T01:07:03,2026-10-08T01:07:03,0,11,0.005450,ok,6.01,6.41,11.26
vec_build_sum,4000,typed,O,runtime:vec_build_sum_n4000:typed:O@2026-10-08T01:07:03,2026-10-08T01:07:03,0,12,0.005516,ok,6.01,6.41,11.26
vec_build_sum,4000,typed,O,runtime:vec_build_sum_n4000:typed:O@2026-10-08T01:07:03,2026-10-08T01:07:03,0,13,0.005410,ok,6.01,6.41,11.26
vec_build_sum,4000,typed,O,runtime:vec_build_sum_n4000:typed:O@2026-10-08T01:07:03,2026-10-08T01:07:03,0,14,0.005358,ok,6.01,6.41,11.26
vec_build_sum,4000,typed,O,runtime:vec_build_sum_n4000:typed:O@2026-10-08T01:07:03,2026-10-08T01:07:03,0,15,0.005222,ok,6.01,6.41,11.26
vec_build_sum,4000,typed,O,runtime:vec_build_sum_n4000:typed:O@2026-10-08T01:07:03,2026-10-08T01:07:03,0,16,0.005387,ok,6.01,6.41,11.26
vec_build_sum,4000,typed,O,runtime:vec_build_sum_n4000:typed:O@2026-10-08T01:07:03,2026-10-08T01:07:03,0,17,0.005433,ok,6.01,6.41,11.26
vec_build_sum,4000,typed,O,runtime:vec_build_sum_n4000:typed:O@2026-10-08T01:07:03,2026-10-08T01:07:03,0,18,0.005160,ok,6.01,6.41,11.26
vec_build_sum,4000,typed,O,runtime:vec_build_sum_n4000:typed:O@2026-10-08T01:07:03,2026-10-08T01:07:03,0,19,0.005169,ok,6.01,6.41,11.26
vec_build_sum,4000,dynamic,cli,runtime:vec_build_sum_n4000:dynamic:cli@2026-10-08T01:07:03,2026-10-08T01:07:15,1,0,11.761307,ok,5.71,6.33,11.17
vec_build_sum,4000,dynamic,cli,runtime:vec_build_sum_n4000:dynamic:cli@2026-10-08T01:07:03,2026-10-08T01:07:26,0,0,11.446014,ok,5.44,6.25,11.09
vec_build_sum,4000,dynamic,cli,runtime:vec_build_sum_n4000:dynamic:cli@2026-10-08T01:07:03,2026-10-08T01:07:38,0,1,11.457401,ok,5.35,6.19,10.98
vec_build_sum,4000,dynamic,cli,runtime:vec_build_sum_n4000:dynamic:cli@2026-10-08T01:07:03,2026-10-08T01:07:49,0,2,11.514823,ok,4.99,6.08,10.88
vec_build_sum,4000,dynamic,cli,runtime:vec_build_sum_n4000:dynamic:cli@2026-10-08T01:07:03,2026-10-08T01:08:01,0,3,11.417282,ok,4.92,6.03,10.81
vec_build_sum,4000,dynamic,cli,runtime:vec_build_sum_n4000:dynamic:cli@2026-10-08T01:07:03,2026-10-08T01:08:12,0,4,11.322000,ok,4.93,6.00,10.74
vec_build_sum,4000,dynamic,O,runtime:vec_build_sum_n4000:dynamic:O@2026-10-08T01:08:12,2026-10-08T01:08:16,1,0,4.067305,ok,5.09,6.01,10.72
vec_build_sum,4000,dynamic,O,runtime:vec_build_sum_n4000:dynamic:O@2026-10-08T01:08:12,2026-10-08T01:08:20,0,0,3.767860,ok,5.01,5.98,10.68
vec_build_sum,4000,dynamic,O,runtime:vec_build_sum_n4000:dynamic:O@2026-10-08T01:08:12,2026-10-08T01:08:24,0,1,3.713552,ok,5.01,5.96,10.65
vec_build_sum,4000,dynamic,O,runtime:vec_build_sum_n4000:dynamic:O@2026-10-08T01:08:12,2026-10-08T01:08:27,0,2,3.720548,ok,4.76,5.90,10.60
vec_build_sum,4000,dynamic,O,runtime:vec_build_sum_n4000:dynamic:O@2026-10-08T01:08:12,2026-10-08T01:08:31,0,3,3.735651,ok,4.76,5.90,10.60
vec_build_sum,4000,dynamic,O,runtime:vec_build_sum_n4000:dynamic:O@2026-10-08T01:08:12,2026-10-08T01:08:35,0,4,3.677642,ok,5.02,5.93,10.58
vec_build_sum,4000,dynamic,O,runtime:vec_build_sum_n4000:dynamic:O@2026-10-08T01:08:12,2026-10-08T01:08:39,0,5,3.702557,ok,5.02,5.92,10.55
vec_build_sum,4000,dynamic,O,runtime:vec_build_sum_n4000:dynamic:O@2026-10-08T01:08:12,2026-10-08T01:08:42,0,6,3.707976,ok,5.02,5.92,10.55
vec_build_sum,4000,dynamic,O,runtime:vec_build_sum_n4000:dynamic:O@2026-10-08T01:08:12,2026-10-08T01:08:46,0,7,3.720486,ok,4.86,5.87,10.50
vec_build_sum,4000,dynamic,O,runtime:vec_build_sum_n4000:dynamic:O@2026-10-08T01:08:12,2026-10-08T01:08:50,0,8,3.713005,ok,5.11,5.90,10.49
vec_build_sum,4000,dynamic,O,runtime:vec_build_sum_n4000:dynamic:O@2026-10-08T01:08:12,2026-10-08T01:08:53,0,9,3.737514,ok,5.18,5.90,10.46
vec_build_sum,8000,typed,cli,runtime:vec_build_sum_n8000:typed:cli@2026-10-08T01:09:03,2026-10-08T01:09:03,1,0,0.324443,ok,5.07,5.86,10.39
vec_build_sum,8000,typed,cli,runtime:vec_build_sum_n8000:typed:cli@2026-10-08T01:09:03,2026-10-08T01:09:03,1,1,0.025014,ok,5.07,5.86,10.39
vec_build_sum,8000,typed,cli,runtime:vec_build_sum_n8000:typed:cli@2026-10-08T01:09:03,2026-10-08T01:09:04,0,0,0.025405,ok,5.07,5.86,10.39
vec_build_sum,8000,typed,cli,runtime:vec_build_sum_n8000:typed:cli@2026-10-08T01:09:03,2026-10-08T01:09:04,0,1,0.022972,ok,5.07,5.86,10.39
vec_build_sum,8000,typed,cli,runtime:vec_build_sum_n8000:typed:cli@2026-10-08T01:09:03,2026-10-08T01:09:04,0,2,0.021306,ok,5.07,5.86,10.39
vec_build_sum,8000,typed,cli,runtime:vec_build_sum_n8000:typed:cli@2026-10-08T01:09:03,2026-10-08T01:09:04,0,3,0.021008,ok,5.07,5.86,10.39
vec_build_sum,8000,typed,cli,runtime:vec_build_sum_n8000:typed:cli@2026-10-08T01:09:03,2026-10-08T01:09:04,0,4,0.021782,ok,5.07,5.86,10.39
vec_build_sum,8000,typed,cli,runtime:vec_build_sum_n8000:typed:cli@2026-10-08T01:09:03,2026-10-08T01:09:04,0,5,0.021638,ok,5.07,5.86,10.39
vec_build_sum,8000,typed,cli,runtime:vec_build_sum_n8000:typed:cli@2026-10-08T01:09:03,2026-10-08T01:09:04,0,6,0.021262,ok,5.07,5.86,10.39
vec_build_sum,8000,typed,cli,runtime:vec_build_sum_n8000:typed:cli@2026-10-08T01:09:03,2026-10-08T01:09:04,0,7,0.021565,ok,5.07,5.86,10.39
vec_build_sum,8000,typed,cli,runtime:vec_build_sum_n8000:typed:cli@2026-10-08T01:09:03,2026-10-08T01:09:04,0,8,0.021550,ok,5.07,5.86,10.39
vec_build_sum,8000,typed,cli,runtime:vec_build_sum_n8000:typed:cli@2026-10-08T01:09:03,2026-10-08T01:09:04,0,9,0.021520,ok,5.07,5.86,10.39
vec_build_sum,8000,typed,cli,runtime:vec_build_sum_n8000:typed:cli@2026-10-08T01:09:03,2026-10-08T01:09:04,0,10,0.022007,ok,5.07,5.86,10.39
vec_build_sum,8000,typed,cli,runtime:vec_build_sum_n8000:typed:cli@2026-10-08T01:09:03,2026-10-08T01:09:04,0,11,0.021731,ok,5.07,5.86,10.39
vec_build_sum,8000,typed,cli,runtime:vec_build_sum_n8000:typed:cli@2026-10-08T01:09:03,2026-10-08T01:09:04,0,12,0.021559,ok,5.07,5.86,10.39
vec_build_sum,8000,typed,cli,runtime:vec_build_sum_n8000:typed:cli@2026-10-08T01:09:03,2026-10-08T01:09:04,0,13,0.021545,ok,5.07,5.86,10.39
vec_build_sum,8000,typed,cli,runtime:vec_build_sum_n8000:typed:cli@2026-10-08T01:09:03,2026-10-08T01:09:04,0,14,0.021836,ok,5.07,5.86,10.39
vec_build_sum,8000,typed,cli,runtime:vec_build_sum_n8000:typed:cli@2026-10-08T01:09:03,2026-10-08T01:09:04,0,15,0.021607,ok,5.07,5.86,10.39
vec_build_sum,8000,typed,cli,runtime:vec_build_sum_n8000:typed:cli@2026-10-08T01:09:03,2026-10-08T01:09:04,0,16,0.021892,ok,5.07,5.86,10.39
vec_build_sum,8000,typed,cli,runtime:vec_build_sum_n8000:typed:cli@2026-10-08T01:09:03,2026-10-08T01:09:04,0,17,0.021772,ok,5.07,5.86,10.39
vec_build_sum,8000,typed,cli,runtime:vec_build_sum_n8000:typed:cli@2026-10-08T01:09:03,2026-10-08T01:09:04,0,18,0.021816,ok,5.07,5.86,10.39
vec_build_sum,8000,typed,cli,runtime:vec_build_sum_n8000:typed:cli@2026-10-08T01:09:03,2026-10-08T01:09:04,0,19,0.022340,ok,5.07,5.86,10.39
vec_build_sum,8000,typed,O,runtime:vec_build_sum_n8000:typed:O@2026-10-08T01:09:04,2026-10-08T01:09:04,1,0,0.257878,ok,5.07,5.86,10.39
vec_build_sum,8000,typed,O,runtime:vec_build_sum_n8000:typed:O@2026-10-08T01:09:04,2026-10-08T01:09:04,1,1,0.008532,ok,5.07,5.86,10.39
vec_build_sum,8000,typed,O,runtime:vec_build_sum_n8000:typed:O@2026-10-08T01:09:04,2026-10-08T01:09:04,0,0,0.007851,ok,5.07,5.86,10.39
vec_build_sum,8000,typed,O,runtime:vec_build_sum_n8000:typed:O@2026-10-08T01:09:04,2026-10-08T01:09:04,0,1,0.008165,ok,5.07,5.86,10.39
vec_build_sum,8000,typed,O,runtime:vec_build_sum_n8000:typed:O@2026-10-08T01:09:04,2026-10-08T01:09:04,0,2,0.008173,ok,5.07,5.86,10.39
vec_build_sum,8000,typed,O,runtime:vec_build_sum_n8000:typed:O@2026-10-08T01:09:04,2026-10-08T01:09:04,0,3,0.008814,ok,5.07,5.86,10.39
vec_build_sum,8000,typed,O,runtime:vec_build_sum_n8000:typed:O@2026-10-08T01:09:04,2026-10-08T01:09:04,0,4,0.008568,ok,5.07,5.86,10.39
vec_build_sum,8000,typed,O,runtime:vec_build_sum_n8000:typed:O@2026-10-08T01:09:04,2026-10-08T01:09:04,0,5,0.008546,ok,5.07,5.86,10.39
vec_build_sum,8000,typed,O,runtime:vec_build_sum_n8000:typed:O@2026-10-08T01:09:04,2026-10-08T01:09:04,0,6,0.008406,ok,5.07,5.86,10.39
vec_build_sum,8000,typed,O,runtime:vec_build_sum_n8000:typed:O@2026-10-08T01:09:04,2026-10-08T01:09:04,0,7,0.007938,ok,5.07,5.86,10.39
vec_build_sum,8000,typed,O,runtime:vec_build_sum_n8000:typed:O@2026-10-08T01:09:04,2026-10-08T01:09:04,0,8,0.007867,ok,5.07,5.86,10.39
vec_build_sum,8000,typed,O,runtime:vec_build_sum_n8000:typed:O@2026-10-08T01:09:04,2026-10-08T01:09:04,0,9,0.007577,ok,5.07,5.86,10.39
vec_build_sum,8000,typed,O,runtime:vec_build_sum_n8000:typed:O@2026-10-08T01:09:04,2026-10-08T01:09:04,0,10,0.007489,ok,5.07,5.86,10.39
vec_build_sum,8000,typed,O,runtime:vec_build_sum_n8000:typed:O@2026-10-08T01:09:04,2026-10-08T01:09:04,0,11,0.007424,ok,5.07,5.86,10.39
vec_build_sum,8000,typed,O,runtime:vec_build_sum_n8000:typed:O@2026-10-08T01:09:04,2026-10-08T01:09:04,0,12,0.007457,ok,5.07,5.86,10.39
vec_build_sum,8000,typed,O,runtime:vec_build_sum_n8000:typed:O@2026-10-08T01:09:04,2026-10-08T01:09:04,0,13,0.007538,ok,5.07,5.86,10.39
vec_build_sum,8000,typed,O,runtime:vec_build_sum_n8000:typed:O@2026-10-08T01:09:04,2026-10-08T01:09:04,0,14,0.007463,ok,5.07,5.86,10.39
vec_build_sum,8000,typed,O,runtime:vec_build_sum_n8000:typed:O@2026-10-08T01:09:04,2026-10-08T01:09:04,0,15,0.007751,ok,5.07,5.86,10.39
vec_build_sum,8000,typed,O,runtime:vec_build_sum_n8000:typed:O@2026-10-08T01:09:04,2026-10-08T01:09:04,0,16,0.007653,ok,5.07,5.86,10.39
vec_build_sum,8000,typed,O,runtime:vec_build_sum_n8000:typed:O@2026-10-08T01:09:04,2026-10-08T01:09:04,0,17,0.007592,ok,5.07,5.86,10.39
vec_build_sum,8000,typed,O,runtime:vec_build_sum_n8000:typed:O@2026-10-08T01:09:04,2026-10-08T01:09:04,0,18,0.007532,ok,5.07,5.86,10.39
vec_build_sum,8000,typed,O,runtime:vec_build_sum_n8000:typed:O@2026-10-08T01:09:04,2026-10-08T01:09:04,0,19,0.007607,ok,5.07,5.86,10.39
vec_build_sum,8000,dynamic,cli,,2026-10-08T01:09:04,0,,,skipped: a smaller n took more than 10 s (median),,,
vec_build_sum,8000,dynamic,O,runtime:vec_build_sum_n8000:dynamic:O@2026-10-08T01:09:05,2026-10-08T01:09:23,1,0,18.852261,ok,5.01,5.79,10.26
vec_build_sum,8000,dynamic,O,runtime:vec_build_sum_n8000:dynamic:O@2026-10-08T01:09:05,2026-10-08T01:09:41,0,0,18.017525,ok,5.43,5.84,10.20
vec_build_sum,8000,dynamic,O,runtime:vec_build_sum_n8000:dynamic:O@2026-10-08T01:09:05,2026-10-08T01:10:00,0,1,18.177298,ok,6.24,6.00,10.15
vec_build_sum,8000,dynamic,O,runtime:vec_build_sum_n8000:dynamic:O@2026-10-08T01:09:05,2026-10-08T01:10:18,0,2,17.998665,ok,5.88,5.93,10.03
vec_build_sum,8000,dynamic,O,runtime:vec_build_sum_n8000:dynamic:O@2026-10-08T01:09:05,2026-10-08T01:10:36,0,3,17.976936,ok,6.19,6.00,9.99
vec_build_sum,8000,dynamic,O,runtime:vec_build_sum_n8000:dynamic:O@2026-10-08T01:09:05,2026-10-08T01:10:53,0,4,17.767519,ok,6.63,6.10,9.93
vec_build_sum,16000,typed,cli,runtime:vec_build_sum_n16000:typed:cli@2026-10-08T01:10:58,2026-10-08T01:10:59,1,0,0.395289,ok,6.42,6.06,9.89
vec_build_sum,16000,typed,cli,runtime:vec_build_sum_n16000:typed:cli@2026-10-08T01:10:58,2026-10-08T01:10:59,1,1,0.044768,ok,6.42,6.06,9.89
vec_build_sum,16000,typed,cli,runtime:vec_build_sum_n16000:typed:cli@2026-10-08T01:10:58,2026-10-08T01:10:59,0,0,0.039998,ok,6.42,6.06,9.89
vec_build_sum,16000,typed,cli,runtime:vec_build_sum_n16000:typed:cli@2026-10-08T01:10:58,2026-10-08T01:10:59,0,1,0.038208,ok,6.42,6.06,9.89
vec_build_sum,16000,typed,cli,runtime:vec_build_sum_n16000:typed:cli@2026-10-08T01:10:58,2026-10-08T01:10:59,0,2,0.038825,ok,6.42,6.06,9.89
vec_build_sum,16000,typed,cli,runtime:vec_build_sum_n16000:typed:cli@2026-10-08T01:10:58,2026-10-08T01:10:59,0,3,0.038165,ok,6.42,6.06,9.89
vec_build_sum,16000,typed,cli,runtime:vec_build_sum_n16000:typed:cli@2026-10-08T01:10:58,2026-10-08T01:10:59,0,4,0.038909,ok,6.42,6.06,9.89
vec_build_sum,16000,typed,cli,runtime:vec_build_sum_n16000:typed:cli@2026-10-08T01:10:58,2026-10-08T01:10:59,0,5,0.038359,ok,6.42,6.06,9.89
vec_build_sum,16000,typed,cli,runtime:vec_build_sum_n16000:typed:cli@2026-10-08T01:10:58,2026-10-08T01:10:59,0,6,0.037990,ok,6.42,6.06,9.89
vec_build_sum,16000,typed,cli,runtime:vec_build_sum_n16000:typed:cli@2026-10-08T01:10:58,2026-10-08T01:10:59,0,7,0.038158,ok,6.42,6.06,9.89
vec_build_sum,16000,typed,cli,runtime:vec_build_sum_n16000:typed:cli@2026-10-08T01:10:58,2026-10-08T01:10:59,0,8,0.038172,ok,6.42,6.06,9.89
vec_build_sum,16000,typed,cli,runtime:vec_build_sum_n16000:typed:cli@2026-10-08T01:10:58,2026-10-08T01:10:59,0,9,0.037810,ok,6.42,6.06,9.89
vec_build_sum,16000,typed,cli,runtime:vec_build_sum_n16000:typed:cli@2026-10-08T01:10:58,2026-10-08T01:10:59,0,10,0.038049,ok,6.42,6.06,9.89
vec_build_sum,16000,typed,cli,runtime:vec_build_sum_n16000:typed:cli@2026-10-08T01:10:58,2026-10-08T01:10:59,0,11,0.037787,ok,6.42,6.06,9.89
vec_build_sum,16000,typed,cli,runtime:vec_build_sum_n16000:typed:cli@2026-10-08T01:10:58,2026-10-08T01:10:59,0,12,0.037573,ok,6.42,6.06,9.89
vec_build_sum,16000,typed,cli,runtime:vec_build_sum_n16000:typed:cli@2026-10-08T01:10:58,2026-10-08T01:10:59,0,13,0.037692,ok,6.42,6.06,9.89
vec_build_sum,16000,typed,cli,runtime:vec_build_sum_n16000:typed:cli@2026-10-08T01:10:58,2026-10-08T01:10:59,0,14,0.038468,ok,6.42,6.06,9.89
vec_build_sum,16000,typed,cli,runtime:vec_build_sum_n16000:typed:cli@2026-10-08T01:10:58,2026-10-08T01:10:59,0,15,0.038549,ok,6.42,6.06,9.89
vec_build_sum,16000,typed,cli,runtime:vec_build_sum_n16000:typed:cli@2026-10-08T01:10:58,2026-10-08T01:10:59,0,16,0.038499,ok,6.42,6.06,9.89
vec_build_sum,16000,typed,cli,runtime:vec_build_sum_n16000:typed:cli@2026-10-08T01:10:58,2026-10-08T01:10:59,0,17,0.040568,ok,6.42,6.06,9.89
vec_build_sum,16000,typed,cli,runtime:vec_build_sum_n16000:typed:cli@2026-10-08T01:10:58,2026-10-08T01:11:00,0,18,0.039292,ok,6.42,6.06,9.89
vec_build_sum,16000,typed,cli,runtime:vec_build_sum_n16000:typed:cli@2026-10-08T01:10:58,2026-10-08T01:11:00,0,19,0.039737,ok,6.42,6.06,9.89
vec_build_sum,16000,typed,O,runtime:vec_build_sum_n16000:typed:O@2026-10-08T01:11:00,2026-10-08T01:11:00,1,0,0.269105,ok,6.42,6.06,9.89
vec_build_sum,16000,typed,O,runtime:vec_build_sum_n16000:typed:O@2026-10-08T01:11:00,2026-10-08T01:11:00,1,1,0.013430,ok,6.42,6.06,9.89
vec_build_sum,16000,typed,O,runtime:vec_build_sum_n16000:typed:O@2026-10-08T01:11:00,2026-10-08T01:11:00,0,0,0.014790,ok,6.42,6.06,9.89
vec_build_sum,16000,typed,O,runtime:vec_build_sum_n16000:typed:O@2026-10-08T01:11:00,2026-10-08T01:11:00,0,1,0.014068,ok,6.42,6.06,9.89
vec_build_sum,16000,typed,O,runtime:vec_build_sum_n16000:typed:O@2026-10-08T01:11:00,2026-10-08T01:11:00,0,2,0.012969,ok,6.42,6.06,9.89
vec_build_sum,16000,typed,O,runtime:vec_build_sum_n16000:typed:O@2026-10-08T01:11:00,2026-10-08T01:11:00,0,3,0.012357,ok,6.42,6.06,9.89
vec_build_sum,16000,typed,O,runtime:vec_build_sum_n16000:typed:O@2026-10-08T01:11:00,2026-10-08T01:11:00,0,4,0.012142,ok,6.42,6.06,9.89
vec_build_sum,16000,typed,O,runtime:vec_build_sum_n16000:typed:O@2026-10-08T01:11:00,2026-10-08T01:11:00,0,5,0.012144,ok,6.42,6.06,9.89
vec_build_sum,16000,typed,O,runtime:vec_build_sum_n16000:typed:O@2026-10-08T01:11:00,2026-10-08T01:11:00,0,6,0.012216,ok,6.42,6.06,9.89
vec_build_sum,16000,typed,O,runtime:vec_build_sum_n16000:typed:O@2026-10-08T01:11:00,2026-10-08T01:11:00,0,7,0.012177,ok,6.42,6.06,9.89
vec_build_sum,16000,typed,O,runtime:vec_build_sum_n16000:typed:O@2026-10-08T01:11:00,2026-10-08T01:11:00,0,8,0.012169,ok,6.42,6.06,9.89
vec_build_sum,16000,typed,O,runtime:vec_build_sum_n16000:typed:O@2026-10-08T01:11:00,2026-10-08T01:11:00,0,9,0.012088,ok,6.42,6.06,9.89
vec_build_sum,16000,typed,O,runtime:vec_build_sum_n16000:typed:O@2026-10-08T01:11:00,2026-10-08T01:11:00,0,10,0.012405,ok,6.42,6.06,9.89
vec_build_sum,16000,typed,O,runtime:vec_build_sum_n16000:typed:O@2026-10-08T01:11:00,2026-10-08T01:11:00,0,11,0.012163,ok,6.42,6.06,9.89
vec_build_sum,16000,typed,O,runtime:vec_build_sum_n16000:typed:O@2026-10-08T01:11:00,2026-10-08T01:11:00,0,12,0.012340,ok,6.42,6.06,9.89
vec_build_sum,16000,typed,O,runtime:vec_build_sum_n16000:typed:O@2026-10-08T01:11:00,2026-10-08T01:11:00,0,13,0.012298,ok,6.42,6.06,9.89
vec_build_sum,16000,typed,O,runtime:vec_build_sum_n16000:typed:O@2026-10-08T01:11:00,2026-10-08T01:11:00,0,14,0.012288,ok,6.42,6.06,9.89
vec_build_sum,16000,typed,O,runtime:vec_build_sum_n16000:typed:O@2026-10-08T01:11:00,2026-10-08T01:11:00,0,15,0.012020,ok,6.42,6.06,9.89
vec_build_sum,16000,typed,O,runtime:vec_build_sum_n16000:typed:O@2026-10-08T01:11:00,2026-10-08T01:11:00,0,16,0.012358,ok,6.42,6.06,9.89
vec_build_sum,16000,typed,O,runtime:vec_build_sum_n16000:typed:O@2026-10-08T01:11:00,2026-10-08T01:11:00,0,17,0.012343,ok,6.42,6.06,9.89
vec_build_sum,16000,typed,O,runtime:vec_build_sum_n16000:typed:O@2026-10-08T01:11:00,2026-10-08T01:11:00,0,18,0.012324,ok,6.42,6.06,9.89
vec_build_sum,16000,typed,O,runtime:vec_build_sum_n16000:typed:O@2026-10-08T01:11:00,2026-10-08T01:11:00,0,19,0.012366,ok,6.42,6.06,9.89
vec_build_sum,16000,dynamic,cli,,2026-10-08T01:11:00,0,,,skipped: a smaller n took more than 10 s (median),,,
vec_build_sum,16000,dynamic,O,,2026-10-08T01:11:00,0,,,skipped: a smaller n took more than 10 s (median),,,
vec_build_sum,32000,typed,cli,runtime:vec_build_sum_n32000:typed:cli@2026-10-08T01:11:04,2026-10-08T01:11:05,1,0,0.352461,ok,6.47,6.08,9.88
vec_build_sum,32000,typed,cli,runtime:vec_build_sum_n32000:typed:cli@2026-10-08T01:11:04,2026-10-08T01:11:05,1,1,0.072935,ok,6.47,6.08,9.88
vec_build_sum,32000,typed,cli,runtime:vec_build_sum_n32000:typed:cli@2026-10-08T01:11:04,2026-10-08T01:11:05,0,0,0.071395,ok,6.47,6.08,9.88
vec_build_sum,32000,typed,cli,runtime:vec_build_sum_n32000:typed:cli@2026-10-08T01:11:04,2026-10-08T01:11:05,0,1,0.072159,ok,6.47,6.08,9.88
vec_build_sum,32000,typed,cli,runtime:vec_build_sum_n32000:typed:cli@2026-10-08T01:11:04,2026-10-08T01:11:05,0,2,0.071264,ok,6.47,6.08,9.88
vec_build_sum,32000,typed,cli,runtime:vec_build_sum_n32000:typed:cli@2026-10-08T01:11:04,2026-10-08T01:11:05,0,3,0.071147,ok,6.47,6.08,9.88
vec_build_sum,32000,typed,cli,runtime:vec_build_sum_n32000:typed:cli@2026-10-08T01:11:04,2026-10-08T01:11:05,0,4,0.070898,ok,6.47,6.08,9.88
vec_build_sum,32000,typed,cli,runtime:vec_build_sum_n32000:typed:cli@2026-10-08T01:11:04,2026-10-08T01:11:05,0,5,0.071332,ok,6.47,6.08,9.88
vec_build_sum,32000,typed,cli,runtime:vec_build_sum_n32000:typed:cli@2026-10-08T01:11:04,2026-10-08T01:11:05,0,6,0.070975,ok,6.47,6.08,9.88
vec_build_sum,32000,typed,cli,runtime:vec_build_sum_n32000:typed:cli@2026-10-08T01:11:04,2026-10-08T01:11:05,0,7,0.070708,ok,6.47,6.08,9.88
vec_build_sum,32000,typed,cli,runtime:vec_build_sum_n32000:typed:cli@2026-10-08T01:11:04,2026-10-08T01:11:05,0,8,0.071316,ok,6.47,6.08,9.88
vec_build_sum,32000,typed,cli,runtime:vec_build_sum_n32000:typed:cli@2026-10-08T01:11:04,2026-10-08T01:11:05,0,9,0.070979,ok,6.47,6.08,9.88
vec_build_sum,32000,typed,cli,runtime:vec_build_sum_n32000:typed:cli@2026-10-08T01:11:04,2026-10-08T01:11:06,0,10,0.071315,ok,6.47,6.08,9.88
vec_build_sum,32000,typed,cli,runtime:vec_build_sum_n32000:typed:cli@2026-10-08T01:11:04,2026-10-08T01:11:06,0,11,0.072155,ok,6.47,6.08,9.88
vec_build_sum,32000,typed,cli,runtime:vec_build_sum_n32000:typed:cli@2026-10-08T01:11:04,2026-10-08T01:11:06,0,12,0.072264,ok,6.47,6.08,9.88
vec_build_sum,32000,typed,cli,runtime:vec_build_sum_n32000:typed:cli@2026-10-08T01:11:04,2026-10-08T01:11:06,0,13,0.072144,ok,6.47,6.08,9.88
vec_build_sum,32000,typed,cli,runtime:vec_build_sum_n32000:typed:cli@2026-10-08T01:11:04,2026-10-08T01:11:06,0,14,0.072283,ok,6.47,6.08,9.88
vec_build_sum,32000,typed,cli,runtime:vec_build_sum_n32000:typed:cli@2026-10-08T01:11:04,2026-10-08T01:11:06,0,15,0.071883,ok,6.47,6.08,9.88
vec_build_sum,32000,typed,cli,runtime:vec_build_sum_n32000:typed:cli@2026-10-08T01:11:04,2026-10-08T01:11:06,0,16,0.073018,ok,6.47,6.08,9.88
vec_build_sum,32000,typed,cli,runtime:vec_build_sum_n32000:typed:cli@2026-10-08T01:11:04,2026-10-08T01:11:06,0,17,0.072100,ok,6.47,6.08,9.88
vec_build_sum,32000,typed,cli,runtime:vec_build_sum_n32000:typed:cli@2026-10-08T01:11:04,2026-10-08T01:11:06,0,18,0.072491,ok,6.47,6.08,9.88
vec_build_sum,32000,typed,cli,runtime:vec_build_sum_n32000:typed:cli@2026-10-08T01:11:04,2026-10-08T01:11:06,0,19,0.071932,ok,6.47,6.08,9.88
vec_build_sum,32000,typed,O,runtime:vec_build_sum_n32000:typed:O@2026-10-08T01:11:06,2026-10-08T01:11:07,1,0,0.280267,ok,6.47,6.08,9.88
vec_build_sum,32000,typed,O,runtime:vec_build_sum_n32000:typed:O@2026-10-08T01:11:06,2026-10-08T01:11:07,1,1,0.024965,ok,6.47,6.08,9.88
vec_build_sum,32000,typed,O,runtime:vec_build_sum_n32000:typed:O@2026-10-08T01:11:06,2026-10-08T01:11:07,0,0,0.026501,ok,6.47,6.08,9.88
vec_build_sum,32000,typed,O,runtime:vec_build_sum_n32000:typed:O@2026-10-08T01:11:06,2026-10-08T01:11:07,0,1,0.023127,ok,6.47,6.08,9.88
vec_build_sum,32000,typed,O,runtime:vec_build_sum_n32000:typed:O@2026-10-08T01:11:06,2026-10-08T01:11:07,0,2,0.022258,ok,6.47,6.08,9.88
vec_build_sum,32000,typed,O,runtime:vec_build_sum_n32000:typed:O@2026-10-08T01:11:06,2026-10-08T01:11:07,0,3,0.021438,ok,6.47,6.08,9.88
vec_build_sum,32000,typed,O,runtime:vec_build_sum_n32000:typed:O@2026-10-08T01:11:06,2026-10-08T01:11:07,0,4,0.021670,ok,6.47,6.08,9.88
vec_build_sum,32000,typed,O,runtime:vec_build_sum_n32000:typed:O@2026-10-08T01:11:06,2026-10-08T01:11:07,0,5,0.022003,ok,6.47,6.08,9.88
vec_build_sum,32000,typed,O,runtime:vec_build_sum_n32000:typed:O@2026-10-08T01:11:06,2026-10-08T01:11:07,0,6,0.021231,ok,6.47,6.08,9.88
vec_build_sum,32000,typed,O,runtime:vec_build_sum_n32000:typed:O@2026-10-08T01:11:06,2026-10-08T01:11:07,0,7,0.021471,ok,6.47,6.08,9.88
vec_build_sum,32000,typed,O,runtime:vec_build_sum_n32000:typed:O@2026-10-08T01:11:06,2026-10-08T01:11:07,0,8,0.021238,ok,6.47,6.08,9.88
vec_build_sum,32000,typed,O,runtime:vec_build_sum_n32000:typed:O@2026-10-08T01:11:06,2026-10-08T01:11:07,0,9,0.021269,ok,6.47,6.08,9.88
vec_build_sum,32000,typed,O,runtime:vec_build_sum_n32000:typed:O@2026-10-08T01:11:06,2026-10-08T01:11:07,0,10,0.021398,ok,6.47,6.08,9.88
vec_build_sum,32000,typed,O,runtime:vec_build_sum_n32000:typed:O@2026-10-08T01:11:06,2026-10-08T01:11:07,0,11,0.021327,ok,6.47,6.08,9.88
vec_build_sum,32000,typed,O,runtime:vec_build_sum_n32000:typed:O@2026-10-08T01:11:06,2026-10-08T01:11:07,0,12,0.021365,ok,6.47,6.08,9.88
vec_build_sum,32000,typed,O,runtime:vec_build_sum_n32000:typed:O@2026-10-08T01:11:06,2026-10-08T01:11:07,0,13,0.021863,ok,6.47,6.08,9.88
vec_build_sum,32000,typed,O,runtime:vec_build_sum_n32000:typed:O@2026-10-08T01:11:06,2026-10-08T01:11:07,0,14,0.021114,ok,6.47,6.08,9.88
vec_build_sum,32000,typed,O,runtime:vec_build_sum_n32000:typed:O@2026-10-08T01:11:06,2026-10-08T01:11:07,0,15,0.021371,ok,6.47,6.08,9.88
vec_build_sum,32000,typed,O,runtime:vec_build_sum_n32000:typed:O@2026-10-08T01:11:06,2026-10-08T01:11:07,0,16,0.021398,ok,6.47,6.08,9.88
vec_build_sum,32000,typed,O,runtime:vec_build_sum_n32000:typed:O@2026-10-08T01:11:06,2026-10-08T01:11:07,0,17,0.021441,ok,6.47,6.08,9.88
vec_build_sum,32000,typed,O,runtime:vec_build_sum_n32000:typed:O@2026-10-08T01:11:06,2026-10-08T01:11:07,0,18,0.021172,ok,6.47,6.08,9.88
vec_build_sum,32000,typed,O,runtime:vec_build_sum_n32000:typed:O@2026-10-08T01:11:06,2026-10-08T01:11:07,0,19,0.021055,ok,6.47,6.08,9.88
vec_build_sum,32000,dynamic,cli,,2026-10-08T01:11:07,0,,,skipped: a smaller n took more than 10 s (median),,,
vec_build_sum,32000,dynamic,O,,2026-10-08T01:11:07,0,,,skipped: a smaller n took more than 10 s (median),,,
vec_build_sum,64000,typed,cli,runtime:vec_build_sum_n64000:typed:cli@2026-10-08T01:11:11,2026-10-08T01:11:11,1,0,0.408627,ok,6.51,6.10,9.86
vec_build_sum,64000,typed,cli,runtime:vec_build_sum_n64000:typed:cli@2026-10-08T01:11:11,2026-10-08T01:11:12,1,1,0.137571,ok,6.51,6.10,9.86
vec_build_sum,64000,typed,cli,runtime:vec_build_sum_n64000:typed:cli@2026-10-08T01:11:11,2026-10-08T01:11:12,0,0,0.137196,ok,6.51,6.10,9.86
vec_build_sum,64000,typed,cli,runtime:vec_build_sum_n64000:typed:cli@2026-10-08T01:11:11,2026-10-08T01:11:12,0,1,0.137970,ok,6.51,6.10,9.86
vec_build_sum,64000,typed,cli,runtime:vec_build_sum_n64000:typed:cli@2026-10-08T01:11:11,2026-10-08T01:11:12,0,2,0.136385,ok,6.51,6.10,9.86
vec_build_sum,64000,typed,cli,runtime:vec_build_sum_n64000:typed:cli@2026-10-08T01:11:11,2026-10-08T01:11:12,0,3,0.137403,ok,6.51,6.10,9.86
vec_build_sum,64000,typed,cli,runtime:vec_build_sum_n64000:typed:cli@2026-10-08T01:11:11,2026-10-08T01:11:12,0,4,0.136609,ok,6.51,6.10,9.86
vec_build_sum,64000,typed,cli,runtime:vec_build_sum_n64000:typed:cli@2026-10-08T01:11:11,2026-10-08T01:11:12,0,5,0.136798,ok,6.51,6.10,9.86
vec_build_sum,64000,typed,cli,runtime:vec_build_sum_n64000:typed:cli@2026-10-08T01:11:11,2026-10-08T01:11:13,0,6,0.137131,ok,6.31,6.06,9.82
vec_build_sum,64000,typed,cli,runtime:vec_build_sum_n64000:typed:cli@2026-10-08T01:11:11,2026-10-08T01:11:13,0,7,0.140961,ok,6.31,6.06,9.82
vec_build_sum,64000,typed,cli,runtime:vec_build_sum_n64000:typed:cli@2026-10-08T01:11:11,2026-10-08T01:11:13,0,8,0.137388,ok,6.31,6.06,9.82
vec_build_sum,64000,typed,cli,runtime:vec_build_sum_n64000:typed:cli@2026-10-08T01:11:11,2026-10-08T01:11:13,0,9,0.140567,ok,6.31,6.06,9.82
vec_build_sum,64000,typed,cli,runtime:vec_build_sum_n64000:typed:cli@2026-10-08T01:11:11,2026-10-08T01:11:13,0,10,0.138999,ok,6.31,6.06,9.82
vec_build_sum,64000,typed,cli,runtime:vec_build_sum_n64000:typed:cli@2026-10-08T01:11:11,2026-10-08T01:11:13,0,11,0.137954,ok,6.31,6.06,9.82
vec_build_sum,64000,typed,cli,runtime:vec_build_sum_n64000:typed:cli@2026-10-08T01:11:11,2026-10-08T01:11:13,0,12,0.138075,ok,6.31,6.06,9.82
vec_build_sum,64000,typed,cli,runtime:vec_build_sum_n64000:typed:cli@2026-10-08T01:11:11,2026-10-08T01:11:14,0,13,0.137914,ok,6.31,6.06,9.82
vec_build_sum,64000,typed,cli,runtime:vec_build_sum_n64000:typed:cli@2026-10-08T01:11:11,2026-10-08T01:11:14,0,14,0.137968,ok,6.31,6.06,9.82
vec_build_sum,64000,typed,cli,runtime:vec_build_sum_n64000:typed:cli@2026-10-08T01:11:11,2026-10-08T01:11:14,0,15,0.138076,ok,6.31,6.06,9.82
vec_build_sum,64000,typed,cli,runtime:vec_build_sum_n64000:typed:cli@2026-10-08T01:11:11,2026-10-08T01:11:14,0,16,0.137902,ok,6.31,6.06,9.82
vec_build_sum,64000,typed,cli,runtime:vec_build_sum_n64000:typed:cli@2026-10-08T01:11:11,2026-10-08T01:11:14,0,17,0.137176,ok,6.31,6.06,9.82
vec_build_sum,64000,typed,cli,runtime:vec_build_sum_n64000:typed:cli@2026-10-08T01:11:11,2026-10-08T01:11:14,0,18,0.137487,ok,6.31,6.06,9.82
vec_build_sum,64000,typed,cli,runtime:vec_build_sum_n64000:typed:cli@2026-10-08T01:11:11,2026-10-08T01:11:14,0,19,0.137232,ok,6.31,6.06,9.82
vec_build_sum,64000,typed,O,runtime:vec_build_sum_n64000:typed:O@2026-10-08T01:11:14,2026-10-08T01:11:15,1,0,0.292133,ok,6.31,6.06,9.82
vec_build_sum,64000,typed,O,runtime:vec_build_sum_n64000:typed:O@2026-10-08T01:11:14,2026-10-08T01:11:15,1,1,0.046786,ok,6.31,6.06,9.82
vec_build_sum,64000,typed,O,runtime:vec_build_sum_n64000:typed:O@2026-10-08T01:11:14,2026-10-08T01:11:15,0,0,0.042915,ok,6.31,6.06,9.82
vec_build_sum,64000,typed,O,runtime:vec_build_sum_n64000:typed:O@2026-10-08T01:11:14,2026-10-08T01:11:15,0,1,0.042147,ok,6.31,6.06,9.82
vec_build_sum,64000,typed,O,runtime:vec_build_sum_n64000:typed:O@2026-10-08T01:11:14,2026-10-08T01:11:15,0,2,0.043584,ok,6.31,6.06,9.82
vec_build_sum,64000,typed,O,runtime:vec_build_sum_n64000:typed:O@2026-10-08T01:11:14,2026-10-08T01:11:15,0,3,0.043181,ok,6.31,6.06,9.82
vec_build_sum,64000,typed,O,runtime:vec_build_sum_n64000:typed:O@2026-10-08T01:11:14,2026-10-08T01:11:15,0,4,0.043639,ok,6.31,6.06,9.82
vec_build_sum,64000,typed,O,runtime:vec_build_sum_n64000:typed:O@2026-10-08T01:11:14,2026-10-08T01:11:15,0,5,0.043623,ok,6.31,6.06,9.82
vec_build_sum,64000,typed,O,runtime:vec_build_sum_n64000:typed:O@2026-10-08T01:11:14,2026-10-08T01:11:15,0,6,0.043068,ok,6.31,6.06,9.82
vec_build_sum,64000,typed,O,runtime:vec_build_sum_n64000:typed:O@2026-10-08T01:11:14,2026-10-08T01:11:15,0,7,0.043800,ok,6.31,6.06,9.82
vec_build_sum,64000,typed,O,runtime:vec_build_sum_n64000:typed:O@2026-10-08T01:11:14,2026-10-08T01:11:15,0,8,0.042387,ok,6.31,6.06,9.82
vec_build_sum,64000,typed,O,runtime:vec_build_sum_n64000:typed:O@2026-10-08T01:11:14,2026-10-08T01:11:15,0,9,0.042566,ok,6.31,6.06,9.82
vec_build_sum,64000,typed,O,runtime:vec_build_sum_n64000:typed:O@2026-10-08T01:11:14,2026-10-08T01:11:15,0,10,0.042258,ok,6.31,6.06,9.82
vec_build_sum,64000,typed,O,runtime:vec_build_sum_n64000:typed:O@2026-10-08T01:11:14,2026-10-08T01:11:15,0,11,0.041995,ok,6.31,6.06,9.82
vec_build_sum,64000,typed,O,runtime:vec_build_sum_n64000:typed:O@2026-10-08T01:11:14,2026-10-08T01:11:15,0,12,0.041591,ok,6.31,6.06,9.82
vec_build_sum,64000,typed,O,runtime:vec_build_sum_n64000:typed:O@2026-10-08T01:11:14,2026-10-08T01:11:15,0,13,0.043195,ok,6.31,6.06,9.82
vec_build_sum,64000,typed,O,runtime:vec_build_sum_n64000:typed:O@2026-10-08T01:11:14,2026-10-08T01:11:15,0,14,0.041740,ok,6.31,6.06,9.82
vec_build_sum,64000,typed,O,runtime:vec_build_sum_n64000:typed:O@2026-10-08T01:11:14,2026-10-08T01:11:16,0,15,0.042922,ok,6.31,6.06,9.82
vec_build_sum,64000,typed,O,runtime:vec_build_sum_n64000:typed:O@2026-10-08T01:11:14,2026-10-08T01:11:16,0,16,0.041937,ok,6.31,6.06,9.82
vec_build_sum,64000,typed,O,runtime:vec_build_sum_n64000:typed:O@2026-10-08T01:11:14,2026-10-08T01:11:16,0,17,0.042039,ok,6.31,6.06,9.82
vec_build_sum,64000,typed,O,runtime:vec_build_sum_n64000:typed:O@2026-10-08T01:11:14,2026-10-08T01:11:16,0,18,0.042301,ok,6.31,6.06,9.82
vec_build_sum,64000,typed,O,runtime:vec_build_sum_n64000:typed:O@2026-10-08T01:11:14,2026-10-08T01:11:16,0,19,0.042327,ok,6.31,6.06,9.82
vec_build_sum,64000,dynamic,cli,,2026-10-08T01:11:16,0,,,skipped: a smaller n took more than 10 s (median),,,
vec_build_sum,64000,dynamic,O,,2026-10-08T01:11:16,0,,,skipped: a smaller n took more than 10 s (median),,,
vec_build_sum,128000,typed,cli,runtime:vec_build_sum_n128000:typed:cli@2026-10-08T01:11:20,2026-10-08T01:11:20,1,0,0.391142,error:-6 (stack overflow),6.12,6.03,9.79
vec_build_sum,128000,typed,O,runtime:vec_build_sum_n128000:typed:O@2026-10-08T01:11:20,2026-10-08T01:11:21,1,0,0.338336,ok,6.12,6.03,9.79
vec_build_sum,128000,typed,O,runtime:vec_build_sum_n128000:typed:O@2026-10-08T01:11:20,2026-10-08T01:11:21,1,1,0.079073,ok,6.12,6.03,9.79
vec_build_sum,128000,typed,O,runtime:vec_build_sum_n128000:typed:O@2026-10-08T01:11:20,2026-10-08T01:11:21,0,0,0.078550,ok,6.12,6.03,9.79
vec_build_sum,128000,typed,O,runtime:vec_build_sum_n128000:typed:O@2026-10-08T01:11:20,2026-10-08T01:11:21,0,1,0.079531,ok,6.12,6.03,9.79
vec_build_sum,128000,typed,O,runtime:vec_build_sum_n128000:typed:O@2026-10-08T01:11:20,2026-10-08T01:11:21,0,2,0.079385,ok,6.12,6.03,9.79
vec_build_sum,128000,typed,O,runtime:vec_build_sum_n128000:typed:O@2026-10-08T01:11:20,2026-10-08T01:11:21,0,3,0.078532,ok,6.12,6.03,9.79
vec_build_sum,128000,typed,O,runtime:vec_build_sum_n128000:typed:O@2026-10-08T01:11:20,2026-10-08T01:11:21,0,4,0.078217,ok,6.12,6.03,9.79
vec_build_sum,128000,typed,O,runtime:vec_build_sum_n128000:typed:O@2026-10-08T01:11:20,2026-10-08T01:11:21,0,5,0.080366,ok,6.12,6.03,9.79
vec_build_sum,128000,typed,O,runtime:vec_build_sum_n128000:typed:O@2026-10-08T01:11:20,2026-10-08T01:11:21,0,6,0.080187,ok,6.12,6.03,9.79
vec_build_sum,128000,typed,O,runtime:vec_build_sum_n128000:typed:O@2026-10-08T01:11:20,2026-10-08T01:11:21,0,7,0.080356,ok,6.12,6.03,9.79
vec_build_sum,128000,typed,O,runtime:vec_build_sum_n128000:typed:O@2026-10-08T01:11:20,2026-10-08T01:11:21,0,8,0.080307,ok,6.12,6.03,9.79
vec_build_sum,128000,typed,O,runtime:vec_build_sum_n128000:typed:O@2026-10-08T01:11:20,2026-10-08T01:11:22,0,9,0.080451,ok,6.12,6.03,9.79
vec_build_sum,128000,typed,O,runtime:vec_build_sum_n128000:typed:O@2026-10-08T01:11:20,2026-10-08T01:11:22,0,10,0.079122,ok,6.12,6.03,9.79
vec_build_sum,128000,typed,O,runtime:vec_build_sum_n128000:typed:O@2026-10-08T01:11:20,2026-10-08T01:11:22,0,11,0.081611,ok,6.12,6.03,9.79
vec_build_sum,128000,typed,O,runtime:vec_build_sum_n128000:typed:O@2026-10-08T01:11:20,2026-10-08T01:11:22,0,12,0.080925,ok,6.12,6.03,9.79
vec_build_sum,128000,typed,O,runtime:vec_build_sum_n128000:typed:O@2026-10-08T01:11:20,2026-10-08T01:11:22,0,13,0.079861,ok,6.12,6.03,9.79
vec_build_sum,128000,typed,O,runtime:vec_build_sum_n128000:typed:O@2026-10-08T01:11:20,2026-10-08T01:11:22,0,14,0.079281,ok,6.12,6.03,9.79
vec_build_sum,128000,typed,O,runtime:vec_build_sum_n128000:typed:O@2026-10-08T01:11:20,2026-10-08T01:11:22,0,15,0.079588,ok,6.12,6.03,9.79
vec_build_sum,128000,typed,O,runtime:vec_build_sum_n128000:typed:O@2026-10-08T01:11:20,2026-10-08T01:11:22,0,16,0.079087,ok,6.12,6.03,9.79
vec_build_sum,128000,typed,O,runtime:vec_build_sum_n128000:typed:O@2026-10-08T01:11:20,2026-10-08T01:11:22,0,17,0.078069,ok,6.12,6.03,9.79
vec_build_sum,128000,typed,O,runtime:vec_build_sum_n128000:typed:O@2026-10-08T01:11:20,2026-10-08T01:11:22,0,18,0.078332,ok,6.12,6.03,9.79
vec_build_sum,128000,typed,O,runtime:vec_build_sum_n128000:typed:O@2026-10-08T01:11:20,2026-10-08T01:11:22,0,19,0.078865,ok,6.12,6.03,9.79
vec_build_sum,128000,dynamic,cli,,2026-10-08T01:11:22,0,,,skipped: a smaller n took more than 10 s (median),,,
vec_build_sum,128000,dynamic,O,,2026-10-08T01:11:22,0,,,skipped: a smaller n took more than 10 s (median),,,
list_fold,1000,typed,cli,runtime:list_fold_n1000:typed:cli@2026-10-08T01:11:31,2026-10-08T01:11:31,1,0,0.259019,ok,5.87,5.97,9.73
list_fold,1000,typed,cli,runtime:list_fold_n1000:typed:cli@2026-10-08T01:11:31,2026-10-08T01:11:31,1,1,0.006548,ok,5.87,5.97,9.73
list_fold,1000,typed,cli,runtime:list_fold_n1000:typed:cli@2026-10-08T01:11:31,2026-10-08T01:11:31,0,0,0.006197,ok,5.87,5.97,9.73
list_fold,1000,typed,cli,runtime:list_fold_n1000:typed:cli@2026-10-08T01:11:31,2026-10-08T01:11:31,0,1,0.006514,ok,5.87,5.97,9.73
list_fold,1000,typed,cli,runtime:list_fold_n1000:typed:cli@2026-10-08T01:11:31,2026-10-08T01:11:31,0,2,0.006047,ok,5.87,5.97,9.73
list_fold,1000,typed,cli,runtime:list_fold_n1000:typed:cli@2026-10-08T01:11:31,2026-10-08T01:11:31,0,3,0.005817,ok,5.87,5.97,9.73
list_fold,1000,typed,cli,runtime:list_fold_n1000:typed:cli@2026-10-08T01:11:31,2026-10-08T01:11:31,0,4,0.006921,ok,5.87,5.97,9.73
list_fold,1000,typed,cli,runtime:list_fold_n1000:typed:cli@2026-10-08T01:11:31,2026-10-08T01:11:31,0,5,0.006999,ok,5.87,5.97,9.73
list_fold,1000,typed,cli,runtime:list_fold_n1000:typed:cli@2026-10-08T01:11:31,2026-10-08T01:11:31,0,6,0.007458,ok,5.87,5.97,9.73
list_fold,1000,typed,cli,runtime:list_fold_n1000:typed:cli@2026-10-08T01:11:31,2026-10-08T01:11:31,0,7,0.007351,ok,5.87,5.97,9.73
list_fold,1000,typed,cli,runtime:list_fold_n1000:typed:cli@2026-10-08T01:11:31,2026-10-08T01:11:31,0,8,0.007045,ok,5.87,5.97,9.73
list_fold,1000,typed,cli,runtime:list_fold_n1000:typed:cli@2026-10-08T01:11:31,2026-10-08T01:11:31,0,9,0.007084,ok,5.87,5.97,9.73
list_fold,1000,typed,cli,runtime:list_fold_n1000:typed:cli@2026-10-08T01:11:31,2026-10-08T01:11:31,0,10,0.006914,ok,5.87,5.97,9.73
list_fold,1000,typed,cli,runtime:list_fold_n1000:typed:cli@2026-10-08T01:11:31,2026-10-08T01:11:31,0,11,0.006558,ok,5.87,5.97,9.73
list_fold,1000,typed,cli,runtime:list_fold_n1000:typed:cli@2026-10-08T01:11:31,2026-10-08T01:11:31,0,12,0.006341,ok,5.87,5.97,9.73
list_fold,1000,typed,cli,runtime:list_fold_n1000:typed:cli@2026-10-08T01:11:31,2026-10-08T01:11:31,0,13,0.006154,ok,5.87,5.97,9.73
list_fold,1000,typed,cli,runtime:list_fold_n1000:typed:cli@2026-10-08T01:11:31,2026-10-08T01:11:31,0,14,0.006062,ok,5.87,5.97,9.73
list_fold,1000,typed,cli,runtime:list_fold_n1000:typed:cli@2026-10-08T01:11:31,2026-10-08T01:11:31,0,15,0.005954,ok,5.87,5.97,9.73
list_fold,1000,typed,cli,runtime:list_fold_n1000:typed:cli@2026-10-08T01:11:31,2026-10-08T01:11:31,0,16,0.005827,ok,5.87,5.97,9.73
list_fold,1000,typed,cli,runtime:list_fold_n1000:typed:cli@2026-10-08T01:11:31,2026-10-08T01:11:31,0,17,0.005799,ok,5.87,5.97,9.73
list_fold,1000,typed,cli,runtime:list_fold_n1000:typed:cli@2026-10-08T01:11:31,2026-10-08T01:11:31,0,18,0.005715,ok,5.87,5.97,9.73
list_fold,1000,typed,cli,runtime:list_fold_n1000:typed:cli@2026-10-08T01:11:31,2026-10-08T01:11:31,0,19,0.005733,ok,5.87,5.97,9.73
list_fold,1000,typed,O,runtime:list_fold_n1000:typed:O@2026-10-08T01:11:31,2026-10-08T01:11:32,1,0,0.268526,ok,5.87,5.97,9.73
list_fold,1000,typed,O,runtime:list_fold_n1000:typed:O@2026-10-08T01:11:31,2026-10-08T01:11:32,1,1,0.004049,ok,5.87,5.97,9.73
list_fold,1000,typed,O,runtime:list_fold_n1000:typed:O@2026-10-08T01:11:31,2026-10-08T01:11:32,0,0,0.003463,ok,5.87,5.97,9.73
list_fold,1000,typed,O,runtime:list_fold_n1000:typed:O@2026-10-08T01:11:31,2026-10-08T01:11:32,0,1,0.003375,ok,5.87,5.97,9.73
list_fold,1000,typed,O,runtime:list_fold_n1000:typed:O@2026-10-08T01:11:31,2026-10-08T01:11:32,0,2,0.003340,ok,5.87,5.97,9.73
list_fold,1000,typed,O,runtime:list_fold_n1000:typed:O@2026-10-08T01:11:31,2026-10-08T01:11:32,0,3,0.003497,ok,5.87,5.97,9.73
list_fold,1000,typed,O,runtime:list_fold_n1000:typed:O@2026-10-08T01:11:31,2026-10-08T01:11:32,0,4,0.003359,ok,5.87,5.97,9.73
list_fold,1000,typed,O,runtime:list_fold_n1000:typed:O@2026-10-08T01:11:31,2026-10-08T01:11:32,0,5,0.003449,ok,5.87,5.97,9.73
list_fold,1000,typed,O,runtime:list_fold_n1000:typed:O@2026-10-08T01:11:31,2026-10-08T01:11:32,0,6,0.003558,ok,5.87,5.97,9.73
list_fold,1000,typed,O,runtime:list_fold_n1000:typed:O@2026-10-08T01:11:31,2026-10-08T01:11:32,0,7,0.003617,ok,5.87,5.97,9.73
list_fold,1000,typed,O,runtime:list_fold_n1000:typed:O@2026-10-08T01:11:31,2026-10-08T01:11:32,0,8,0.003798,ok,5.87,5.97,9.73
list_fold,1000,typed,O,runtime:list_fold_n1000:typed:O@2026-10-08T01:11:31,2026-10-08T01:11:32,0,9,0.003822,ok,5.87,5.97,9.73
list_fold,1000,typed,O,runtime:list_fold_n1000:typed:O@2026-10-08T01:11:31,2026-10-08T01:11:32,0,10,0.003909,ok,5.87,5.97,9.73
list_fold,1000,typed,O,runtime:list_fold_n1000:typed:O@2026-10-08T01:11:31,2026-10-08T01:11:32,0,11,0.003834,ok,5.87,5.97,9.73
list_fold,1000,typed,O,runtime:list_fold_n1000:typed:O@2026-10-08T01:11:31,2026-10-08T01:11:32,0,12,0.004193,ok,5.87,5.97,9.73
list_fold,1000,typed,O,runtime:list_fold_n1000:typed:O@2026-10-08T01:11:31,2026-10-08T01:11:32,0,13,0.004003,ok,5.87,5.97,9.73
list_fold,1000,typed,O,runtime:list_fold_n1000:typed:O@2026-10-08T01:11:31,2026-10-08T01:11:32,0,14,0.003880,ok,5.87,5.97,9.73
list_fold,1000,typed,O,runtime:list_fold_n1000:typed:O@2026-10-08T01:11:31,2026-10-08T01:11:32,0,15,0.003674,ok,5.87,5.97,9.73
list_fold,1000,typed,O,runtime:list_fold_n1000:typed:O@2026-10-08T01:11:31,2026-10-08T01:11:32,0,16,0.003633,ok,5.87,5.97,9.73
list_fold,1000,typed,O,runtime:list_fold_n1000:typed:O@2026-10-08T01:11:31,2026-10-08T01:11:32,0,17,0.003527,ok,5.87,5.97,9.73
list_fold,1000,typed,O,runtime:list_fold_n1000:typed:O@2026-10-08T01:11:31,2026-10-08T01:11:32,0,18,0.003426,ok,5.87,5.97,9.73
list_fold,1000,typed,O,runtime:list_fold_n1000:typed:O@2026-10-08T01:11:31,2026-10-08T01:11:32,0,19,0.003556,ok,5.87,5.97,9.73
list_fold,1000,dynamic,cli,runtime:list_fold_n1000:dynamic:cli@2026-10-08T01:11:32,2026-10-08T01:11:32,1,0,0.266818,ok,5.87,5.97,9.73
list_fold,1000,dynamic,cli,runtime:list_fold_n1000:dynamic:cli@2026-10-08T01:11:32,2026-10-08T01:11:32,1,1,0.005326,ok,5.87,5.97,9.73
list_fold,1000,dynamic,cli,runtime:list_fold_n1000:dynamic:cli@2026-10-08T01:11:32,2026-10-08T01:11:32,0,0,0.005189,ok,5.87,5.97,9.73
list_fold,1000,dynamic,cli,runtime:list_fold_n1000:dynamic:cli@2026-10-08T01:11:32,2026-10-08T01:11:32,0,1,0.004633,ok,5.87,5.97,9.73
list_fold,1000,dynamic,cli,runtime:list_fold_n1000:dynamic:cli@2026-10-08T01:11:32,2026-10-08T01:11:32,0,2,0.005056,ok,5.87,5.97,9.73
list_fold,1000,dynamic,cli,runtime:list_fold_n1000:dynamic:cli@2026-10-08T01:11:32,2026-10-08T01:11:32,0,3,0.005093,ok,5.87,5.97,9.73
list_fold,1000,dynamic,cli,runtime:list_fold_n1000:dynamic:cli@2026-10-08T01:11:32,2026-10-08T01:11:32,0,4,0.005136,ok,5.87,5.97,9.73
list_fold,1000,dynamic,cli,runtime:list_fold_n1000:dynamic:cli@2026-10-08T01:11:32,2026-10-08T01:11:32,0,5,0.005292,ok,5.87,5.97,9.73
list_fold,1000,dynamic,cli,runtime:list_fold_n1000:dynamic:cli@2026-10-08T01:11:32,2026-10-08T01:11:32,0,6,0.005547,ok,5.87,5.97,9.73
list_fold,1000,dynamic,cli,runtime:list_fold_n1000:dynamic:cli@2026-10-08T01:11:32,2026-10-08T01:11:32,0,7,0.006151,ok,5.87,5.97,9.73
list_fold,1000,dynamic,cli,runtime:list_fold_n1000:dynamic:cli@2026-10-08T01:11:32,2026-10-08T01:11:32,0,8,0.006053,ok,5.87,5.97,9.73
list_fold,1000,dynamic,cli,runtime:list_fold_n1000:dynamic:cli@2026-10-08T01:11:32,2026-10-08T01:11:32,0,9,0.006030,ok,5.87,5.97,9.73
list_fold,1000,dynamic,cli,runtime:list_fold_n1000:dynamic:cli@2026-10-08T01:11:32,2026-10-08T01:11:32,0,10,0.005931,ok,5.87,5.97,9.73
list_fold,1000,dynamic,cli,runtime:list_fold_n1000:dynamic:cli@2026-10-08T01:11:32,2026-10-08T01:11:32,0,11,0.005866,ok,5.87,5.97,9.73
list_fold,1000,dynamic,cli,runtime:list_fold_n1000:dynamic:cli@2026-10-08T01:11:32,2026-10-08T01:11:32,0,12,0.005736,ok,5.87,5.97,9.73
list_fold,1000,dynamic,cli,runtime:list_fold_n1000:dynamic:cli@2026-10-08T01:11:32,2026-10-08T01:11:32,0,13,0.005347,ok,5.87,5.97,9.73
list_fold,1000,dynamic,cli,runtime:list_fold_n1000:dynamic:cli@2026-10-08T01:11:32,2026-10-08T01:11:32,0,14,0.005270,ok,5.87,5.97,9.73
list_fold,1000,dynamic,cli,runtime:list_fold_n1000:dynamic:cli@2026-10-08T01:11:32,2026-10-08T01:11:32,0,15,0.005130,ok,5.87,5.97,9.73
list_fold,1000,dynamic,cli,runtime:list_fold_n1000:dynamic:cli@2026-10-08T01:11:32,2026-10-08T01:11:32,0,16,0.005051,ok,5.87,5.97,9.73
list_fold,1000,dynamic,cli,runtime:list_fold_n1000:dynamic:cli@2026-10-08T01:11:32,2026-10-08T01:11:32,0,17,0.004997,ok,5.87,5.97,9.73
list_fold,1000,dynamic,cli,runtime:list_fold_n1000:dynamic:cli@2026-10-08T01:11:32,2026-10-08T01:11:32,0,18,0.004896,ok,5.87,5.97,9.73
list_fold,1000,dynamic,cli,runtime:list_fold_n1000:dynamic:cli@2026-10-08T01:11:32,2026-10-08T01:11:32,0,19,0.004801,ok,5.87,5.97,9.73
list_fold,1000,dynamic,O,runtime:list_fold_n1000:dynamic:O@2026-10-08T01:11:32,2026-10-08T01:11:33,1,0,0.255667,ok,5.64,5.92,9.69
list_fold,1000,dynamic,O,runtime:list_fold_n1000:dynamic:O@2026-10-08T01:11:32,2026-10-08T01:11:33,1,1,0.003801,ok,5.64,5.92,9.69
list_fold,1000,dynamic,O,runtime:list_fold_n1000:dynamic:O@2026-10-08T01:11:32,2026-10-08T01:11:33,0,0,0.003420,ok,5.64,5.92,9.69
list_fold,1000,dynamic,O,runtime:list_fold_n1000:dynamic:O@2026-10-08T01:11:32,2026-10-08T01:11:33,0,1,0.003198,ok,5.64,5.92,9.69
list_fold,1000,dynamic,O,runtime:list_fold_n1000:dynamic:O@2026-10-08T01:11:32,2026-10-08T01:11:33,0,2,0.003200,ok,5.64,5.92,9.69
list_fold,1000,dynamic,O,runtime:list_fold_n1000:dynamic:O@2026-10-08T01:11:32,2026-10-08T01:11:33,0,3,0.003349,ok,5.64,5.92,9.69
list_fold,1000,dynamic,O,runtime:list_fold_n1000:dynamic:O@2026-10-08T01:11:32,2026-10-08T01:11:33,0,4,0.003462,ok,5.64,5.92,9.69
list_fold,1000,dynamic,O,runtime:list_fold_n1000:dynamic:O@2026-10-08T01:11:32,2026-10-08T01:11:33,0,5,0.003341,ok,5.64,5.92,9.69
list_fold,1000,dynamic,O,runtime:list_fold_n1000:dynamic:O@2026-10-08T01:11:32,2026-10-08T01:11:33,0,6,0.003624,ok,5.64,5.92,9.69
list_fold,1000,dynamic,O,runtime:list_fold_n1000:dynamic:O@2026-10-08T01:11:32,2026-10-08T01:11:33,0,7,0.003471,ok,5.64,5.92,9.69
list_fold,1000,dynamic,O,runtime:list_fold_n1000:dynamic:O@2026-10-08T01:11:32,2026-10-08T01:11:33,0,8,0.004935,ok,5.64,5.92,9.69
list_fold,1000,dynamic,O,runtime:list_fold_n1000:dynamic:O@2026-10-08T01:11:32,2026-10-08T01:11:33,0,9,0.003916,ok,5.64,5.92,9.69
list_fold,1000,dynamic,O,runtime:list_fold_n1000:dynamic:O@2026-10-08T01:11:32,2026-10-08T01:11:33,0,10,0.003912,ok,5.64,5.92,9.69
list_fold,1000,dynamic,O,runtime:list_fold_n1000:dynamic:O@2026-10-08T01:11:32,2026-10-08T01:11:33,0,11,0.003980,ok,5.64,5.92,9.69
list_fold,1000,dynamic,O,runtime:list_fold_n1000:dynamic:O@2026-10-08T01:11:32,2026-10-08T01:11:33,0,12,0.003973,ok,5.64,5.92,9.69
list_fold,1000,dynamic,O,runtime:list_fold_n1000:dynamic:O@2026-10-08T01:11:32,2026-10-08T01:11:33,0,13,0.004179,ok,5.64,5.92,9.69
list_fold,1000,dynamic,O,runtime:list_fold_n1000:dynamic:O@2026-10-08T01:11:32,2026-10-08T01:11:33,0,14,0.003958,ok,5.64,5.92,9.69
list_fold,1000,dynamic,O,runtime:list_fold_n1000:dynamic:O@2026-10-08T01:11:32,2026-10-08T01:11:33,0,15,0.004416,ok,5.64,5.92,9.69
list_fold,1000,dynamic,O,runtime:list_fold_n1000:dynamic:O@2026-10-08T01:11:32,2026-10-08T01:11:33,0,16,0.004258,ok,5.64,5.92,9.69
list_fold,1000,dynamic,O,runtime:list_fold_n1000:dynamic:O@2026-10-08T01:11:32,2026-10-08T01:11:33,0,17,0.004128,ok,5.64,5.92,9.69
list_fold,1000,dynamic,O,runtime:list_fold_n1000:dynamic:O@2026-10-08T01:11:32,2026-10-08T01:11:33,0,18,0.003912,ok,5.64,5.92,9.69
list_fold,1000,dynamic,O,runtime:list_fold_n1000:dynamic:O@2026-10-08T01:11:32,2026-10-08T01:11:33,0,19,0.003699,ok,5.64,5.92,9.69
list_fold,2000,typed,cli,runtime:list_fold_n2000:typed:cli@2026-10-08T01:11:41,2026-10-08T01:11:42,1,0,0.277151,ok,5.51,5.89,9.65
list_fold,2000,typed,cli,runtime:list_fold_n2000:typed:cli@2026-10-08T01:11:41,2026-10-08T01:11:42,1,1,0.009558,ok,5.51,5.89,9.65
list_fold,2000,typed,cli,runtime:list_fold_n2000:typed:cli@2026-10-08T01:11:41,2026-10-08T01:11:42,0,0,0.008821,ok,5.51,5.89,9.65
list_fold,2000,typed,cli,runtime:list_fold_n2000:typed:cli@2026-10-08T01:11:41,2026-10-08T01:11:42,0,1,0.009053,ok,5.51,5.89,9.65
list_fold,2000,typed,cli,runtime:list_fold_n2000:typed:cli@2026-10-08T01:11:41,2026-10-08T01:11:42,0,2,0.009378,ok,5.51,5.89,9.65
list_fold,2000,typed,cli,runtime:list_fold_n2000:typed:cli@2026-10-08T01:11:41,2026-10-08T01:11:42,0,3,0.010183,ok,5.51,5.89,9.65
list_fold,2000,typed,cli,runtime:list_fold_n2000:typed:cli@2026-10-08T01:11:41,2026-10-08T01:11:42,0,4,0.009716,ok,5.51,5.89,9.65
list_fold,2000,typed,cli,runtime:list_fold_n2000:typed:cli@2026-10-08T01:11:41,2026-10-08T01:11:42,0,5,0.009342,ok,5.51,5.89,9.65
list_fold,2000,typed,cli,runtime:list_fold_n2000:typed:cli@2026-10-08T01:11:41,2026-10-08T01:11:42,0,6,0.009026,ok,5.51,5.89,9.65
list_fold,2000,typed,cli,runtime:list_fold_n2000:typed:cli@2026-10-08T01:11:41,2026-10-08T01:11:42,0,7,0.008580,ok,5.51,5.89,9.65
list_fold,2000,typed,cli,runtime:list_fold_n2000:typed:cli@2026-10-08T01:11:41,2026-10-08T01:11:42,0,8,0.008248,ok,5.51,5.89,9.65
list_fold,2000,typed,cli,runtime:list_fold_n2000:typed:cli@2026-10-08T01:11:41,2026-10-08T01:11:42,0,9,0.008061,ok,5.51,5.89,9.65
list_fold,2000,typed,cli,runtime:list_fold_n2000:typed:cli@2026-10-08T01:11:41,2026-10-08T01:11:42,0,10,0.007885,ok,5.51,5.89,9.65
list_fold,2000,typed,cli,runtime:list_fold_n2000:typed:cli@2026-10-08T01:11:41,2026-10-08T01:11:42,0,11,0.007685,ok,5.51,5.89,9.65
list_fold,2000,typed,cli,runtime:list_fold_n2000:typed:cli@2026-10-08T01:11:41,2026-10-08T01:11:42,0,12,0.007755,ok,5.51,5.89,9.65
list_fold,2000,typed,cli,runtime:list_fold_n2000:typed:cli@2026-10-08T01:11:41,2026-10-08T01:11:42,0,13,0.007815,ok,5.51,5.89,9.65
list_fold,2000,typed,cli,runtime:list_fold_n2000:typed:cli@2026-10-08T01:11:41,2026-10-08T01:11:42,0,14,0.007894,ok,5.51,5.89,9.65
list_fold,2000,typed,cli,runtime:list_fold_n2000:typed:cli@2026-10-08T01:11:41,2026-10-08T01:11:42,0,15,0.008019,ok,5.51,5.89,9.65
list_fold,2000,typed,cli,runtime:list_fold_n2000:typed:cli@2026-10-08T01:11:41,2026-10-08T01:11:42,0,16,0.007717,ok,5.51,5.89,9.65
list_fold,2000,typed,cli,runtime:list_fold_n2000:typed:cli@2026-10-08T01:11:41,2026-10-08T01:11:42,0,17,0.007958,ok,5.51,5.89,9.65
list_fold,2000,typed,cli,runtime:list_fold_n2000:typed:cli@2026-10-08T01:11:41,2026-10-08T01:11:42,0,18,0.007831,ok,5.51,5.89,9.65
list_fold,2000,typed,cli,runtime:list_fold_n2000:typed:cli@2026-10-08T01:11:41,2026-10-08T01:11:42,0,19,0.007731,ok,5.51,5.89,9.65
list_fold,2000,typed,O,runtime:list_fold_n2000:typed:O@2026-10-08T01:11:42,2026-10-08T01:11:42,1,0,0.256263,ok,5.51,5.89,9.65
list_fold,2000,typed,O,runtime:list_fold_n2000:typed:O@2026-10-08T01:11:42,2026-10-08T01:11:42,1,1,0.005029,ok,5.51,5.89,9.65
list_fold,2000,typed,O,runtime:list_fold_n2000:typed:O@2026-10-08T01:11:42,2026-10-08T01:11:42,0,0,0.004069,ok,5.51,5.89,9.65
list_fold,2000,typed,O,runtime:list_fold_n2000:typed:O@2026-10-08T01:11:42,2026-10-08T01:11:42,0,1,0.004119,ok,5.51,5.89,9.65
list_fold,2000,typed,O,runtime:list_fold_n2000:typed:O@2026-10-08T01:11:42,2026-10-08T01:11:42,0,2,0.004213,ok,5.51,5.89,9.65
list_fold,2000,typed,O,runtime:list_fold_n2000:typed:O@2026-10-08T01:11:42,2026-10-08T01:11:42,0,3,0.006710,ok,5.51,5.89,9.65
list_fold,2000,typed,O,runtime:list_fold_n2000:typed:O@2026-10-08T01:11:42,2026-10-08T01:11:42,0,4,0.004598,ok,5.51,5.89,9.65
list_fold,2000,typed,O,runtime:list_fold_n2000:typed:O@2026-10-08T01:11:42,2026-10-08T01:11:42,0,5,0.004394,ok,5.51,5.89,9.65
list_fold,2000,typed,O,runtime:list_fold_n2000:typed:O@2026-10-08T01:11:42,2026-10-08T01:11:42,0,6,0.004684,ok,5.51,5.89,9.65
list_fold,2000,typed,O,runtime:list_fold_n2000:typed:O@2026-10-08T01:11:42,2026-10-08T01:11:42,0,7,0.005112,ok,5.51,5.89,9.65
list_fold,2000,typed,O,runtime:list_fold_n2000:typed:O@2026-10-08T01:11:42,2026-10-08T01:11:42,0,8,0.005113,ok,5.51,5.89,9.65
list_fold,2000,typed,O,runtime:list_fold_n2000:typed:O@2026-10-08T01:11:42,2026-10-08T01:11:42,0,9,0.004957,ok,5.51,5.89,9.65
list_fold,2000,typed,O,runtime:list_fold_n2000:typed:O@2026-10-08T01:11:42,2026-10-08T01:11:42,0,10,0.004828,ok,5.51,5.89,9.65
list_fold,2000,typed,O,runtime:list_fold_n2000:typed:O@2026-10-08T01:11:42,2026-10-08T01:11:42,0,11,0.004842,ok,5.51,5.89,9.65
list_fold,2000,typed,O,runtime:list_fold_n2000:typed:O@2026-10-08T01:11:42,2026-10-08T01:11:42,0,12,0.004576,ok,5.51,5.89,9.65
list_fold,2000,typed,O,runtime:list_fold_n2000:typed:O@2026-10-08T01:11:42,2026-10-08T01:11:42,0,13,0.004616,ok,5.51,5.89,9.65
list_fold,2000,typed,O,runtime:list_fold_n2000:typed:O@2026-10-08T01:11:42,2026-10-08T01:11:42,0,14,0.004542,ok,5.51,5.89,9.65
list_fold,2000,typed,O,runtime:list_fold_n2000:typed:O@2026-10-08T01:11:42,2026-10-08T01:11:42,0,15,0.004448,ok,5.51,5.89,9.65
list_fold,2000,typed,O,runtime:list_fold_n2000:typed:O@2026-10-08T01:11:42,2026-10-08T01:11:42,0,16,0.004285,ok,5.51,5.89,9.65
list_fold,2000,typed,O,runtime:list_fold_n2000:typed:O@2026-10-08T01:11:42,2026-10-08T01:11:42,0,17,0.004198,ok,5.51,5.89,9.65
list_fold,2000,typed,O,runtime:list_fold_n2000:typed:O@2026-10-08T01:11:42,2026-10-08T01:11:42,0,18,0.004281,ok,5.51,5.89,9.65
list_fold,2000,typed,O,runtime:list_fold_n2000:typed:O@2026-10-08T01:11:42,2026-10-08T01:11:42,0,19,0.004265,ok,5.51,5.89,9.65
list_fold,2000,dynamic,cli,runtime:list_fold_n2000:dynamic:cli@2026-10-08T01:11:42,2026-10-08T01:11:43,1,0,0.272144,ok,5.39,5.86,9.62
list_fold,2000,dynamic,cli,runtime:list_fold_n2000:dynamic:cli@2026-10-08T01:11:42,2026-10-08T01:11:43,1,1,0.006872,ok,5.39,5.86,9.62
list_fold,2000,dynamic,cli,runtime:list_fold_n2000:dynamic:cli@2026-10-08T01:11:42,2026-10-08T01:11:43,0,0,0.006799,ok,5.39,5.86,9.62
list_fold,2000,dynamic,cli,runtime:list_fold_n2000:dynamic:cli@2026-10-08T01:11:42,2026-10-08T01:11:43,0,1,0.006466,ok,5.39,5.86,9.62
list_fold,2000,dynamic,cli,runtime:list_fold_n2000:dynamic:cli@2026-10-08T01:11:42,2026-10-08T01:11:43,0,2,0.007115,ok,5.39,5.86,9.62
list_fold,2000,dynamic,cli,runtime:list_fold_n2000:dynamic:cli@2026-10-08T01:11:42,2026-10-08T01:11:43,0,3,0.007661,ok,5.39,5.86,9.62
list_fold,2000,dynamic,cli,runtime:list_fold_n2000:dynamic:cli@2026-10-08T01:11:42,2026-10-08T01:11:43,0,4,0.007847,ok,5.39,5.86,9.62
list_fold,2000,dynamic,cli,runtime:list_fold_n2000:dynamic:cli@2026-10-08T01:11:42,2026-10-08T01:11:43,0,5,0.007610,ok,5.39,5.86,9.62
list_fold,2000,dynamic,cli,runtime:list_fold_n2000:dynamic:cli@2026-10-08T01:11:42,2026-10-08T01:11:43,0,6,0.007418,ok,5.39,5.86,9.62
list_fold,2000,dynamic,cli,runtime:list_fold_n2000:dynamic:cli@2026-10-08T01:11:42,2026-10-08T01:11:43,0,7,0.006998,ok,5.39,5.86,9.62
list_fold,2000,dynamic,cli,runtime:list_fold_n2000:dynamic:cli@2026-10-08T01:11:42,2026-10-08T01:11:43,0,8,0.006922,ok,5.39,5.86,9.62
list_fold,2000,dynamic,cli,runtime:list_fold_n2000:dynamic:cli@2026-10-08T01:11:42,2026-10-08T01:11:43,0,9,0.006595,ok,5.39,5.86,9.62
list_fold,2000,dynamic,cli,runtime:list_fold_n2000:dynamic:cli@2026-10-08T01:11:42,2026-10-08T01:11:43,0,10,0.006398,ok,5.39,5.86,9.62
list_fold,2000,dynamic,cli,runtime:list_fold_n2000:dynamic:cli@2026-10-08T01:11:42,2026-10-08T01:11:43,0,11,0.006193,ok,5.39,5.86,9.62
list_fold,2000,dynamic,cli,runtime:list_fold_n2000:dynamic:cli@2026-10-08T01:11:42,2026-10-08T01:11:43,0,12,0.006325,ok,5.39,5.86,9.62
list_fold,2000,dynamic,cli,runtime:list_fold_n2000:dynamic:cli@2026-10-08T01:11:42,2026-10-08T01:11:43,0,13,0.006132,ok,5.39,5.86,9.62
list_fold,2000,dynamic,cli,runtime:list_fold_n2000:dynamic:cli@2026-10-08T01:11:42,2026-10-08T01:11:43,0,14,0.006160,ok,5.39,5.86,9.62
list_fold,2000,dynamic,cli,runtime:list_fold_n2000:dynamic:cli@2026-10-08T01:11:42,2026-10-08T01:11:43,0,15,0.006107,ok,5.39,5.86,9.62
list_fold,2000,dynamic,cli,runtime:list_fold_n2000:dynamic:cli@2026-10-08T01:11:42,2026-10-08T01:11:43,0,16,0.006054,ok,5.39,5.86,9.62
list_fold,2000,dynamic,cli,runtime:list_fold_n2000:dynamic:cli@2026-10-08T01:11:42,2026-10-08T01:11:43,0,17,0.005934,ok,5.39,5.86,9.62
list_fold,2000,dynamic,cli,runtime:list_fold_n2000:dynamic:cli@2026-10-08T01:11:42,2026-10-08T01:11:43,0,18,0.005893,ok,5.39,5.86,9.62
list_fold,2000,dynamic,cli,runtime:list_fold_n2000:dynamic:cli@2026-10-08T01:11:42,2026-10-08T01:11:43,0,19,0.006053,ok,5.39,5.86,9.62
list_fold,2000,dynamic,O,runtime:list_fold_n2000:dynamic:O@2026-10-08T01:11:43,2026-10-08T01:11:43,1,0,0.273489,ok,5.39,5.86,9.62
list_fold,2000,dynamic,O,runtime:list_fold_n2000:dynamic:O@2026-10-08T01:11:43,2026-10-08T01:11:43,1,1,0.004164,ok,5.39,5.86,9.62
list_fold,2000,dynamic,O,runtime:list_fold_n2000:dynamic:O@2026-10-08T01:11:43,2026-10-08T01:11:43,0,0,0.003922,ok,5.39,5.86,9.62
list_fold,2000,dynamic,O,runtime:list_fold_n2000:dynamic:O@2026-10-08T01:11:43,2026-10-08T01:11:43,0,1,0.004113,ok,5.39,5.86,9.62
list_fold,2000,dynamic,O,runtime:list_fold_n2000:dynamic:O@2026-10-08T01:11:43,2026-10-08T01:11:43,0,2,0.003822,ok,5.39,5.86,9.62
list_fold,2000,dynamic,O,runtime:list_fold_n2000:dynamic:O@2026-10-08T01:11:43,2026-10-08T01:11:43,0,3,0.004863,ok,5.39,5.86,9.62
list_fold,2000,dynamic,O,runtime:list_fold_n2000:dynamic:O@2026-10-08T01:11:43,2026-10-08T01:11:43,0,4,0.004481,ok,5.39,5.86,9.62
list_fold,2000,dynamic,O,runtime:list_fold_n2000:dynamic:O@2026-10-08T01:11:43,2026-10-08T01:11:43,0,5,0.004035,ok,5.39,5.86,9.62
list_fold,2000,dynamic,O,runtime:list_fold_n2000:dynamic:O@2026-10-08T01:11:43,2026-10-08T01:11:43,0,6,0.004311,ok,5.39,5.86,9.62
list_fold,2000,dynamic,O,runtime:list_fold_n2000:dynamic:O@2026-10-08T01:11:43,2026-10-08T01:11:43,0,7,0.004423,ok,5.39,5.86,9.62
list_fold,2000,dynamic,O,runtime:list_fold_n2000:dynamic:O@2026-10-08T01:11:43,2026-10-08T01:11:43,0,8,0.005102,ok,5.39,5.86,9.62
list_fold,2000,dynamic,O,runtime:list_fold_n2000:dynamic:O@2026-10-08T01:11:43,2026-10-08T01:11:43,0,9,0.005144,ok,5.39,5.86,9.62
list_fold,2000,dynamic,O,runtime:list_fold_n2000:dynamic:O@2026-10-08T01:11:43,2026-10-08T01:11:43,0,10,0.004967,ok,5.39,5.86,9.62
list_fold,2000,dynamic,O,runtime:list_fold_n2000:dynamic:O@2026-10-08T01:11:43,2026-10-08T01:11:43,0,11,0.005048,ok,5.39,5.86,9.62
list_fold,2000,dynamic,O,runtime:list_fold_n2000:dynamic:O@2026-10-08T01:11:43,2026-10-08T01:11:43,0,12,0.005053,ok,5.39,5.86,9.62
list_fold,2000,dynamic,O,runtime:list_fold_n2000:dynamic:O@2026-10-08T01:11:43,2026-10-08T01:11:43,0,13,0.004757,ok,5.39,5.86,9.62
list_fold,2000,dynamic,O,runtime:list_fold_n2000:dynamic:O@2026-10-08T01:11:43,2026-10-08T01:11:43,0,14,0.004726,ok,5.39,5.86,9.62
list_fold,2000,dynamic,O,runtime:list_fold_n2000:dynamic:O@2026-10-08T01:11:43,2026-10-08T01:11:43,0,15,0.004813,ok,5.39,5.86,9.62
list_fold,2000,dynamic,O,runtime:list_fold_n2000:dynamic:O@2026-10-08T01:11:43,2026-10-08T01:11:43,0,16,0.004512,ok,5.39,5.86,9.62
list_fold,2000,dynamic,O,runtime:list_fold_n2000:dynamic:O@2026-10-08T01:11:43,2026-10-08T01:11:43,0,17,0.004545,ok,5.39,5.86,9.62
list_fold,2000,dynamic,O,runtime:list_fold_n2000:dynamic:O@2026-10-08T01:11:43,2026-10-08T01:11:43,0,18,0.004321,ok,5.39,5.86,9.62
list_fold,2000,dynamic,O,runtime:list_fold_n2000:dynamic:O@2026-10-08T01:11:43,2026-10-08T01:11:43,0,19,0.004312,ok,5.39,5.86,9.62
list_fold,4000,typed,cli,runtime:list_fold_n4000:typed:cli@2026-10-08T01:11:52,2026-10-08T01:11:52,1,0,0.268709,ok,5.36,5.85,9.59
list_fold,4000,typed,cli,runtime:list_fold_n4000:typed:cli@2026-10-08T01:11:52,2026-10-08T01:11:52,1,1,0.012955,ok,5.36,5.85,9.59
list_fold,4000,typed,cli,runtime:list_fold_n4000:typed:cli@2026-10-08T01:11:52,2026-10-08T01:11:52,0,0,0.012833,ok,5.36,5.85,9.59
list_fold,4000,typed,cli,runtime:list_fold_n4000:typed:cli@2026-10-08T01:11:52,2026-10-08T01:11:52,0,1,0.013477,ok,5.36,5.85,9.59
list_fold,4000,typed,cli,runtime:list_fold_n4000:typed:cli@2026-10-08T01:11:52,2026-10-08T01:11:52,0,2,0.012664,ok,5.36,5.85,9.59
list_fold,4000,typed,cli,runtime:list_fold_n4000:typed:cli@2026-10-08T01:11:52,2026-10-08T01:11:52,0,3,0.011984,ok,5.36,5.85,9.59
list_fold,4000,typed,cli,runtime:list_fold_n4000:typed:cli@2026-10-08T01:11:52,2026-10-08T01:11:52,0,4,0.011613,ok,5.36,5.85,9.59
list_fold,4000,typed,cli,runtime:list_fold_n4000:typed:cli@2026-10-08T01:11:52,2026-10-08T01:11:52,0,5,0.012079,ok,5.36,5.85,9.59
list_fold,4000,typed,cli,runtime:list_fold_n4000:typed:cli@2026-10-08T01:11:52,2026-10-08T01:11:52,0,6,0.011814,ok,5.36,5.85,9.59
list_fold,4000,typed,cli,runtime:list_fold_n4000:typed:cli@2026-10-08T01:11:52,2026-10-08T01:11:52,0,7,0.011779,ok,5.36,5.85,9.59
list_fold,4000,typed,cli,runtime:list_fold_n4000:typed:cli@2026-10-08T01:11:52,2026-10-08T01:11:52,0,8,0.011651,ok,5.36,5.85,9.59
list_fold,4000,typed,cli,runtime:list_fold_n4000:typed:cli@2026-10-08T01:11:52,2026-10-08T01:11:52,0,9,0.011781,ok,5.36,5.85,9.59
list_fold,4000,typed,cli,runtime:list_fold_n4000:typed:cli@2026-10-08T01:11:52,2026-10-08T01:11:52,0,10,0.011950,ok,5.36,5.85,9.59
list_fold,4000,typed,cli,runtime:list_fold_n4000:typed:cli@2026-10-08T01:11:52,2026-10-08T01:11:52,0,11,0.011742,ok,5.36,5.85,9.59
list_fold,4000,typed,cli,runtime:list_fold_n4000:typed:cli@2026-10-08T01:11:52,2026-10-08T01:11:52,0,12,0.011687,ok,5.36,5.85,9.59
list_fold,4000,typed,cli,runtime:list_fold_n4000:typed:cli@2026-10-08T01:11:52,2026-10-08T01:11:52,0,13,0.011706,ok,5.36,5.85,9.59
list_fold,4000,typed,cli,runtime:list_fold_n4000:typed:cli@2026-10-08T01:11:52,2026-10-08T01:11:52,0,14,0.011627,ok,5.36,5.85,9.59
list_fold,4000,typed,cli,runtime:list_fold_n4000:typed:cli@2026-10-08T01:11:52,2026-10-08T01:11:52,0,15,0.011678,ok,5.36,5.85,9.59
list_fold,4000,typed,cli,runtime:list_fold_n4000:typed:cli@2026-10-08T01:11:52,2026-10-08T01:11:52,0,16,0.011720,ok,5.36,5.85,9.59
list_fold,4000,typed,cli,runtime:list_fold_n4000:typed:cli@2026-10-08T01:11:52,2026-10-08T01:11:52,0,17,0.011954,ok,5.36,5.85,9.59
list_fold,4000,typed,cli,runtime:list_fold_n4000:typed:cli@2026-10-08T01:11:52,2026-10-08T01:11:52,0,18,0.011707,ok,5.36,5.85,9.59
list_fold,4000,typed,cli,runtime:list_fold_n4000:typed:cli@2026-10-08T01:11:52,2026-10-08T01:11:52,0,19,0.011748,ok,5.36,5.85,9.59
list_fold,4000,typed,O,runtime:list_fold_n4000:typed:O@2026-10-08T01:11:52,2026-10-08T01:11:53,1,0,0.266140,ok,5.33,5.83,9.57
list_fold,4000,typed,O,runtime:list_fold_n4000:typed:O@2026-10-08T01:11:52,2026-10-08T01:11:53,1,1,0.005605,ok,5.33,5.83,9.57
list_fold,4000,typed,O,runtime:list_fold_n4000:typed:O@2026-10-08T01:11:52,2026-10-08T01:11:53,0,0,0.005230,ok,5.33,5.83,9.57
list_fold,4000,typed,O,runtime:list_fold_n4000:typed:O@2026-10-08T01:11:52,2026-10-08T01:11:53,0,1,0.005194,ok,5.33,5.83,9.57
list_fold,4000,typed,O,runtime:list_fold_n4000:typed:O@2026-10-08T01:11:52,2026-10-08T01:11:53,0,2,0.005418,ok,5.33,5.83,9.57
list_fold,4000,typed,O,runtime:list_fold_n4000:typed:O@2026-10-08T01:11:52,2026-10-08T01:11:53,0,3,0.005576,ok,5.33,5.83,9.57
list_fold,4000,typed,O,runtime:list_fold_n4000:typed:O@2026-10-08T01:11:52,2026-10-08T01:11:53,0,4,0.005497,ok,5.33,5.83,9.57
list_fold,4000,typed,O,runtime:list_fold_n4000:typed:O@2026-10-08T01:11:52,2026-10-08T01:11:53,0,5,0.005668,ok,5.33,5.83,9.57
list_fold,4000,typed,O,runtime:list_fold_n4000:typed:O@2026-10-08T01:11:52,2026-10-08T01:11:53,0,6,0.006011,ok,5.33,5.83,9.57
list_fold,4000,typed,O,runtime:list_fold_n4000:typed:O@2026-10-08T01:11:52,2026-10-08T01:11:53,0,7,0.006518,ok,5.33,5.83,9.57
list_fold,4000,typed,O,runtime:list_fold_n4000:typed:O@2026-10-08T01:11:52,2026-10-08T01:11:53,0,8,0.006359,ok,5.33,5.83,9.57
list_fold,4000,typed,O,runtime:list_fold_n4000:typed:O@2026-10-08T01:11:52,2026-10-08T01:11:53,0,9,0.006106,ok,5.33,5.83,9.57
list_fold,4000,typed,O,runtime:list_fold_n4000:typed:O@2026-10-08T01:11:52,2026-10-08T01:11:53,0,10,0.005940,ok,5.33,5.83,9.57
list_fold,4000,typed,O,runtime:list_fold_n4000:typed:O@2026-10-08T01:11:52,2026-10-08T01:11:53,0,11,0.005835,ok,5.33,5.83,9.57
list_fold,4000,typed,O,runtime:list_fold_n4000:typed:O@2026-10-08T01:11:52,2026-10-08T01:11:53,0,12,0.005536,ok,5.33,5.83,9.57
list_fold,4000,typed,O,runtime:list_fold_n4000:typed:O@2026-10-08T01:11:52,2026-10-08T01:11:53,0,13,0.005599,ok,5.33,5.83,9.57
list_fold,4000,typed,O,runtime:list_fold_n4000:typed:O@2026-10-08T01:11:52,2026-10-08T01:11:53,0,14,0.005330,ok,5.33,5.83,9.57
list_fold,4000,typed,O,runtime:list_fold_n4000:typed:O@2026-10-08T01:11:52,2026-10-08T01:11:53,0,15,0.005196,ok,5.33,5.83,9.57
list_fold,4000,typed,O,runtime:list_fold_n4000:typed:O@2026-10-08T01:11:52,2026-10-08T01:11:53,0,16,0.005292,ok,5.33,5.83,9.57
list_fold,4000,typed,O,runtime:list_fold_n4000:typed:O@2026-10-08T01:11:52,2026-10-08T01:11:53,0,17,0.005334,ok,5.33,5.83,9.57
list_fold,4000,typed,O,runtime:list_fold_n4000:typed:O@2026-10-08T01:11:52,2026-10-08T01:11:53,0,18,0.005395,ok,5.33,5.83,9.57
list_fold,4000,typed,O,runtime:list_fold_n4000:typed:O@2026-10-08T01:11:52,2026-10-08T01:11:53,0,19,0.005168,ok,5.33,5.83,9.57
list_fold,4000,dynamic,cli,runtime:list_fold_n4000:dynamic:cli@2026-10-08T01:11:53,2026-10-08T01:11:53,1,0,0.260750,ok,5.33,5.83,9.57
list_fold,4000,dynamic,cli,runtime:list_fold_n4000:dynamic:cli@2026-10-08T01:11:53,2026-10-08T01:11:53,1,1,0.009079,ok,5.33,5.83,9.57
list_fold,4000,dynamic,cli,runtime:list_fold_n4000:dynamic:cli@2026-10-08T01:11:53,2026-10-08T01:11:53,0,0,0.012992,ok,5.33,5.83,9.57
list_fold,4000,dynamic,cli,runtime:list_fold_n4000:dynamic:cli@2026-10-08T01:11:53,2026-10-08T01:11:53,0,1,0.009820,ok,5.33,5.83,9.57
list_fold,4000,dynamic,cli,runtime:list_fold_n4000:dynamic:cli@2026-10-08T01:11:53,2026-10-08T01:11:53,0,2,0.010724,ok,5.33,5.83,9.57
list_fold,4000,dynamic,cli,runtime:list_fold_n4000:dynamic:cli@2026-10-08T01:11:53,2026-10-08T01:11:53,0,3,0.010247,ok,5.33,5.83,9.57
list_fold,4000,dynamic,cli,runtime:list_fold_n4000:dynamic:cli@2026-10-08T01:11:53,2026-10-08T01:11:53,0,4,0.009868,ok,5.33,5.83,9.57
list_fold,4000,dynamic,cli,runtime:list_fold_n4000:dynamic:cli@2026-10-08T01:11:53,2026-10-08T01:11:53,0,5,0.009336,ok,5.33,5.83,9.57
list_fold,4000,dynamic,cli,runtime:list_fold_n4000:dynamic:cli@2026-10-08T01:11:53,2026-10-08T01:11:53,0,6,0.008973,ok,5.33,5.83,9.57
list_fold,4000,dynamic,cli,runtime:list_fold_n4000:dynamic:cli@2026-10-08T01:11:53,2026-10-08T01:11:53,0,7,0.008812,ok,5.33,5.83,9.57
list_fold,4000,dynamic,cli,runtime:list_fold_n4000:dynamic:cli@2026-10-08T01:11:53,2026-10-08T01:11:53,0,8,0.008572,ok,5.33,5.83,9.57
list_fold,4000,dynamic,cli,runtime:list_fold_n4000:dynamic:cli@2026-10-08T01:11:53,2026-10-08T01:11:53,0,9,0.008517,ok,5.33,5.83,9.57
list_fold,4000,dynamic,cli,runtime:list_fold_n4000:dynamic:cli@2026-10-08T01:11:53,2026-10-08T01:11:53,0,10,0.008802,ok,5.33,5.83,9.57
list_fold,4000,dynamic,cli,runtime:list_fold_n4000:dynamic:cli@2026-10-08T01:11:53,2026-10-08T01:11:53,0,11,0.008376,ok,5.33,5.83,9.57
list_fold,4000,dynamic,cli,runtime:list_fold_n4000:dynamic:cli@2026-10-08T01:11:53,2026-10-08T01:11:53,0,12,0.008395,ok,5.33,5.83,9.57
list_fold,4000,dynamic,cli,runtime:list_fold_n4000:dynamic:cli@2026-10-08T01:11:53,2026-10-08T01:11:53,0,13,0.008288,ok,5.33,5.83,9.57
list_fold,4000,dynamic,cli,runtime:list_fold_n4000:dynamic:cli@2026-10-08T01:11:53,2026-10-08T01:11:53,0,14,0.008575,ok,5.33,5.83,9.57
list_fold,4000,dynamic,cli,runtime:list_fold_n4000:dynamic:cli@2026-10-08T01:11:53,2026-10-08T01:11:53,0,15,0.008464,ok,5.33,5.83,9.57
list_fold,4000,dynamic,cli,runtime:list_fold_n4000:dynamic:cli@2026-10-08T01:11:53,2026-10-08T01:11:53,0,16,0.008454,ok,5.33,5.83,9.57
list_fold,4000,dynamic,cli,runtime:list_fold_n4000:dynamic:cli@2026-10-08T01:11:53,2026-10-08T01:11:53,0,17,0.008390,ok,5.33,5.83,9.57
list_fold,4000,dynamic,cli,runtime:list_fold_n4000:dynamic:cli@2026-10-08T01:11:53,2026-10-08T01:11:53,0,18,0.009003,ok,5.33,5.83,9.57
list_fold,4000,dynamic,cli,runtime:list_fold_n4000:dynamic:cli@2026-10-08T01:11:53,2026-10-08T01:11:53,0,19,0.008466,ok,5.33,5.83,9.57
list_fold,4000,dynamic,O,runtime:list_fold_n4000:dynamic:O@2026-10-08T01:11:53,2026-10-08T01:11:54,1,0,0.267776,ok,5.33,5.83,9.57
list_fold,4000,dynamic,O,runtime:list_fold_n4000:dynamic:O@2026-10-08T01:11:53,2026-10-08T01:11:54,1,1,0.005540,ok,5.33,5.83,9.57
list_fold,4000,dynamic,O,runtime:list_fold_n4000:dynamic:O@2026-10-08T01:11:53,2026-10-08T01:11:54,0,0,0.005125,ok,5.33,5.83,9.57
list_fold,4000,dynamic,O,runtime:list_fold_n4000:dynamic:O@2026-10-08T01:11:53,2026-10-08T01:11:54,0,1,0.005057,ok,5.33,5.83,9.57
list_fold,4000,dynamic,O,runtime:list_fold_n4000:dynamic:O@2026-10-08T01:11:53,2026-10-08T01:11:54,0,2,0.005092,ok,5.33,5.83,9.57
list_fold,4000,dynamic,O,runtime:list_fold_n4000:dynamic:O@2026-10-08T01:11:53,2026-10-08T01:11:54,0,3,0.005065,ok,5.33,5.83,9.57
list_fold,4000,dynamic,O,runtime:list_fold_n4000:dynamic:O@2026-10-08T01:11:53,2026-10-08T01:11:54,0,4,0.005252,ok,5.33,5.83,9.57
list_fold,4000,dynamic,O,runtime:list_fold_n4000:dynamic:O@2026-10-08T01:11:53,2026-10-08T01:11:54,0,5,0.006267,ok,5.33,5.83,9.57
list_fold,4000,dynamic,O,runtime:list_fold_n4000:dynamic:O@2026-10-08T01:11:53,2026-10-08T01:11:54,0,6,0.006150,ok,5.33,5.83,9.57
list_fold,4000,dynamic,O,runtime:list_fold_n4000:dynamic:O@2026-10-08T01:11:53,2026-10-08T01:11:54,0,7,0.006393,ok,5.33,5.83,9.57
list_fold,4000,dynamic,O,runtime:list_fold_n4000:dynamic:O@2026-10-08T01:11:53,2026-10-08T01:11:54,0,8,0.005771,ok,5.33,5.83,9.57
list_fold,4000,dynamic,O,runtime:list_fold_n4000:dynamic:O@2026-10-08T01:11:53,2026-10-08T01:11:54,0,9,0.005712,ok,5.33,5.83,9.57
list_fold,4000,dynamic,O,runtime:list_fold_n4000:dynamic:O@2026-10-08T01:11:53,2026-10-08T01:11:54,0,10,0.005420,ok,5.33,5.83,9.57
list_fold,4000,dynamic,O,runtime:list_fold_n4000:dynamic:O@2026-10-08T01:11:53,2026-10-08T01:11:54,0,11,0.005368,ok,5.33,5.83,9.57
list_fold,4000,dynamic,O,runtime:list_fold_n4000:dynamic:O@2026-10-08T01:11:53,2026-10-08T01:11:54,0,12,0.005262,ok,5.33,5.83,9.57
list_fold,4000,dynamic,O,runtime:list_fold_n4000:dynamic:O@2026-10-08T01:11:53,2026-10-08T01:11:54,0,13,0.005190,ok,5.33,5.83,9.57
list_fold,4000,dynamic,O,runtime:list_fold_n4000:dynamic:O@2026-10-08T01:11:53,2026-10-08T01:11:54,0,14,0.005156,ok,5.33,5.83,9.57
list_fold,4000,dynamic,O,runtime:list_fold_n4000:dynamic:O@2026-10-08T01:11:53,2026-10-08T01:11:54,0,15,0.004998,ok,5.33,5.83,9.57
list_fold,4000,dynamic,O,runtime:list_fold_n4000:dynamic:O@2026-10-08T01:11:53,2026-10-08T01:11:54,0,16,0.004884,ok,5.33,5.83,9.57
list_fold,4000,dynamic,O,runtime:list_fold_n4000:dynamic:O@2026-10-08T01:11:53,2026-10-08T01:11:54,0,17,0.004713,ok,5.33,5.83,9.57
list_fold,4000,dynamic,O,runtime:list_fold_n4000:dynamic:O@2026-10-08T01:11:53,2026-10-08T01:11:54,0,18,0.004705,ok,5.33,5.83,9.57
list_fold,4000,dynamic,O,runtime:list_fold_n4000:dynamic:O@2026-10-08T01:11:53,2026-10-08T01:11:54,0,19,0.004652,ok,5.33,5.83,9.57
list_fold,8000,typed,cli,runtime:list_fold_n8000:typed:cli@2026-10-08T01:12:02,2026-10-08T01:12:03,1,0,0.278704,ok,5.12,5.77,9.50
list_fold,8000,typed,cli,runtime:list_fold_n8000:typed:cli@2026-10-08T01:12:02,2026-10-08T01:12:03,1,1,0.023245,ok,5.12,5.77,9.50
list_fold,8000,typed,cli,runtime:list_fold_n8000:typed:cli@2026-10-08T01:12:02,2026-10-08T01:12:03,0,0,0.023995,ok,5.12,5.77,9.50
list_fold,8000,typed,cli,runtime:list_fold_n8000:typed:cli@2026-10-08T01:12:02,2026-10-08T01:12:03,0,1,0.021505,ok,5.12,5.77,9.50
list_fold,8000,typed,cli,runtime:list_fold_n8000:typed:cli@2026-10-08T01:12:02,2026-10-08T01:12:03,0,2,0.020291,ok,5.12,5.77,9.50
list_fold,8000,typed,cli,runtime:list_fold_n8000:typed:cli@2026-10-08T01:12:02,2026-10-08T01:12:03,0,3,0.020093,ok,5.12,5.77,9.50
list_fold,8000,typed,cli,runtime:list_fold_n8000:typed:cli@2026-10-08T01:12:02,2026-10-08T01:12:03,0,4,0.019895,ok,5.12,5.77,9.50
list_fold,8000,typed,cli,runtime:list_fold_n8000:typed:cli@2026-10-08T01:12:02,2026-10-08T01:12:03,0,5,0.020348,ok,5.12,5.77,9.50
list_fold,8000,typed,cli,runtime:list_fold_n8000:typed:cli@2026-10-08T01:12:02,2026-10-08T01:12:03,0,6,0.020352,ok,5.12,5.77,9.50
list_fold,8000,typed,cli,runtime:list_fold_n8000:typed:cli@2026-10-08T01:12:02,2026-10-08T01:12:03,0,7,0.021360,ok,5.12,5.77,9.50
list_fold,8000,typed,cli,runtime:list_fold_n8000:typed:cli@2026-10-08T01:12:02,2026-10-08T01:12:03,0,8,0.022975,ok,5.12,5.77,9.50
list_fold,8000,typed,cli,runtime:list_fold_n8000:typed:cli@2026-10-08T01:12:02,2026-10-08T01:12:03,0,9,0.021074,ok,5.12,5.77,9.50
list_fold,8000,typed,cli,runtime:list_fold_n8000:typed:cli@2026-10-08T01:12:02,2026-10-08T01:12:03,0,10,0.021255,ok,5.12,5.77,9.50
list_fold,8000,typed,cli,runtime:list_fold_n8000:typed:cli@2026-10-08T01:12:02,2026-10-08T01:12:03,0,11,0.021295,ok,5.12,5.77,9.50
list_fold,8000,typed,cli,runtime:list_fold_n8000:typed:cli@2026-10-08T01:12:02,2026-10-08T01:12:03,0,12,0.021607,ok,5.12,5.77,9.50
list_fold,8000,typed,cli,runtime:list_fold_n8000:typed:cli@2026-10-08T01:12:02,2026-10-08T01:12:03,0,13,0.020737,ok,5.12,5.77,9.50
list_fold,8000,typed,cli,runtime:list_fold_n8000:typed:cli@2026-10-08T01:12:02,2026-10-08T01:12:03,0,14,0.020621,ok,5.12,5.77,9.50
list_fold,8000,typed,cli,runtime:list_fold_n8000:typed:cli@2026-10-08T01:12:02,2026-10-08T01:12:03,0,15,0.020144,ok,5.12,5.77,9.50
list_fold,8000,typed,cli,runtime:list_fold_n8000:typed:cli@2026-10-08T01:12:02,2026-10-08T01:12:03,0,16,0.019801,ok,5.12,5.77,9.50
list_fold,8000,typed,cli,runtime:list_fold_n8000:typed:cli@2026-10-08T01:12:02,2026-10-08T01:12:03,0,17,0.020534,ok,5.12,5.77,9.50
list_fold,8000,typed,cli,runtime:list_fold_n8000:typed:cli@2026-10-08T01:12:02,2026-10-08T01:12:03,0,18,0.020079,ok,5.12,5.77,9.50
list_fold,8000,typed,cli,runtime:list_fold_n8000:typed:cli@2026-10-08T01:12:02,2026-10-08T01:12:03,0,19,0.020010,ok,5.12,5.77,9.50
list_fold,8000,typed,O,runtime:list_fold_n8000:typed:O@2026-10-08T01:12:03,2026-10-08T01:12:03,1,0,0.258557,ok,5.12,5.77,9.50
list_fold,8000,typed,O,runtime:list_fold_n8000:typed:O@2026-10-08T01:12:03,2026-10-08T01:12:03,1,1,0.007886,ok,5.12,5.77,9.50
list_fold,8000,typed,O,runtime:list_fold_n8000:typed:O@2026-10-08T01:12:03,2026-10-08T01:12:03,0,0,0.011817,ok,5.12,5.77,9.50
list_fold,8000,typed,O,runtime:list_fold_n8000:typed:O@2026-10-08T01:12:03,2026-10-08T01:12:03,0,1,0.008085,ok,5.12,5.77,9.50
list_fold,8000,typed,O,runtime:list_fold_n8000:typed:O@2026-10-08T01:12:03,2026-10-08T01:12:03,0,2,0.007913,ok,5.12,5.77,9.50
list_fold,8000,typed,O,runtime:list_fold_n8000:typed:O@2026-10-08T01:12:03,2026-10-08T01:12:03,0,3,0.008464,ok,5.12,5.77,9.50
list_fold,8000,typed,O,runtime:list_fold_n8000:typed:O@2026-10-08T01:12:03,2026-10-08T01:12:03,0,4,0.008973,ok,5.12,5.77,9.50
list_fold,8000,typed,O,runtime:list_fold_n8000:typed:O@2026-10-08T01:12:03,2026-10-08T01:12:03,0,5,0.008423,ok,5.12,5.77,9.50
list_fold,8000,typed,O,runtime:list_fold_n8000:typed:O@2026-10-08T01:12:03,2026-10-08T01:12:03,0,6,0.008060,ok,5.12,5.77,9.50
list_fold,8000,typed,O,runtime:list_fold_n8000:typed:O@2026-10-08T01:12:03,2026-10-08T01:12:03,0,7,0.007627,ok,5.12,5.77,9.50
list_fold,8000,typed,O,runtime:list_fold_n8000:typed:O@2026-10-08T01:12:03,2026-10-08T01:12:03,0,8,0.007484,ok,5.12,5.77,9.50
list_fold,8000,typed,O,runtime:list_fold_n8000:typed:O@2026-10-08T01:12:03,2026-10-08T01:12:04,0,9,0.007383,ok,5.12,5.77,9.50
list_fold,8000,typed,O,runtime:list_fold_n8000:typed:O@2026-10-08T01:12:03,2026-10-08T01:12:04,0,10,0.007314,ok,5.12,5.77,9.50
list_fold,8000,typed,O,runtime:list_fold_n8000:typed:O@2026-10-08T01:12:03,2026-10-08T01:12:04,0,11,0.006989,ok,5.12,5.77,9.50
list_fold,8000,typed,O,runtime:list_fold_n8000:typed:O@2026-10-08T01:12:03,2026-10-08T01:12:04,0,12,0.006886,ok,5.12,5.77,9.50
list_fold,8000,typed,O,runtime:list_fold_n8000:typed:O@2026-10-08T01:12:03,2026-10-08T01:12:04,0,13,0.006852,ok,5.12,5.77,9.50
list_fold,8000,typed,O,runtime:list_fold_n8000:typed:O@2026-10-08T01:12:03,2026-10-08T01:12:04,0,14,0.006734,ok,5.12,5.77,9.50
list_fold,8000,typed,O,runtime:list_fold_n8000:typed:O@2026-10-08T01:12:03,2026-10-08T01:12:04,0,15,0.006692,ok,5.12,5.77,9.50
list_fold,8000,typed,O,runtime:list_fold_n8000:typed:O@2026-10-08T01:12:03,2026-10-08T01:12:04,0,16,0.006947,ok,5.12,5.77,9.50
list_fold,8000,typed,O,runtime:list_fold_n8000:typed:O@2026-10-08T01:12:03,2026-10-08T01:12:04,0,17,0.007019,ok,5.12,5.77,9.50
list_fold,8000,typed,O,runtime:list_fold_n8000:typed:O@2026-10-08T01:12:03,2026-10-08T01:12:04,0,18,0.006936,ok,5.12,5.77,9.50
list_fold,8000,typed,O,runtime:list_fold_n8000:typed:O@2026-10-08T01:12:03,2026-10-08T01:12:04,0,19,0.006986,ok,5.12,5.77,9.50
list_fold,8000,dynamic,cli,runtime:list_fold_n8000:dynamic:cli@2026-10-08T01:12:04,2026-10-08T01:12:04,1,0,0.282854,ok,5.12,5.77,9.50
list_fold,8000,dynamic,cli,runtime:list_fold_n8000:dynamic:cli@2026-10-08T01:12:04,2026-10-08T01:12:04,1,1,0.015406,ok,5.12,5.77,9.50
list_fold,8000,dynamic,cli,runtime:list_fold_n8000:dynamic:cli@2026-10-08T01:12:04,2026-10-08T01:12:04,0,0,0.017525,ok,5.12,5.77,9.50
list_fold,8000,dynamic,cli,runtime:list_fold_n8000:dynamic:cli@2026-10-08T01:12:04,2026-10-08T01:12:04,0,1,0.017022,ok,5.12,5.77,9.50
list_fold,8000,dynamic,cli,runtime:list_fold_n8000:dynamic:cli@2026-10-08T01:12:04,2026-10-08T01:12:04,0,2,0.016007,ok,5.12,5.77,9.50
list_fold,8000,dynamic,cli,runtime:list_fold_n8000:dynamic:cli@2026-10-08T01:12:04,2026-10-08T01:12:04,0,3,0.014503,ok,5.12,5.77,9.50
list_fold,8000,dynamic,cli,runtime:list_fold_n8000:dynamic:cli@2026-10-08T01:12:04,2026-10-08T01:12:04,0,4,0.014003,ok,5.12,5.77,9.50
list_fold,8000,dynamic,cli,runtime:list_fold_n8000:dynamic:cli@2026-10-08T01:12:04,2026-10-08T01:12:04,0,5,0.013483,ok,5.12,5.77,9.50
list_fold,8000,dynamic,cli,runtime:list_fold_n8000:dynamic:cli@2026-10-08T01:12:04,2026-10-08T01:12:04,0,6,0.013254,ok,5.12,5.77,9.50
list_fold,8000,dynamic,cli,runtime:list_fold_n8000:dynamic:cli@2026-10-08T01:12:04,2026-10-08T01:12:04,0,7,0.013273,ok,5.12,5.77,9.50
list_fold,8000,dynamic,cli,runtime:list_fold_n8000:dynamic:cli@2026-10-08T01:12:04,2026-10-08T01:12:04,0,8,0.013782,ok,5.12,5.77,9.50
list_fold,8000,dynamic,cli,runtime:list_fold_n8000:dynamic:cli@2026-10-08T01:12:04,2026-10-08T01:12:04,0,9,0.014051,ok,5.12,5.77,9.50
list_fold,8000,dynamic,cli,runtime:list_fold_n8000:dynamic:cli@2026-10-08T01:12:04,2026-10-08T01:12:04,0,10,0.013657,ok,5.12,5.77,9.50
list_fold,8000,dynamic,cli,runtime:list_fold_n8000:dynamic:cli@2026-10-08T01:12:04,2026-10-08T01:12:04,0,11,0.013601,ok,5.12,5.77,9.50
list_fold,8000,dynamic,cli,runtime:list_fold_n8000:dynamic:cli@2026-10-08T01:12:04,2026-10-08T01:12:04,0,12,0.013584,ok,5.12,5.77,9.50
list_fold,8000,dynamic,cli,runtime:list_fold_n8000:dynamic:cli@2026-10-08T01:12:04,2026-10-08T01:12:04,0,13,0.013576,ok,5.12,5.77,9.50
list_fold,8000,dynamic,cli,runtime:list_fold_n8000:dynamic:cli@2026-10-08T01:12:04,2026-10-08T01:12:04,0,14,0.013715,ok,5.12,5.77,9.50
list_fold,8000,dynamic,cli,runtime:list_fold_n8000:dynamic:cli@2026-10-08T01:12:04,2026-10-08T01:12:04,0,15,0.013644,ok,5.12,5.77,9.50
list_fold,8000,dynamic,cli,runtime:list_fold_n8000:dynamic:cli@2026-10-08T01:12:04,2026-10-08T01:12:04,0,16,0.014181,ok,5.12,5.77,9.50
list_fold,8000,dynamic,cli,runtime:list_fold_n8000:dynamic:cli@2026-10-08T01:12:04,2026-10-08T01:12:04,0,17,0.013734,ok,5.12,5.77,9.50
list_fold,8000,dynamic,cli,runtime:list_fold_n8000:dynamic:cli@2026-10-08T01:12:04,2026-10-08T01:12:04,0,18,0.013811,ok,5.12,5.77,9.50
list_fold,8000,dynamic,cli,runtime:list_fold_n8000:dynamic:cli@2026-10-08T01:12:04,2026-10-08T01:12:04,0,19,0.014132,ok,5.12,5.77,9.50
list_fold,8000,dynamic,O,runtime:list_fold_n8000:dynamic:O@2026-10-08T01:12:04,2026-10-08T01:12:05,1,0,0.404525,ok,5.12,5.77,9.50
list_fold,8000,dynamic,O,runtime:list_fold_n8000:dynamic:O@2026-10-08T01:12:04,2026-10-08T01:12:05,1,1,0.007263,ok,5.12,5.77,9.50
list_fold,8000,dynamic,O,runtime:list_fold_n8000:dynamic:O@2026-10-08T01:12:04,2026-10-08T01:12:05,0,0,0.007365,ok,5.12,5.77,9.50
list_fold,8000,dynamic,O,runtime:list_fold_n8000:dynamic:O@2026-10-08T01:12:04,2026-10-08T01:12:05,0,1,0.007502,ok,5.12,5.77,9.50
list_fold,8000,dynamic,O,runtime:list_fold_n8000:dynamic:O@2026-10-08T01:12:04,2026-10-08T01:12:05,0,2,0.007612,ok,5.12,5.77,9.50
list_fold,8000,dynamic,O,runtime:list_fold_n8000:dynamic:O@2026-10-08T01:12:04,2026-10-08T01:12:05,0,3,0.007865,ok,5.12,5.77,9.50
list_fold,8000,dynamic,O,runtime:list_fold_n8000:dynamic:O@2026-10-08T01:12:04,2026-10-08T01:12:05,0,4,0.008157,ok,5.12,5.77,9.50
list_fold,8000,dynamic,O,runtime:list_fold_n8000:dynamic:O@2026-10-08T01:12:04,2026-10-08T01:12:05,0,5,0.008351,ok,5.12,5.77,9.50
list_fold,8000,dynamic,O,runtime:list_fold_n8000:dynamic:O@2026-10-08T01:12:04,2026-10-08T01:12:05,0,6,0.008177,ok,5.12,5.77,9.50
list_fold,8000,dynamic,O,runtime:list_fold_n8000:dynamic:O@2026-10-08T01:12:04,2026-10-08T01:12:05,0,7,0.007782,ok,5.12,5.77,9.50
list_fold,8000,dynamic,O,runtime:list_fold_n8000:dynamic:O@2026-10-08T01:12:04,2026-10-08T01:12:05,0,8,0.007387,ok,5.12,5.77,9.50
list_fold,8000,dynamic,O,runtime:list_fold_n8000:dynamic:O@2026-10-08T01:12:04,2026-10-08T01:12:05,0,9,0.007207,ok,5.12,5.77,9.50
list_fold,8000,dynamic,O,runtime:list_fold_n8000:dynamic:O@2026-10-08T01:12:04,2026-10-08T01:12:05,0,10,0.007063,ok,5.12,5.77,9.50
list_fold,8000,dynamic,O,runtime:list_fold_n8000:dynamic:O@2026-10-08T01:12:04,2026-10-08T01:12:05,0,11,0.006913,ok,5.12,5.77,9.50
list_fold,8000,dynamic,O,runtime:list_fold_n8000:dynamic:O@2026-10-08T01:12:04,2026-10-08T01:12:05,0,12,0.007023,ok,5.12,5.77,9.50
list_fold,8000,dynamic,O,runtime:list_fold_n8000:dynamic:O@2026-10-08T01:12:04,2026-10-08T01:12:05,0,13,0.006784,ok,5.12,5.77,9.50
list_fold,8000,dynamic,O,runtime:list_fold_n8000:dynamic:O@2026-10-08T01:12:04,2026-10-08T01:12:05,0,14,0.006636,ok,5.12,5.77,9.50
list_fold,8000,dynamic,O,runtime:list_fold_n8000:dynamic:O@2026-10-08T01:12:04,2026-10-08T01:12:05,0,15,0.006608,ok,5.12,5.77,9.50
list_fold,8000,dynamic,O,runtime:list_fold_n8000:dynamic:O@2026-10-08T01:12:04,2026-10-08T01:12:05,0,16,0.006598,ok,5.12,5.77,9.50
list_fold,8000,dynamic,O,runtime:list_fold_n8000:dynamic:O@2026-10-08T01:12:04,2026-10-08T01:12:05,0,17,0.006623,ok,5.12,5.77,9.50
list_fold,8000,dynamic,O,runtime:list_fold_n8000:dynamic:O@2026-10-08T01:12:04,2026-10-08T01:12:05,0,18,0.006624,ok,5.12,5.77,9.50
list_fold,8000,dynamic,O,runtime:list_fold_n8000:dynamic:O@2026-10-08T01:12:04,2026-10-08T01:12:05,0,19,0.006804,ok,5.12,5.77,9.50
list_fold,16000,typed,cli,runtime:list_fold_n16000:typed:cli@2026-10-08T01:12:13,2026-10-08T01:12:14,1,0,0.301262,ok,5.10,5.75,9.45
list_fold,16000,typed,cli,runtime:list_fold_n16000:typed:cli@2026-10-08T01:12:13,2026-10-08T01:12:14,1,1,0.042610,ok,5.10,5.75,9.45
list_fold,16000,typed,cli,runtime:list_fold_n16000:typed:cli@2026-10-08T01:12:13,2026-10-08T01:12:14,0,0,0.036130,ok,5.10,5.75,9.45
list_fold,16000,typed,cli,runtime:list_fold_n16000:typed:cli@2026-10-08T01:12:13,2026-10-08T01:12:14,0,1,0.036087,ok,5.10,5.75,9.45
list_fold,16000,typed,cli,runtime:list_fold_n16000:typed:cli@2026-10-08T01:12:13,2026-10-08T01:12:14,0,2,0.036432,ok,5.10,5.75,9.45
list_fold,16000,typed,cli,runtime:list_fold_n16000:typed:cli@2026-10-08T01:12:13,2026-10-08T01:12:14,0,3,0.036128,ok,5.10,5.75,9.45
list_fold,16000,typed,cli,runtime:list_fold_n16000:typed:cli@2026-10-08T01:12:13,2026-10-08T01:12:14,0,4,0.035377,ok,5.10,5.75,9.45
list_fold,16000,typed,cli,runtime:list_fold_n16000:typed:cli@2026-10-08T01:12:13,2026-10-08T01:12:14,0,5,0.035973,ok,5.10,5.75,9.45
list_fold,16000,typed,cli,runtime:list_fold_n16000:typed:cli@2026-10-08T01:12:13,2026-10-08T01:12:14,0,6,0.035412,ok,5.10,5.75,9.45
list_fold,16000,typed,cli,runtime:list_fold_n16000:typed:cli@2026-10-08T01:12:13,2026-10-08T01:12:14,0,7,0.035287,ok,5.10,5.75,9.45
list_fold,16000,typed,cli,runtime:list_fold_n16000:typed:cli@2026-10-08T01:12:13,2026-10-08T01:12:14,0,8,0.035407,ok,5.10,5.75,9.45
list_fold,16000,typed,cli,runtime:list_fold_n16000:typed:cli@2026-10-08T01:12:13,2026-10-08T01:12:14,0,9,0.035663,ok,5.10,5.75,9.45
list_fold,16000,typed,cli,runtime:list_fold_n16000:typed:cli@2026-10-08T01:12:13,2026-10-08T01:12:14,0,10,0.036496,ok,5.10,5.75,9.45
list_fold,16000,typed,cli,runtime:list_fold_n16000:typed:cli@2026-10-08T01:12:13,2026-10-08T01:12:14,0,11,0.035549,ok,5.10,5.75,9.45
list_fold,16000,typed,cli,runtime:list_fold_n16000:typed:cli@2026-10-08T01:12:13,2026-10-08T01:12:14,0,12,0.036052,ok,5.10,5.75,9.45
list_fold,16000,typed,cli,runtime:list_fold_n16000:typed:cli@2026-10-08T01:12:13,2026-10-08T01:12:14,0,13,0.035561,ok,5.10,5.75,9.45
list_fold,16000,typed,cli,runtime:list_fold_n16000:typed:cli@2026-10-08T01:12:13,2026-10-08T01:12:14,0,14,0.035647,ok,5.10,5.75,9.45
list_fold,16000,typed,cli,runtime:list_fold_n16000:typed:cli@2026-10-08T01:12:13,2026-10-08T01:12:14,0,15,0.036161,ok,5.10,5.75,9.45
list_fold,16000,typed,cli,runtime:list_fold_n16000:typed:cli@2026-10-08T01:12:13,2026-10-08T01:12:14,0,16,0.035898,ok,5.10,5.75,9.45
list_fold,16000,typed,cli,runtime:list_fold_n16000:typed:cli@2026-10-08T01:12:13,2026-10-08T01:12:14,0,17,0.035570,ok,5.10,5.75,9.45
list_fold,16000,typed,cli,runtime:list_fold_n16000:typed:cli@2026-10-08T01:12:13,2026-10-08T01:12:14,0,18,0.035390,ok,5.10,5.75,9.45
list_fold,16000,typed,cli,runtime:list_fold_n16000:typed:cli@2026-10-08T01:12:13,2026-10-08T01:12:14,0,19,0.035200,ok,5.10,5.75,9.45
list_fold,16000,typed,O,runtime:list_fold_n16000:typed:O@2026-10-08T01:12:14,2026-10-08T01:12:15,1,0,0.269282,ok,5.10,5.75,9.45
list_fold,16000,typed,O,runtime:list_fold_n16000:typed:O@2026-10-08T01:12:14,2026-10-08T01:12:15,1,1,0.012696,ok,5.10,5.75,9.45
list_fold,16000,typed,O,runtime:list_fold_n16000:typed:O@2026-10-08T01:12:14,2026-10-08T01:12:15,0,0,0.013072,ok,5.10,5.75,9.45
list_fold,16000,typed,O,runtime:list_fold_n16000:typed:O@2026-10-08T01:12:14,2026-10-08T01:12:15,0,1,0.014848,ok,5.10,5.75,9.45
list_fold,16000,typed,O,runtime:list_fold_n16000:typed:O@2026-10-08T01:12:14,2026-10-08T01:12:15,0,2,0.013847,ok,5.10,5.75,9.45
list_fold,16000,typed,O,runtime:list_fold_n16000:typed:O@2026-10-08T01:12:14,2026-10-08T01:12:15,0,3,0.012787,ok,5.10,5.75,9.45
list_fold,16000,typed,O,runtime:list_fold_n16000:typed:O@2026-10-08T01:12:14,2026-10-08T01:12:15,0,4,0.012199,ok,5.10,5.75,9.45
list_fold,16000,typed,O,runtime:list_fold_n16000:typed:O@2026-10-08T01:12:14,2026-10-08T01:12:15,0,5,0.011774,ok,5.10,5.75,9.45
list_fold,16000,typed,O,runtime:list_fold_n16000:typed:O@2026-10-08T01:12:14,2026-10-08T01:12:15,0,6,0.011456,ok,5.10,5.75,9.45
list_fold,16000,typed,O,runtime:list_fold_n16000:typed:O@2026-10-08T01:12:14,2026-10-08T01:12:15,0,7,0.011273,ok,5.10,5.75,9.45
list_fold,16000,typed,O,runtime:list_fold_n16000:typed:O@2026-10-08T01:12:14,2026-10-08T01:12:15,0,8,0.011212,ok,5.10,5.75,9.45
list_fold,16000,typed,O,runtime:list_fold_n16000:typed:O@2026-10-08T01:12:14,2026-10-08T01:12:15,0,9,0.011171,ok,5.10,5.75,9.45
list_fold,16000,typed,O,runtime:list_fold_n16000:typed:O@2026-10-08T01:12:14,2026-10-08T01:12:15,0,10,0.011517,ok,5.10,5.75,9.45
list_fold,16000,typed,O,runtime:list_fold_n16000:typed:O@2026-10-08T01:12:14,2026-10-08T01:12:15,0,11,0.011433,ok,5.10,5.75,9.45
list_fold,16000,typed,O,runtime:list_fold_n16000:typed:O@2026-10-08T01:12:14,2026-10-08T01:12:15,0,12,0.011314,ok,5.10,5.75,9.45
list_fold,16000,typed,O,runtime:list_fold_n16000:typed:O@2026-10-08T01:12:14,2026-10-08T01:12:15,0,13,0.011352,ok,5.10,5.75,9.45
list_fold,16000,typed,O,runtime:list_fold_n16000:typed:O@2026-10-08T01:12:14,2026-10-08T01:12:15,0,14,0.011443,ok,5.10,5.75,9.45
list_fold,16000,typed,O,runtime:list_fold_n16000:typed:O@2026-10-08T01:12:14,2026-10-08T01:12:15,0,15,0.011486,ok,5.10,5.75,9.45
list_fold,16000,typed,O,runtime:list_fold_n16000:typed:O@2026-10-08T01:12:14,2026-10-08T01:12:15,0,16,0.011503,ok,5.10,5.75,9.45
list_fold,16000,typed,O,runtime:list_fold_n16000:typed:O@2026-10-08T01:12:14,2026-10-08T01:12:15,0,17,0.011618,ok,5.10,5.75,9.45
list_fold,16000,typed,O,runtime:list_fold_n16000:typed:O@2026-10-08T01:12:14,2026-10-08T01:12:15,0,18,0.011281,ok,5.10,5.75,9.45
list_fold,16000,typed,O,runtime:list_fold_n16000:typed:O@2026-10-08T01:12:14,2026-10-08T01:12:15,0,19,0.011384,ok,5.10,5.75,9.45
list_fold,16000,dynamic,cli,runtime:list_fold_n16000:dynamic:cli@2026-10-08T01:12:15,2026-10-08T01:12:15,1,0,0.280197,ok,5.10,5.75,9.45
list_fold,16000,dynamic,cli,runtime:list_fold_n16000:dynamic:cli@2026-10-08T01:12:15,2026-10-08T01:12:15,1,1,0.027662,ok,5.10,5.75,9.45
list_fold,16000,dynamic,cli,runtime:list_fold_n16000:dynamic:cli@2026-10-08T01:12:15,2026-10-08T01:12:15,0,0,0.028022,ok,5.10,5.75,9.45
list_fold,16000,dynamic,cli,runtime:list_fold_n16000:dynamic:cli@2026-10-08T01:12:15,2026-10-08T01:12:15,0,1,0.024816,ok,5.10,5.75,9.45
list_fold,16000,dynamic,cli,runtime:list_fold_n16000:dynamic:cli@2026-10-08T01:12:15,2026-10-08T01:12:16,0,2,0.024430,ok,5.10,5.75,9.45
list_fold,16000,dynamic,cli,runtime:list_fold_n16000:dynamic:cli@2026-10-08T01:12:15,2026-10-08T01:12:16,0,3,0.024493,ok,5.10,5.75,9.45
list_fold,16000,dynamic,cli,runtime:list_fold_n16000:dynamic:cli@2026-10-08T01:12:15,2026-10-08T01:12:16,0,4,0.025496,ok,5.10,5.75,9.45
list_fold,16000,dynamic,cli,runtime:list_fold_n16000:dynamic:cli@2026-10-08T01:12:15,2026-10-08T01:12:16,0,5,0.025260,ok,5.10,5.75,9.45
list_fold,16000,dynamic,cli,runtime:list_fold_n16000:dynamic:cli@2026-10-08T01:12:15,2026-10-08T01:12:16,0,6,0.024603,ok,5.10,5.75,9.45
list_fold,16000,dynamic,cli,runtime:list_fold_n16000:dynamic:cli@2026-10-08T01:12:15,2026-10-08T01:12:16,0,7,0.024636,ok,5.10,5.75,9.45
list_fold,16000,dynamic,cli,runtime:list_fold_n16000:dynamic:cli@2026-10-08T01:12:15,2026-10-08T01:12:16,0,8,0.024493,ok,5.10,5.75,9.45
list_fold,16000,dynamic,cli,runtime:list_fold_n16000:dynamic:cli@2026-10-08T01:12:15,2026-10-08T01:12:16,0,9,0.024923,ok,5.10,5.75,9.45
list_fold,16000,dynamic,cli,runtime:list_fold_n16000:dynamic:cli@2026-10-08T01:12:15,2026-10-08T01:12:16,0,10,0.024266,ok,5.10,5.75,9.45
list_fold,16000,dynamic,cli,runtime:list_fold_n16000:dynamic:cli@2026-10-08T01:12:15,2026-10-08T01:12:16,0,11,0.024076,ok,5.10,5.75,9.45
list_fold,16000,dynamic,cli,runtime:list_fold_n16000:dynamic:cli@2026-10-08T01:12:15,2026-10-08T01:12:16,0,12,0.024594,ok,5.10,5.75,9.45
list_fold,16000,dynamic,cli,runtime:list_fold_n16000:dynamic:cli@2026-10-08T01:12:15,2026-10-08T01:12:16,0,13,0.024349,ok,5.10,5.75,9.45
list_fold,16000,dynamic,cli,runtime:list_fold_n16000:dynamic:cli@2026-10-08T01:12:15,2026-10-08T01:12:16,0,14,0.024209,ok,5.10,5.75,9.45
list_fold,16000,dynamic,cli,runtime:list_fold_n16000:dynamic:cli@2026-10-08T01:12:15,2026-10-08T01:12:16,0,15,0.024321,ok,5.10,5.75,9.45
list_fold,16000,dynamic,cli,runtime:list_fold_n16000:dynamic:cli@2026-10-08T01:12:15,2026-10-08T01:12:16,0,16,0.024819,ok,5.10,5.75,9.45
list_fold,16000,dynamic,cli,runtime:list_fold_n16000:dynamic:cli@2026-10-08T01:12:15,2026-10-08T01:12:16,0,17,0.024389,ok,5.10,5.75,9.45
list_fold,16000,dynamic,cli,runtime:list_fold_n16000:dynamic:cli@2026-10-08T01:12:15,2026-10-08T01:12:16,0,18,0.024558,ok,5.10,5.75,9.45
list_fold,16000,dynamic,cli,runtime:list_fold_n16000:dynamic:cli@2026-10-08T01:12:15,2026-10-08T01:12:16,0,19,0.025398,ok,5.10,5.75,9.45
list_fold,16000,dynamic,O,runtime:list_fold_n16000:dynamic:O@2026-10-08T01:12:16,2026-10-08T01:12:16,1,0,0.272544,ok,5.10,5.75,9.45
list_fold,16000,dynamic,O,runtime:list_fold_n16000:dynamic:O@2026-10-08T01:12:16,2026-10-08T01:12:16,1,1,0.013943,ok,5.10,5.75,9.45
list_fold,16000,dynamic,O,runtime:list_fold_n16000:dynamic:O@2026-10-08T01:12:16,2026-10-08T01:12:16,0,0,0.016569,ok,5.10,5.75,9.45
list_fold,16000,dynamic,O,runtime:list_fold_n16000:dynamic:O@2026-10-08T01:12:16,2026-10-08T01:12:16,0,1,0.015598,ok,5.10,5.75,9.45
list_fold,16000,dynamic,O,runtime:list_fold_n16000:dynamic:O@2026-10-08T01:12:16,2026-10-08T01:12:16,0,2,0.013060,ok,5.10,5.75,9.45
list_fold,16000,dynamic,O,runtime:list_fold_n16000:dynamic:O@2026-10-08T01:12:16,2026-10-08T01:12:16,0,3,0.012164,ok,5.10,5.75,9.45
list_fold,16000,dynamic,O,runtime:list_fold_n16000:dynamic:O@2026-10-08T01:12:16,2026-10-08T01:12:16,0,4,0.011435,ok,5.10,5.75,9.45
list_fold,16000,dynamic,O,runtime:list_fold_n16000:dynamic:O@2026-10-08T01:12:16,2026-10-08T01:12:16,0,5,0.011018,ok,5.10,5.75,9.45
list_fold,16000,dynamic,O,runtime:list_fold_n16000:dynamic:O@2026-10-08T01:12:16,2026-10-08T01:12:16,0,6,0.010512,ok,5.10,5.75,9.45
list_fold,16000,dynamic,O,runtime:list_fold_n16000:dynamic:O@2026-10-08T01:12:16,2026-10-08T01:12:16,0,7,0.010311,ok,5.10,5.75,9.45
list_fold,16000,dynamic,O,runtime:list_fold_n16000:dynamic:O@2026-10-08T01:12:16,2026-10-08T01:12:16,0,8,0.010251,ok,5.10,5.75,9.45
list_fold,16000,dynamic,O,runtime:list_fold_n16000:dynamic:O@2026-10-08T01:12:16,2026-10-08T01:12:16,0,9,0.010291,ok,5.10,5.75,9.45
list_fold,16000,dynamic,O,runtime:list_fold_n16000:dynamic:O@2026-10-08T01:12:16,2026-10-08T01:12:16,0,10,0.010816,ok,5.10,5.75,9.45
list_fold,16000,dynamic,O,runtime:list_fold_n16000:dynamic:O@2026-10-08T01:12:16,2026-10-08T01:12:16,0,11,0.010768,ok,5.10,5.75,9.45
list_fold,16000,dynamic,O,runtime:list_fold_n16000:dynamic:O@2026-10-08T01:12:16,2026-10-08T01:12:17,0,12,0.010557,ok,5.10,5.75,9.45
list_fold,16000,dynamic,O,runtime:list_fold_n16000:dynamic:O@2026-10-08T01:12:16,2026-10-08T01:12:17,0,13,0.010967,ok,5.10,5.75,9.45
list_fold,16000,dynamic,O,runtime:list_fold_n16000:dynamic:O@2026-10-08T01:12:16,2026-10-08T01:12:17,0,14,0.010771,ok,5.10,5.75,9.45
list_fold,16000,dynamic,O,runtime:list_fold_n16000:dynamic:O@2026-10-08T01:12:16,2026-10-08T01:12:17,0,15,0.010856,ok,5.10,5.75,9.45
list_fold,16000,dynamic,O,runtime:list_fold_n16000:dynamic:O@2026-10-08T01:12:16,2026-10-08T01:12:17,0,16,0.010703,ok,5.10,5.75,9.45
list_fold,16000,dynamic,O,runtime:list_fold_n16000:dynamic:O@2026-10-08T01:12:16,2026-10-08T01:12:17,0,17,0.010729,ok,5.10,5.75,9.45
list_fold,16000,dynamic,O,runtime:list_fold_n16000:dynamic:O@2026-10-08T01:12:16,2026-10-08T01:12:17,0,18,0.010506,ok,5.10,5.75,9.45
list_fold,16000,dynamic,O,runtime:list_fold_n16000:dynamic:O@2026-10-08T01:12:16,2026-10-08T01:12:17,0,19,0.010648,ok,5.10,5.75,9.45
list_fold,32000,typed,cli,runtime:list_fold_n32000:typed:cli@2026-10-08T01:12:25,2026-10-08T01:12:25,1,0,0.333040,ok,5.09,5.72,9.39
list_fold,32000,typed,cli,runtime:list_fold_n32000:typed:cli@2026-10-08T01:12:25,2026-10-08T01:12:25,1,1,0.066506,ok,5.09,5.72,9.39
list_fold,32000,typed,cli,runtime:list_fold_n32000:typed:cli@2026-10-08T01:12:25,2026-10-08T01:12:25,0,0,0.065806,ok,5.09,5.72,9.39
list_fold,32000,typed,cli,runtime:list_fold_n32000:typed:cli@2026-10-08T01:12:25,2026-10-08T01:12:25,0,1,0.065466,ok,5.09,5.72,9.39
list_fold,32000,typed,cli,runtime:list_fold_n32000:typed:cli@2026-10-08T01:12:25,2026-10-08T01:12:26,0,2,0.065897,ok,5.09,5.72,9.39
list_fold,32000,typed,cli,runtime:list_fold_n32000:typed:cli@2026-10-08T01:12:25,2026-10-08T01:12:26,0,3,0.065248,ok,5.09,5.72,9.39
list_fold,32000,typed,cli,runtime:list_fold_n32000:typed:cli@2026-10-08T01:12:25,2026-10-08T01:12:26,0,4,0.065460,ok,5.09,5.72,9.39
list_fold,32000,typed,cli,runtime:list_fold_n32000:typed:cli@2026-10-08T01:12:25,2026-10-08T01:12:26,0,5,0.065367,ok,5.09,5.72,9.39
list_fold,32000,typed,cli,runtime:list_fold_n32000:typed:cli@2026-10-08T01:12:25,2026-10-08T01:12:26,0,6,0.065595,ok,5.09,5.72,9.39
list_fold,32000,typed,cli,runtime:list_fold_n32000:typed:cli@2026-10-08T01:12:25,2026-10-08T01:12:26,0,7,0.065850,ok,5.09,5.72,9.39
list_fold,32000,typed,cli,runtime:list_fold_n32000:typed:cli@2026-10-08T01:12:25,2026-10-08T01:12:26,0,8,0.065274,ok,5.09,5.72,9.39
list_fold,32000,typed,cli,runtime:list_fold_n32000:typed:cli@2026-10-08T01:12:25,2026-10-08T01:12:26,0,9,0.065686,ok,5.09,5.72,9.39
list_fold,32000,typed,cli,runtime:list_fold_n32000:typed:cli@2026-10-08T01:12:25,2026-10-08T01:12:26,0,10,0.065443,ok,5.09,5.72,9.39
list_fold,32000,typed,cli,runtime:list_fold_n32000:typed:cli@2026-10-08T01:12:25,2026-10-08T01:12:26,0,11,0.065333,ok,5.09,5.72,9.39
list_fold,32000,typed,cli,runtime:list_fold_n32000:typed:cli@2026-10-08T01:12:25,2026-10-08T01:12:26,0,12,0.065403,ok,5.09,5.72,9.39
list_fold,32000,typed,cli,runtime:list_fold_n32000:typed:cli@2026-10-08T01:12:25,2026-10-08T01:12:26,0,13,0.065303,ok,5.09,5.72,9.39
list_fold,32000,typed,cli,runtime:list_fold_n32000:typed:cli@2026-10-08T01:12:25,2026-10-08T01:12:26,0,14,0.066657,ok,5.09,5.72,9.39
list_fold,32000,typed,cli,runtime:list_fold_n32000:typed:cli@2026-10-08T01:12:25,2026-10-08T01:12:26,0,15,0.065368,ok,5.09,5.72,9.39
list_fold,32000,typed,cli,runtime:list_fold_n32000:typed:cli@2026-10-08T01:12:25,2026-10-08T01:12:26,0,16,0.064876,ok,5.09,5.72,9.39
list_fold,32000,typed,cli,runtime:list_fold_n32000:typed:cli@2026-10-08T01:12:25,2026-10-08T01:12:27,0,17,0.064529,ok,5.09,5.72,9.39
list_fold,32000,typed,cli,runtime:list_fold_n32000:typed:cli@2026-10-08T01:12:25,2026-10-08T01:12:27,0,18,0.065017,ok,5.09,5.72,9.39
list_fold,32000,typed,cli,runtime:list_fold_n32000:typed:cli@2026-10-08T01:12:25,2026-10-08T01:12:27,0,19,0.064701,ok,5.09,5.72,9.39
list_fold,32000,typed,O,runtime:list_fold_n32000:typed:O@2026-10-08T01:12:27,2026-10-08T01:12:27,1,0,0.285570,ok,5.09,5.72,9.39
list_fold,32000,typed,O,runtime:list_fold_n32000:typed:O@2026-10-08T01:12:27,2026-10-08T01:12:27,1,1,0.023360,ok,5.09,5.72,9.39
list_fold,32000,typed,O,runtime:list_fold_n32000:typed:O@2026-10-08T01:12:27,2026-10-08T01:12:27,0,0,0.024732,ok,5.09,5.72,9.39
list_fold,32000,typed,O,runtime:list_fold_n32000:typed:O@2026-10-08T01:12:27,2026-10-08T01:12:27,0,1,0.022097,ok,5.09,5.72,9.39
list_fold,32000,typed,O,runtime:list_fold_n32000:typed:O@2026-10-08T01:12:27,2026-10-08T01:12:27,0,2,0.020287,ok,5.09,5.72,9.39
list_fold,32000,typed,O,runtime:list_fold_n32000:typed:O@2026-10-08T01:12:27,2026-10-08T01:12:27,0,3,0.019950,ok,5.09,5.72,9.39
list_fold,32000,typed,O,runtime:list_fold_n32000:typed:O@2026-10-08T01:12:27,2026-10-08T01:12:27,0,4,0.019743,ok,5.09,5.72,9.39
list_fold,32000,typed,O,runtime:list_fold_n32000:typed:O@2026-10-08T01:12:27,2026-10-08T01:12:27,0,5,0.019959,ok,5.09,5.72,9.39
list_fold,32000,typed,O,runtime:list_fold_n32000:typed:O@2026-10-08T01:12:27,2026-10-08T01:12:27,0,6,0.020055,ok,5.09,5.72,9.39
list_fold,32000,typed,O,runtime:list_fold_n32000:typed:O@2026-10-08T01:12:27,2026-10-08T01:12:27,0,7,0.020005,ok,5.09,5.72,9.39
list_fold,32000,typed,O,runtime:list_fold_n32000:typed:O@2026-10-08T01:12:27,2026-10-08T01:12:27,0,8,0.019681,ok,5.09,5.72,9.39
list_fold,32000,typed,O,runtime:list_fold_n32000:typed:O@2026-10-08T01:12:27,2026-10-08T01:12:27,0,9,0.019924,ok,5.09,5.72,9.39
list_fold,32000,typed,O,runtime:list_fold_n32000:typed:O@2026-10-08T01:12:27,2026-10-08T01:12:27,0,10,0.020101,ok,5.09,5.72,9.39
list_fold,32000,typed,O,runtime:list_fold_n32000:typed:O@2026-10-08T01:12:27,2026-10-08T01:12:27,0,11,0.020230,ok,5.09,5.72,9.39
list_fold,32000,typed,O,runtime:list_fold_n32000:typed:O@2026-10-08T01:12:27,2026-10-08T01:12:27,0,12,0.019891,ok,5.09,5.72,9.39
list_fold,32000,typed,O,runtime:list_fold_n32000:typed:O@2026-10-08T01:12:27,2026-10-08T01:12:27,0,13,0.019703,ok,5.09,5.72,9.39
list_fold,32000,typed,O,runtime:list_fold_n32000:typed:O@2026-10-08T01:12:27,2026-10-08T01:12:27,0,14,0.019613,ok,5.09,5.72,9.39
list_fold,32000,typed,O,runtime:list_fold_n32000:typed:O@2026-10-08T01:12:27,2026-10-08T01:12:27,0,15,0.020096,ok,5.09,5.72,9.39
list_fold,32000,typed,O,runtime:list_fold_n32000:typed:O@2026-10-08T01:12:27,2026-10-08T01:12:27,0,16,0.019993,ok,5.09,5.72,9.39
list_fold,32000,typed,O,runtime:list_fold_n32000:typed:O@2026-10-08T01:12:27,2026-10-08T01:12:27,0,17,0.020023,ok,5.09,5.72,9.39
list_fold,32000,typed,O,runtime:list_fold_n32000:typed:O@2026-10-08T01:12:27,2026-10-08T01:12:27,0,18,0.019844,ok,5.09,5.72,9.39
list_fold,32000,typed,O,runtime:list_fold_n32000:typed:O@2026-10-08T01:12:27,2026-10-08T01:12:27,0,19,0.020802,ok,5.09,5.72,9.39
list_fold,32000,dynamic,cli,runtime:list_fold_n32000:dynamic:cli@2026-10-08T01:12:28,2026-10-08T01:12:28,1,0,0.314515,ok,5.08,5.71,9.37
list_fold,32000,dynamic,cli,runtime:list_fold_n32000:dynamic:cli@2026-10-08T01:12:28,2026-10-08T01:12:28,1,1,0.051769,ok,5.08,5.71,9.37
list_fold,32000,dynamic,cli,runtime:list_fold_n32000:dynamic:cli@2026-10-08T01:12:28,2026-10-08T01:12:28,0,0,0.047449,ok,5.08,5.71,9.37
list_fold,32000,dynamic,cli,runtime:list_fold_n32000:dynamic:cli@2026-10-08T01:12:28,2026-10-08T01:12:28,0,1,0.047327,ok,5.08,5.71,9.37
list_fold,32000,dynamic,cli,runtime:list_fold_n32000:dynamic:cli@2026-10-08T01:12:28,2026-10-08T01:12:28,0,2,0.047816,ok,5.08,5.71,9.37
list_fold,32000,dynamic,cli,runtime:list_fold_n32000:dynamic:cli@2026-10-08T01:12:28,2026-10-08T01:12:28,0,3,0.046944,ok,5.08,5.71,9.37
list_fold,32000,dynamic,cli,runtime:list_fold_n32000:dynamic:cli@2026-10-08T01:12:28,2026-10-08T01:12:28,0,4,0.046534,ok,5.08,5.71,9.37
list_fold,32000,dynamic,cli,runtime:list_fold_n32000:dynamic:cli@2026-10-08T01:12:28,2026-10-08T01:12:28,0,5,0.047372,ok,5.08,5.71,9.37
list_fold,32000,dynamic,cli,runtime:list_fold_n32000:dynamic:cli@2026-10-08T01:12:28,2026-10-08T01:12:28,0,6,0.046234,ok,5.08,5.71,9.37
list_fold,32000,dynamic,cli,runtime:list_fold_n32000:dynamic:cli@2026-10-08T01:12:28,2026-10-08T01:12:28,0,7,0.046244,ok,5.08,5.71,9.37
list_fold,32000,dynamic,cli,runtime:list_fold_n32000:dynamic:cli@2026-10-08T01:12:28,2026-10-08T01:12:28,0,8,0.046618,ok,5.08,5.71,9.37
list_fold,32000,dynamic,cli,runtime:list_fold_n32000:dynamic:cli@2026-10-08T01:12:28,2026-10-08T01:12:28,0,9,0.046712,ok,5.08,5.71,9.37
list_fold,32000,dynamic,cli,runtime:list_fold_n32000:dynamic:cli@2026-10-08T01:12:28,2026-10-08T01:12:28,0,10,0.048483,ok,5.08,5.71,9.37
list_fold,32000,dynamic,cli,runtime:list_fold_n32000:dynamic:cli@2026-10-08T01:12:28,2026-10-08T01:12:29,0,11,0.046986,ok,5.08,5.71,9.37
list_fold,32000,dynamic,cli,runtime:list_fold_n32000:dynamic:cli@2026-10-08T01:12:28,2026-10-08T01:12:29,0,12,0.046525,ok,5.08,5.71,9.37
list_fold,32000,dynamic,cli,runtime:list_fold_n32000:dynamic:cli@2026-10-08T01:12:28,2026-10-08T01:12:29,0,13,0.046468,ok,5.08,5.71,9.37
list_fold,32000,dynamic,cli,runtime:list_fold_n32000:dynamic:cli@2026-10-08T01:12:28,2026-10-08T01:12:29,0,14,0.046237,ok,5.08,5.71,9.37
list_fold,32000,dynamic,cli,runtime:list_fold_n32000:dynamic:cli@2026-10-08T01:12:28,2026-10-08T01:12:29,0,15,0.045844,ok,5.08,5.71,9.37
list_fold,32000,dynamic,cli,runtime:list_fold_n32000:dynamic:cli@2026-10-08T01:12:28,2026-10-08T01:12:29,0,16,0.045517,ok,5.08,5.71,9.37
list_fold,32000,dynamic,cli,runtime:list_fold_n32000:dynamic:cli@2026-10-08T01:12:28,2026-10-08T01:12:29,0,17,0.046522,ok,5.08,5.71,9.37
list_fold,32000,dynamic,cli,runtime:list_fold_n32000:dynamic:cli@2026-10-08T01:12:28,2026-10-08T01:12:29,0,18,0.046322,ok,5.08,5.71,9.37
list_fold,32000,dynamic,cli,runtime:list_fold_n32000:dynamic:cli@2026-10-08T01:12:28,2026-10-08T01:12:29,0,19,0.046486,ok,5.08,5.71,9.37
list_fold,32000,dynamic,O,runtime:list_fold_n32000:dynamic:O@2026-10-08T01:12:29,2026-10-08T01:12:29,1,0,0.275727,ok,5.08,5.71,9.37
list_fold,32000,dynamic,O,runtime:list_fold_n32000:dynamic:O@2026-10-08T01:12:29,2026-10-08T01:12:29,1,1,0.025667,ok,5.08,5.71,9.37
list_fold,32000,dynamic,O,runtime:list_fold_n32000:dynamic:O@2026-10-08T01:12:29,2026-10-08T01:12:29,0,0,0.022171,ok,5.08,5.71,9.37
list_fold,32000,dynamic,O,runtime:list_fold_n32000:dynamic:O@2026-10-08T01:12:29,2026-10-08T01:12:29,0,1,0.019630,ok,5.08,5.71,9.37
list_fold,32000,dynamic,O,runtime:list_fold_n32000:dynamic:O@2026-10-08T01:12:29,2026-10-08T01:12:29,0,2,0.019172,ok,5.08,5.71,9.37
list_fold,32000,dynamic,O,runtime:list_fold_n32000:dynamic:O@2026-10-08T01:12:29,2026-10-08T01:12:29,0,3,0.019190,ok,5.08,5.71,9.37
list_fold,32000,dynamic,O,runtime:list_fold_n32000:dynamic:O@2026-10-08T01:12:29,2026-10-08T01:12:29,0,4,0.018648,ok,5.08,5.71,9.37
list_fold,32000,dynamic,O,runtime:list_fold_n32000:dynamic:O@2026-10-08T01:12:29,2026-10-08T01:12:29,0,5,0.018908,ok,5.08,5.71,9.37
list_fold,32000,dynamic,O,runtime:list_fold_n32000:dynamic:O@2026-10-08T01:12:29,2026-10-08T01:12:29,0,6,0.019181,ok,5.08,5.71,9.37
list_fold,32000,dynamic,O,runtime:list_fold_n32000:dynamic:O@2026-10-08T01:12:29,2026-10-08T01:12:29,0,7,0.019098,ok,5.08,5.71,9.37
list_fold,32000,dynamic,O,runtime:list_fold_n32000:dynamic:O@2026-10-08T01:12:29,2026-10-08T01:12:29,0,8,0.020744,ok,5.08,5.71,9.37
list_fold,32000,dynamic,O,runtime:list_fold_n32000:dynamic:O@2026-10-08T01:12:29,2026-10-08T01:12:29,0,9,0.019147,ok,5.08,5.71,9.37
list_fold,32000,dynamic,O,runtime:list_fold_n32000:dynamic:O@2026-10-08T01:12:29,2026-10-08T01:12:30,0,10,0.019024,ok,5.08,5.71,9.37
list_fold,32000,dynamic,O,runtime:list_fold_n32000:dynamic:O@2026-10-08T01:12:29,2026-10-08T01:12:30,0,11,0.019408,ok,5.08,5.71,9.37
list_fold,32000,dynamic,O,runtime:list_fold_n32000:dynamic:O@2026-10-08T01:12:29,2026-10-08T01:12:30,0,12,0.019284,ok,5.08,5.71,9.37
list_fold,32000,dynamic,O,runtime:list_fold_n32000:dynamic:O@2026-10-08T01:12:29,2026-10-08T01:12:30,0,13,0.019176,ok,5.08,5.71,9.37
list_fold,32000,dynamic,O,runtime:list_fold_n32000:dynamic:O@2026-10-08T01:12:29,2026-10-08T01:12:30,0,14,0.019018,ok,5.08,5.71,9.37
list_fold,32000,dynamic,O,runtime:list_fold_n32000:dynamic:O@2026-10-08T01:12:29,2026-10-08T01:12:30,0,15,0.018735,ok,5.08,5.71,9.37
list_fold,32000,dynamic,O,runtime:list_fold_n32000:dynamic:O@2026-10-08T01:12:29,2026-10-08T01:12:30,0,16,0.019467,ok,5.08,5.71,9.37
list_fold,32000,dynamic,O,runtime:list_fold_n32000:dynamic:O@2026-10-08T01:12:29,2026-10-08T01:12:30,0,17,0.019121,ok,5.08,5.71,9.37
list_fold,32000,dynamic,O,runtime:list_fold_n32000:dynamic:O@2026-10-08T01:12:29,2026-10-08T01:12:30,0,18,0.019255,ok,5.08,5.71,9.37
list_fold,32000,dynamic,O,runtime:list_fold_n32000:dynamic:O@2026-10-08T01:12:29,2026-10-08T01:12:30,0,19,0.018727,ok,5.08,5.71,9.37
list_fold,64000,typed,cli,runtime:list_fold_n64000:typed:cli@2026-10-08T01:12:38,2026-10-08T01:12:39,1,0,0.386203,ok,4.92,5.65,9.31
list_fold,64000,typed,cli,runtime:list_fold_n64000:typed:cli@2026-10-08T01:12:38,2026-10-08T01:12:39,1,1,0.128084,ok,4.92,5.65,9.31
list_fold,64000,typed,cli,runtime:list_fold_n64000:typed:cli@2026-10-08T01:12:38,2026-10-08T01:12:39,0,0,0.128139,ok,4.92,5.65,9.31
list_fold,64000,typed,cli,runtime:list_fold_n64000:typed:cli@2026-10-08T01:12:38,2026-10-08T01:12:39,0,1,0.127757,ok,4.92,5.65,9.31
list_fold,64000,typed,cli,runtime:list_fold_n64000:typed:cli@2026-10-08T01:12:38,2026-10-08T01:12:39,0,2,0.127679,ok,4.92,5.65,9.31
list_fold,64000,typed,cli,runtime:list_fold_n64000:typed:cli@2026-10-08T01:12:38,2026-10-08T01:12:39,0,3,0.127650,ok,4.92,5.65,9.31
list_fold,64000,typed,cli,runtime:list_fold_n64000:typed:cli@2026-10-08T01:12:38,2026-10-08T01:12:39,0,4,0.127158,ok,4.92,5.65,9.31
list_fold,64000,typed,cli,runtime:list_fold_n64000:typed:cli@2026-10-08T01:12:38,2026-10-08T01:12:40,0,5,0.127129,ok,4.92,5.65,9.31
list_fold,64000,typed,cli,runtime:list_fold_n64000:typed:cli@2026-10-08T01:12:38,2026-10-08T01:12:40,0,6,0.126807,ok,4.92,5.65,9.31
list_fold,64000,typed,cli,runtime:list_fold_n64000:typed:cli@2026-10-08T01:12:38,2026-10-08T01:12:40,0,7,0.131317,ok,4.92,5.65,9.31
list_fold,64000,typed,cli,runtime:list_fold_n64000:typed:cli@2026-10-08T01:12:38,2026-10-08T01:12:40,0,8,0.126821,ok,4.92,5.65,9.31
list_fold,64000,typed,cli,runtime:list_fold_n64000:typed:cli@2026-10-08T01:12:38,2026-10-08T01:12:40,0,9,0.127144,ok,4.92,5.65,9.31
list_fold,64000,typed,cli,runtime:list_fold_n64000:typed:cli@2026-10-08T01:12:38,2026-10-08T01:12:40,0,10,0.127711,ok,4.92,5.65,9.31
list_fold,64000,typed,cli,runtime:list_fold_n64000:typed:cli@2026-10-08T01:12:38,2026-10-08T01:12:40,0,11,0.127219,ok,4.92,5.65,9.31
list_fold,64000,typed,cli,runtime:list_fold_n64000:typed:cli@2026-10-08T01:12:38,2026-10-08T01:12:40,0,12,0.127551,ok,4.92,5.65,9.31
list_fold,64000,typed,cli,runtime:list_fold_n64000:typed:cli@2026-10-08T01:12:38,2026-10-08T01:12:41,0,13,0.126859,ok,4.92,5.65,9.31
list_fold,64000,typed,cli,runtime:list_fold_n64000:typed:cli@2026-10-08T01:12:38,2026-10-08T01:12:41,0,14,0.126527,ok,4.92,5.65,9.31
list_fold,64000,typed,cli,runtime:list_fold_n64000:typed:cli@2026-10-08T01:12:38,2026-10-08T01:12:41,0,15,0.126444,ok,4.92,5.65,9.31
list_fold,64000,typed,cli,runtime:list_fold_n64000:typed:cli@2026-10-08T01:12:38,2026-10-08T01:12:41,0,16,0.127055,ok,4.92,5.65,9.31
list_fold,64000,typed,cli,runtime:list_fold_n64000:typed:cli@2026-10-08T01:12:38,2026-10-08T01:12:41,0,17,0.126707,ok,4.92,5.65,9.31
list_fold,64000,typed,cli,runtime:list_fold_n64000:typed:cli@2026-10-08T01:12:38,2026-10-08T01:12:41,0,18,0.126683,ok,4.92,5.65,9.31
list_fold,64000,typed,cli,runtime:list_fold_n64000:typed:cli@2026-10-08T01:12:38,2026-10-08T01:12:41,0,19,0.127891,ok,4.92,5.65,9.31
list_fold,64000,typed,O,runtime:list_fold_n64000:typed:O@2026-10-08T01:12:41,2026-10-08T01:12:42,1,0,0.302082,ok,4.92,5.65,9.31
list_fold,64000,typed,O,runtime:list_fold_n64000:typed:O@2026-10-08T01:12:41,2026-10-08T01:12:42,1,1,0.041595,ok,4.92,5.65,9.31
list_fold,64000,typed,O,runtime:list_fold_n64000:typed:O@2026-10-08T01:12:41,2026-10-08T01:12:42,0,0,0.038284,ok,4.92,5.65,9.31
list_fold,64000,typed,O,runtime:list_fold_n64000:typed:O@2026-10-08T01:12:41,2026-10-08T01:12:42,0,1,0.037370,ok,4.92,5.65,9.31
list_fold,64000,typed,O,runtime:list_fold_n64000:typed:O@2026-10-08T01:12:41,2026-10-08T01:12:42,0,2,0.037508,ok,4.92,5.65,9.31
list_fold,64000,typed,O,runtime:list_fold_n64000:typed:O@2026-10-08T01:12:41,2026-10-08T01:12:42,0,3,0.038770,ok,4.92,5.65,9.31
list_fold,64000,typed,O,runtime:list_fold_n64000:typed:O@2026-10-08T01:12:41,2026-10-08T01:12:42,0,4,0.037943,ok,4.92,5.65,9.31
list_fold,64000,typed,O,runtime:list_fold_n64000:typed:O@2026-10-08T01:12:41,2026-10-08T01:12:42,0,5,0.038107,ok,4.92,5.65,9.31
list_fold,64000,typed,O,runtime:list_fold_n64000:typed:O@2026-10-08T01:12:41,2026-10-08T01:12:42,0,6,0.038262,ok,4.92,5.65,9.31
list_fold,64000,typed,O,runtime:list_fold_n64000:typed:O@2026-10-08T01:12:41,2026-10-08T01:12:42,0,7,0.038163,ok,4.92,5.65,9.31
list_fold,64000,typed,O,runtime:list_fold_n64000:typed:O@2026-10-08T01:12:41,2026-10-08T01:12:42,0,8,0.037953,ok,4.92,5.65,9.31
list_fold,64000,typed,O,runtime:list_fold_n64000:typed:O@2026-10-08T01:12:41,2026-10-08T01:12:42,0,9,0.037399,ok,4.92,5.65,9.31
list_fold,64000,typed,O,runtime:list_fold_n64000:typed:O@2026-10-08T01:12:41,2026-10-08T01:12:42,0,10,0.038054,ok,4.92,5.65,9.31
list_fold,64000,typed,O,runtime:list_fold_n64000:typed:O@2026-10-08T01:12:41,2026-10-08T01:12:42,0,11,0.037768,ok,4.92,5.65,9.31
list_fold,64000,typed,O,runtime:list_fold_n64000:typed:O@2026-10-08T01:12:41,2026-10-08T01:12:42,0,12,0.037747,ok,4.92,5.65,9.31
list_fold,64000,typed,O,runtime:list_fold_n64000:typed:O@2026-10-08T01:12:41,2026-10-08T01:12:42,0,13,0.037988,ok,4.92,5.65,9.31
list_fold,64000,typed,O,runtime:list_fold_n64000:typed:O@2026-10-08T01:12:41,2026-10-08T01:12:42,0,14,0.038892,ok,4.92,5.65,9.31
list_fold,64000,typed,O,runtime:list_fold_n64000:typed:O@2026-10-08T01:12:41,2026-10-08T01:12:42,0,15,0.038524,ok,4.92,5.65,9.31
list_fold,64000,typed,O,runtime:list_fold_n64000:typed:O@2026-10-08T01:12:41,2026-10-08T01:12:42,0,16,0.037896,ok,4.92,5.65,9.31
list_fold,64000,typed,O,runtime:list_fold_n64000:typed:O@2026-10-08T01:12:41,2026-10-08T01:12:42,0,17,0.038703,ok,4.92,5.65,9.31
list_fold,64000,typed,O,runtime:list_fold_n64000:typed:O@2026-10-08T01:12:41,2026-10-08T01:12:43,0,18,0.038025,ok,4.92,5.65,9.31
list_fold,64000,typed,O,runtime:list_fold_n64000:typed:O@2026-10-08T01:12:41,2026-10-08T01:12:43,0,19,0.037249,ok,4.93,5.64,9.28
list_fold,64000,dynamic,cli,runtime:list_fold_n64000:dynamic:cli@2026-10-08T01:12:43,2026-10-08T01:12:43,1,0,0.308303,error:-6 (stack overflow),4.93,5.64,9.28
list_fold,64000,dynamic,O,runtime:list_fold_n64000:dynamic:O@2026-10-08T01:12:43,2026-10-08T01:12:43,1,0,0.288647,ok,4.93,5.64,9.28
list_fold,64000,dynamic,O,runtime:list_fold_n64000:dynamic:O@2026-10-08T01:12:43,2026-10-08T01:12:43,1,1,0.039646,ok,4.93,5.64,9.28
list_fold,64000,dynamic,O,runtime:list_fold_n64000:dynamic:O@2026-10-08T01:12:43,2026-10-08T01:12:43,0,0,0.035846,ok,4.93,5.64,9.28
list_fold,64000,dynamic,O,runtime:list_fold_n64000:dynamic:O@2026-10-08T01:12:43,2026-10-08T01:12:43,0,1,0.036039,ok,4.93,5.64,9.28
list_fold,64000,dynamic,O,runtime:list_fold_n64000:dynamic:O@2026-10-08T01:12:43,2026-10-08T01:12:43,0,2,0.035533,ok,4.93,5.64,9.28
list_fold,64000,dynamic,O,runtime:list_fold_n64000:dynamic:O@2026-10-08T01:12:43,2026-10-08T01:12:44,0,3,0.035601,ok,4.93,5.64,9.28
list_fold,64000,dynamic,O,runtime:list_fold_n64000:dynamic:O@2026-10-08T01:12:43,2026-10-08T01:12:44,0,4,0.034969,ok,4.93,5.64,9.28
list_fold,64000,dynamic,O,runtime:list_fold_n64000:dynamic:O@2026-10-08T01:12:43,2026-10-08T01:12:44,0,5,0.035333,ok,4.93,5.64,9.28
list_fold,64000,dynamic,O,runtime:list_fold_n64000:dynamic:O@2026-10-08T01:12:43,2026-10-08T01:12:44,0,6,0.035411,ok,4.93,5.64,9.28
list_fold,64000,dynamic,O,runtime:list_fold_n64000:dynamic:O@2026-10-08T01:12:43,2026-10-08T01:12:44,0,7,0.035704,ok,4.93,5.64,9.28
list_fold,64000,dynamic,O,runtime:list_fold_n64000:dynamic:O@2026-10-08T01:12:43,2026-10-08T01:12:44,0,8,0.034763,ok,4.93,5.64,9.28
list_fold,64000,dynamic,O,runtime:list_fold_n64000:dynamic:O@2026-10-08T01:12:43,2026-10-08T01:12:44,0,9,0.036176,ok,4.93,5.64,9.28
list_fold,64000,dynamic,O,runtime:list_fold_n64000:dynamic:O@2026-10-08T01:12:43,2026-10-08T01:12:44,0,10,0.034760,ok,4.93,5.64,9.28
list_fold,64000,dynamic,O,runtime:list_fold_n64000:dynamic:O@2026-10-08T01:12:43,2026-10-08T01:12:44,0,11,0.037274,ok,4.93,5.64,9.28
list_fold,64000,dynamic,O,runtime:list_fold_n64000:dynamic:O@2026-10-08T01:12:43,2026-10-08T01:12:44,0,12,0.037265,ok,4.93,5.64,9.28
list_fold,64000,dynamic,O,runtime:list_fold_n64000:dynamic:O@2026-10-08T01:12:43,2026-10-08T01:12:44,0,13,0.035977,ok,4.93,5.64,9.28
list_fold,64000,dynamic,O,runtime:list_fold_n64000:dynamic:O@2026-10-08T01:12:43,2026-10-08T01:12:44,0,14,0.035090,ok,4.93,5.64,9.28
list_fold,64000,dynamic,O,runtime:list_fold_n64000:dynamic:O@2026-10-08T01:12:43,2026-10-08T01:12:44,0,15,0.034774,ok,4.93,5.64,9.28
list_fold,64000,dynamic,O,runtime:list_fold_n64000:dynamic:O@2026-10-08T01:12:43,2026-10-08T01:12:44,0,16,0.034882,ok,4.93,5.64,9.28
list_fold,64000,dynamic,O,runtime:list_fold_n64000:dynamic:O@2026-10-08T01:12:43,2026-10-08T01:12:44,0,17,0.034346,ok,4.93,5.64,9.28
list_fold,64000,dynamic,O,runtime:list_fold_n64000:dynamic:O@2026-10-08T01:12:43,2026-10-08T01:12:44,0,18,0.034835,ok,4.93,5.64,9.28
list_fold,64000,dynamic,O,runtime:list_fold_n64000:dynamic:O@2026-10-08T01:12:43,2026-10-08T01:12:44,0,19,0.035196,ok,4.93,5.64,9.28
list_fold,128000,typed,cli,runtime:list_fold_n128000:typed:cli@2026-10-08T01:12:53,2026-10-08T01:12:53,1,0,0.525503,ok,5.30,5.70,9.26
list_fold,128000,typed,cli,runtime:list_fold_n128000:typed:cli@2026-10-08T01:12:53,2026-10-08T01:12:53,1,1,0.253949,ok,5.30,5.70,9.26
list_fold,128000,typed,cli,runtime:list_fold_n128000:typed:cli@2026-10-08T01:12:53,2026-10-08T01:12:54,0,0,0.249023,ok,5.30,5.70,9.26
list_fold,128000,typed,cli,runtime:list_fold_n128000:typed:cli@2026-10-08T01:12:53,2026-10-08T01:12:54,0,1,0.249584,ok,5.30,5.70,9.26
list_fold,128000,typed,cli,runtime:list_fold_n128000:typed:cli@2026-10-08T01:12:53,2026-10-08T01:12:54,0,2,0.249475,ok,5.30,5.70,9.26
list_fold,128000,typed,cli,runtime:list_fold_n128000:typed:cli@2026-10-08T01:12:53,2026-10-08T01:12:54,0,3,0.248333,ok,5.30,5.70,9.26
list_fold,128000,typed,cli,runtime:list_fold_n128000:typed:cli@2026-10-08T01:12:53,2026-10-08T01:12:55,0,4,0.248328,ok,5.30,5.70,9.26
list_fold,128000,typed,cli,runtime:list_fold_n128000:typed:cli@2026-10-08T01:12:53,2026-10-08T01:12:55,0,5,0.248865,ok,5.30,5.70,9.26
list_fold,128000,typed,cli,runtime:list_fold_n128000:typed:cli@2026-10-08T01:12:53,2026-10-08T01:12:55,0,6,0.250168,ok,5.30,5.70,9.26
list_fold,128000,typed,cli,runtime:list_fold_n128000:typed:cli@2026-10-08T01:12:53,2026-10-08T01:12:55,0,7,0.248300,ok,5.30,5.70,9.26
list_fold,128000,typed,cli,runtime:list_fold_n128000:typed:cli@2026-10-08T01:12:53,2026-10-08T01:12:56,0,8,0.248304,ok,5.30,5.70,9.26
list_fold,128000,typed,cli,runtime:list_fold_n128000:typed:cli@2026-10-08T01:12:53,2026-10-08T01:12:56,0,9,0.249496,ok,5.30,5.70,9.26
list_fold,128000,typed,O,runtime:list_fold_n128000:typed:O@2026-10-08T01:12:56,2026-10-08T01:12:56,1,0,0.336470,ok,5.30,5.70,9.26
list_fold,128000,typed,O,runtime:list_fold_n128000:typed:O@2026-10-08T01:12:56,2026-10-08T01:12:56,1,1,0.073416,ok,5.30,5.70,9.26
list_fold,128000,typed,O,runtime:list_fold_n128000:typed:O@2026-10-08T01:12:56,2026-10-08T01:12:56,0,0,0.073939,ok,5.30,5.70,9.26
list_fold,128000,typed,O,runtime:list_fold_n128000:typed:O@2026-10-08T01:12:56,2026-10-08T01:12:57,0,1,0.073994,ok,5.30,5.70,9.26
list_fold,128000,typed,O,runtime:list_fold_n128000:typed:O@2026-10-08T01:12:56,2026-10-08T01:12:57,0,2,0.075109,ok,5.30,5.70,9.26
list_fold,128000,typed,O,runtime:list_fold_n128000:typed:O@2026-10-08T01:12:56,2026-10-08T01:12:57,0,3,0.073215,ok,5.30,5.70,9.26
list_fold,128000,typed,O,runtime:list_fold_n128000:typed:O@2026-10-08T01:12:56,2026-10-08T01:12:57,0,4,0.073676,ok,5.30,5.70,9.26
list_fold,128000,typed,O,runtime:list_fold_n128000:typed:O@2026-10-08T01:12:56,2026-10-08T01:12:57,0,5,0.073580,ok,5.30,5.70,9.26
list_fold,128000,typed,O,runtime:list_fold_n128000:typed:O@2026-10-08T01:12:56,2026-10-08T01:12:57,0,6,0.072452,ok,5.30,5.70,9.26
list_fold,128000,typed,O,runtime:list_fold_n128000:typed:O@2026-10-08T01:12:56,2026-10-08T01:12:57,0,7,0.072534,ok,5.30,5.70,9.26
list_fold,128000,typed,O,runtime:list_fold_n128000:typed:O@2026-10-08T01:12:56,2026-10-08T01:12:57,0,8,0.073024,ok,5.30,5.70,9.26
list_fold,128000,typed,O,runtime:list_fold_n128000:typed:O@2026-10-08T01:12:56,2026-10-08T01:12:57,0,9,0.072784,ok,5.30,5.70,9.26
list_fold,128000,typed,O,runtime:list_fold_n128000:typed:O@2026-10-08T01:12:56,2026-10-08T01:12:57,0,10,0.072750,ok,5.30,5.70,9.26
list_fold,128000,typed,O,runtime:list_fold_n128000:typed:O@2026-10-08T01:12:56,2026-10-08T01:12:57,0,11,0.071730,ok,5.30,5.70,9.26
list_fold,128000,typed,O,runtime:list_fold_n128000:typed:O@2026-10-08T01:12:56,2026-10-08T01:12:57,0,12,0.073407,ok,5.30,5.70,9.26
list_fold,128000,typed,O,runtime:list_fold_n128000:typed:O@2026-10-08T01:12:56,2026-10-08T01:12:57,0,13,0.072873,ok,5.30,5.70,9.26
list_fold,128000,typed,O,runtime:list_fold_n128000:typed:O@2026-10-08T01:12:56,2026-10-08T01:12:58,0,14,0.073922,ok,5.30,5.70,9.26
list_fold,128000,typed,O,runtime:list_fold_n128000:typed:O@2026-10-08T01:12:56,2026-10-08T01:12:58,0,15,0.072793,ok,5.11,5.66,9.22
list_fold,128000,typed,O,runtime:list_fold_n128000:typed:O@2026-10-08T01:12:56,2026-10-08T01:12:58,0,16,0.073580,ok,5.11,5.66,9.22
list_fold,128000,typed,O,runtime:list_fold_n128000:typed:O@2026-10-08T01:12:56,2026-10-08T01:12:58,0,17,0.071624,ok,5.11,5.66,9.22
list_fold,128000,typed,O,runtime:list_fold_n128000:typed:O@2026-10-08T01:12:56,2026-10-08T01:12:58,0,18,0.072404,ok,5.11,5.66,9.22
list_fold,128000,typed,O,runtime:list_fold_n128000:typed:O@2026-10-08T01:12:56,2026-10-08T01:12:58,0,19,0.072684,ok,5.11,5.66,9.22
list_fold,128000,dynamic,cli,,2026-10-08T01:12:58,0,,,skipped: the run at n=64000 failed,,,
list_fold,128000,dynamic,O,runtime:list_fold_n128000:dynamic:O@2026-10-08T01:12:58,2026-10-08T01:12:58,1,0,0.290828,error:-6 (stack overflow),5.11,5.66,9.22
list_fold,256000,typed,cli,runtime:list_fold_n256000:typed:cli@2026-10-08T01:13:02,2026-10-08T01:13:03,1,0,0.375826,error:-6 (stack overflow),5.11,5.64,9.20
list_fold,256000,typed,O,runtime:list_fold_n256000:typed:O@2026-10-08T01:13:03,2026-10-08T01:13:03,1,0,0.404523,ok,5.11,5.64,9.20
list_fold,256000,typed,O,runtime:list_fold_n256000:typed:O@2026-10-08T01:13:03,2026-10-08T01:13:03,1,1,0.142791,ok,5.11,5.64,9.20
list_fold,256000,typed,O,runtime:list_fold_n256000:typed:O@2026-10-08T01:13:03,2026-10-08T01:13:03,0,0,0.143441,ok,5.11,5.64,9.20
list_fold,256000,typed,O,runtime:list_fold_n256000:typed:O@2026-10-08T01:13:03,2026-10-08T01:13:04,0,1,0.141302,ok,5.11,5.64,9.20
list_fold,256000,typed,O,runtime:list_fold_n256000:typed:O@2026-10-08T01:13:03,2026-10-08T01:13:04,0,2,0.140260,ok,5.11,5.64,9.20
list_fold,256000,typed,O,runtime:list_fold_n256000:typed:O@2026-10-08T01:13:03,2026-10-08T01:13:04,0,3,0.141314,ok,5.11,5.64,9.20
list_fold,256000,typed,O,runtime:list_fold_n256000:typed:O@2026-10-08T01:13:03,2026-10-08T01:13:04,0,4,0.140110,ok,5.11,5.64,9.20
list_fold,256000,typed,O,runtime:list_fold_n256000:typed:O@2026-10-08T01:13:03,2026-10-08T01:13:04,0,5,0.142523,ok,5.11,5.64,9.20
list_fold,256000,typed,O,runtime:list_fold_n256000:typed:O@2026-10-08T01:13:03,2026-10-08T01:13:04,0,6,0.146618,ok,5.11,5.64,9.20
list_fold,256000,typed,O,runtime:list_fold_n256000:typed:O@2026-10-08T01:13:03,2026-10-08T01:13:04,0,7,0.145014,ok,5.11,5.64,9.20
list_fold,256000,typed,O,runtime:list_fold_n256000:typed:O@2026-10-08T01:13:03,2026-10-08T01:13:05,0,8,0.139951,ok,5.11,5.64,9.20
list_fold,256000,typed,O,runtime:list_fold_n256000:typed:O@2026-10-08T01:13:03,2026-10-08T01:13:05,0,9,0.140375,ok,5.11,5.64,9.20
list_fold,256000,typed,O,runtime:list_fold_n256000:typed:O@2026-10-08T01:13:03,2026-10-08T01:13:05,0,10,0.142596,ok,5.11,5.64,9.20
list_fold,256000,typed,O,runtime:list_fold_n256000:typed:O@2026-10-08T01:13:03,2026-10-08T01:13:05,0,11,0.142603,ok,5.11,5.64,9.20
list_fold,256000,typed,O,runtime:list_fold_n256000:typed:O@2026-10-08T01:13:03,2026-10-08T01:13:05,0,12,0.143622,ok,5.11,5.64,9.20
list_fold,256000,typed,O,runtime:list_fold_n256000:typed:O@2026-10-08T01:13:03,2026-10-08T01:13:05,0,13,0.141812,ok,5.11,5.64,9.20
list_fold,256000,typed,O,runtime:list_fold_n256000:typed:O@2026-10-08T01:13:03,2026-10-08T01:13:05,0,14,0.139894,ok,5.11,5.64,9.20
list_fold,256000,typed,O,runtime:list_fold_n256000:typed:O@2026-10-08T01:13:03,2026-10-08T01:13:06,0,15,0.141786,ok,5.11,5.64,9.20
list_fold,256000,typed,O,runtime:list_fold_n256000:typed:O@2026-10-08T01:13:03,2026-10-08T01:13:06,0,16,0.141064,ok,5.11,5.64,9.20
list_fold,256000,typed,O,runtime:list_fold_n256000:typed:O@2026-10-08T01:13:03,2026-10-08T01:13:06,0,17,0.143042,ok,5.11,5.64,9.20
list_fold,256000,typed,O,runtime:list_fold_n256000:typed:O@2026-10-08T01:13:03,2026-10-08T01:13:06,0,18,0.144751,ok,5.11,5.64,9.20
list_fold,256000,typed,O,runtime:list_fold_n256000:typed:O@2026-10-08T01:13:03,2026-10-08T01:13:06,0,19,0.141987,ok,5.11,5.64,9.20
list_fold,256000,dynamic,cli,,2026-10-08T01:13:06,0,,,skipped: the run at n=64000 failed,,,
list_fold,256000,dynamic,O,,2026-10-08T01:13:06,0,,,skipped: the run at n=128000 failed,,,
proto_send,1000,typed,cli,runtime:proto_send_n1000:typed:cli@2026-10-08T01:13:16,2026-10-08T01:13:16,1,0,0.281116,ok,4.94,5.59,9.14
proto_send,1000,typed,cli,runtime:proto_send_n1000:typed:cli@2026-10-08T01:13:16,2026-10-08T01:13:16,1,1,0.008688,ok,4.94,5.59,9.14
proto_send,1000,typed,cli,runtime:proto_send_n1000:typed:cli@2026-10-08T01:13:16,2026-10-08T01:13:16,0,0,0.008769,ok,4.94,5.59,9.14
proto_send,1000,typed,cli,runtime:proto_send_n1000:typed:cli@2026-10-08T01:13:16,2026-10-08T01:13:16,0,1,0.009548,ok,4.94,5.59,9.14
proto_send,1000,typed,cli,runtime:proto_send_n1000:typed:cli@2026-10-08T01:13:16,2026-10-08T01:13:16,0,2,0.009415,ok,4.94,5.59,9.14
proto_send,1000,typed,cli,runtime:proto_send_n1000:typed:cli@2026-10-08T01:13:16,2026-10-08T01:13:16,0,3,0.009712,ok,4.94,5.59,9.14
proto_send,1000,typed,cli,runtime:proto_send_n1000:typed:cli@2026-10-08T01:13:16,2026-10-08T01:13:16,0,4,0.009436,ok,4.94,5.59,9.14
proto_send,1000,typed,cli,runtime:proto_send_n1000:typed:cli@2026-10-08T01:13:16,2026-10-08T01:13:16,0,5,0.008948,ok,4.94,5.59,9.14
proto_send,1000,typed,cli,runtime:proto_send_n1000:typed:cli@2026-10-08T01:13:16,2026-10-08T01:13:16,0,6,0.008699,ok,4.94,5.59,9.14
proto_send,1000,typed,cli,runtime:proto_send_n1000:typed:cli@2026-10-08T01:13:16,2026-10-08T01:13:16,0,7,0.008379,ok,4.94,5.59,9.14
proto_send,1000,typed,cli,runtime:proto_send_n1000:typed:cli@2026-10-08T01:13:16,2026-10-08T01:13:16,0,8,0.008164,ok,4.94,5.59,9.14
proto_send,1000,typed,cli,runtime:proto_send_n1000:typed:cli@2026-10-08T01:13:16,2026-10-08T01:13:16,0,9,0.008008,ok,4.94,5.59,9.14
proto_send,1000,typed,cli,runtime:proto_send_n1000:typed:cli@2026-10-08T01:13:16,2026-10-08T01:13:16,0,10,0.007795,ok,4.94,5.59,9.14
proto_send,1000,typed,cli,runtime:proto_send_n1000:typed:cli@2026-10-08T01:13:16,2026-10-08T01:13:16,0,11,0.007626,ok,4.94,5.59,9.14
proto_send,1000,typed,cli,runtime:proto_send_n1000:typed:cli@2026-10-08T01:13:16,2026-10-08T01:13:16,0,12,0.007479,ok,4.94,5.59,9.14
proto_send,1000,typed,cli,runtime:proto_send_n1000:typed:cli@2026-10-08T01:13:16,2026-10-08T01:13:16,0,13,0.007735,ok,4.94,5.59,9.14
proto_send,1000,typed,cli,runtime:proto_send_n1000:typed:cli@2026-10-08T01:13:16,2026-10-08T01:13:16,0,14,0.007552,ok,4.94,5.59,9.14
proto_send,1000,typed,cli,runtime:proto_send_n1000:typed:cli@2026-10-08T01:13:16,2026-10-08T01:13:16,0,15,0.007713,ok,4.94,5.59,9.14
proto_send,1000,typed,cli,runtime:proto_send_n1000:typed:cli@2026-10-08T01:13:16,2026-10-08T01:13:17,0,16,0.007560,ok,4.94,5.59,9.14
proto_send,1000,typed,cli,runtime:proto_send_n1000:typed:cli@2026-10-08T01:13:16,2026-10-08T01:13:17,0,17,0.007648,ok,4.94,5.59,9.14
proto_send,1000,typed,cli,runtime:proto_send_n1000:typed:cli@2026-10-08T01:13:16,2026-10-08T01:13:17,0,18,0.007608,ok,4.94,5.59,9.14
proto_send,1000,typed,cli,runtime:proto_send_n1000:typed:cli@2026-10-08T01:13:16,2026-10-08T01:13:17,0,19,0.007590,ok,4.94,5.59,9.14
proto_send,1000,typed,O,runtime:proto_send_n1000:typed:O@2026-10-08T01:13:17,2026-10-08T01:13:17,1,0,0.279262,ok,4.94,5.59,9.14
proto_send,1000,typed,O,runtime:proto_send_n1000:typed:O@2026-10-08T01:13:17,2026-10-08T01:13:17,1,1,0.004382,ok,4.94,5.59,9.14
proto_send,1000,typed,O,runtime:proto_send_n1000:typed:O@2026-10-08T01:13:17,2026-10-08T01:13:17,0,0,0.004012,ok,4.94,5.59,9.14
proto_send,1000,typed,O,runtime:proto_send_n1000:typed:O@2026-10-08T01:13:17,2026-10-08T01:13:17,0,1,0.005706,ok,4.94,5.59,9.14
proto_send,1000,typed,O,runtime:proto_send_n1000:typed:O@2026-10-08T01:13:17,2026-10-08T01:13:17,0,2,0.004886,ok,4.94,5.59,9.14
proto_send,1000,typed,O,runtime:proto_send_n1000:typed:O@2026-10-08T01:13:17,2026-10-08T01:13:17,0,3,0.004456,ok,4.94,5.59,9.14
proto_send,1000,typed,O,runtime:proto_send_n1000:typed:O@2026-10-08T01:13:17,2026-10-08T01:13:17,0,4,0.004713,ok,4.94,5.59,9.14
proto_send,1000,typed,O,runtime:proto_send_n1000:typed:O@2026-10-08T01:13:17,2026-10-08T01:13:17,0,5,0.004927,ok,4.94,5.59,9.14
proto_send,1000,typed,O,runtime:proto_send_n1000:typed:O@2026-10-08T01:13:17,2026-10-08T01:13:17,0,6,0.005518,ok,4.94,5.59,9.14
proto_send,1000,typed,O,runtime:proto_send_n1000:typed:O@2026-10-08T01:13:17,2026-10-08T01:13:17,0,7,0.005300,ok,4.94,5.59,9.14
proto_send,1000,typed,O,runtime:proto_send_n1000:typed:O@2026-10-08T01:13:17,2026-10-08T01:13:17,0,8,0.005501,ok,4.94,5.59,9.14
proto_send,1000,typed,O,runtime:proto_send_n1000:typed:O@2026-10-08T01:13:17,2026-10-08T01:13:17,0,9,0.005228,ok,4.94,5.59,9.14
proto_send,1000,typed,O,runtime:proto_send_n1000:typed:O@2026-10-08T01:13:17,2026-10-08T01:13:17,0,10,0.005352,ok,4.94,5.59,9.14
proto_send,1000,typed,O,runtime:proto_send_n1000:typed:O@2026-10-08T01:13:17,2026-10-08T01:13:17,0,11,0.005178,ok,4.94,5.59,9.14
proto_send,1000,typed,O,runtime:proto_send_n1000:typed:O@2026-10-08T01:13:17,2026-10-08T01:13:17,0,12,0.004997,ok,4.94,5.59,9.14
proto_send,1000,typed,O,runtime:proto_send_n1000:typed:O@2026-10-08T01:13:17,2026-10-08T01:13:17,0,13,0.004881,ok,4.94,5.59,9.14
proto_send,1000,typed,O,runtime:proto_send_n1000:typed:O@2026-10-08T01:13:17,2026-10-08T01:13:17,0,14,0.004902,ok,4.94,5.59,9.14
proto_send,1000,typed,O,runtime:proto_send_n1000:typed:O@2026-10-08T01:13:17,2026-10-08T01:13:17,0,15,0.004688,ok,4.94,5.59,9.14
proto_send,1000,typed,O,runtime:proto_send_n1000:typed:O@2026-10-08T01:13:17,2026-10-08T01:13:17,0,16,0.004723,ok,4.94,5.59,9.14
proto_send,1000,typed,O,runtime:proto_send_n1000:typed:O@2026-10-08T01:13:17,2026-10-08T01:13:17,0,17,0.004618,ok,4.94,5.59,9.14
proto_send,1000,typed,O,runtime:proto_send_n1000:typed:O@2026-10-08T01:13:17,2026-10-08T01:13:17,0,18,0.004402,ok,4.94,5.59,9.14
proto_send,1000,typed,O,runtime:proto_send_n1000:typed:O@2026-10-08T01:13:17,2026-10-08T01:13:17,0,19,0.004309,ok,4.94,5.59,9.14
proto_send,1000,dynamic,cli,runtime:proto_send_n1000:dynamic:cli@2026-10-08T01:13:17,2026-10-08T01:13:18,1,0,0.997285,ok,5.02,5.60,9.12
proto_send,1000,dynamic,cli,runtime:proto_send_n1000:dynamic:cli@2026-10-08T01:13:17,2026-10-08T01:13:19,1,1,0.718623,ok,5.02,5.60,9.12
proto_send,1000,dynamic,cli,runtime:proto_send_n1000:dynamic:cli@2026-10-08T01:13:17,2026-10-08T01:13:20,0,0,0.714480,ok,5.02,5.60,9.12
proto_send,1000,dynamic,cli,runtime:proto_send_n1000:dynamic:cli@2026-10-08T01:13:17,2026-10-08T01:13:20,0,1,0.718313,ok,5.02,5.60,9.12
proto_send,1000,dynamic,cli,runtime:proto_send_n1000:dynamic:cli@2026-10-08T01:13:17,2026-10-08T01:13:21,0,2,0.720927,ok,5.02,5.60,9.12
proto_send,1000,dynamic,cli,runtime:proto_send_n1000:dynamic:cli@2026-10-08T01:13:17,2026-10-08T01:13:22,0,3,0.715844,ok,5.02,5.60,9.12
proto_send,1000,dynamic,cli,runtime:proto_send_n1000:dynamic:cli@2026-10-08T01:13:17,2026-10-08T01:13:22,0,4,0.718919,ok,5.02,5.60,9.12
proto_send,1000,dynamic,cli,runtime:proto_send_n1000:dynamic:cli@2026-10-08T01:13:17,2026-10-08T01:13:23,0,5,0.714691,ok,4.94,5.57,9.09
proto_send,1000,dynamic,cli,runtime:proto_send_n1000:dynamic:cli@2026-10-08T01:13:17,2026-10-08T01:13:24,0,6,0.715826,ok,4.94,5.57,9.09
proto_send,1000,dynamic,cli,runtime:proto_send_n1000:dynamic:cli@2026-10-08T01:13:17,2026-10-08T01:13:25,0,7,0.719334,ok,4.94,5.57,9.09
proto_send,1000,dynamic,cli,runtime:proto_send_n1000:dynamic:cli@2026-10-08T01:13:17,2026-10-08T01:13:25,0,8,0.723852,ok,4.94,5.57,9.09
proto_send,1000,dynamic,cli,runtime:proto_send_n1000:dynamic:cli@2026-10-08T01:13:17,2026-10-08T01:13:26,0,9,0.717891,ok,4.94,5.57,9.09
proto_send,1000,dynamic,O,runtime:proto_send_n1000:dynamic:O@2026-10-08T01:13:26,2026-10-08T01:13:27,1,0,0.508011,ok,4.94,5.57,9.09
proto_send,1000,dynamic,O,runtime:proto_send_n1000:dynamic:O@2026-10-08T01:13:26,2026-10-08T01:13:27,1,1,0.232899,ok,4.94,5.57,9.09
proto_send,1000,dynamic,O,runtime:proto_send_n1000:dynamic:O@2026-10-08T01:13:26,2026-10-08T01:13:27,0,0,0.232735,ok,4.94,5.57,9.09
proto_send,1000,dynamic,O,runtime:proto_send_n1000:dynamic:O@2026-10-08T01:13:26,2026-10-08T01:13:27,0,1,0.231991,ok,4.94,5.57,9.09
proto_send,1000,dynamic,O,runtime:proto_send_n1000:dynamic:O@2026-10-08T01:13:26,2026-10-08T01:13:28,0,2,0.237170,ok,4.86,5.54,9.06
proto_send,1000,dynamic,O,runtime:proto_send_n1000:dynamic:O@2026-10-08T01:13:26,2026-10-08T01:13:28,0,3,0.232310,ok,4.86,5.54,9.06
proto_send,1000,dynamic,O,runtime:proto_send_n1000:dynamic:O@2026-10-08T01:13:26,2026-10-08T01:13:28,0,4,0.233178,ok,4.86,5.54,9.06
proto_send,1000,dynamic,O,runtime:proto_send_n1000:dynamic:O@2026-10-08T01:13:26,2026-10-08T01:13:28,0,5,0.234928,ok,4.86,5.54,9.06
proto_send,1000,dynamic,O,runtime:proto_send_n1000:dynamic:O@2026-10-08T01:13:26,2026-10-08T01:13:29,0,6,0.236823,ok,4.86,5.54,9.06
proto_send,1000,dynamic,O,runtime:proto_send_n1000:dynamic:O@2026-10-08T01:13:26,2026-10-08T01:13:29,0,7,0.234536,ok,4.86,5.54,9.06
proto_send,1000,dynamic,O,runtime:proto_send_n1000:dynamic:O@2026-10-08T01:13:26,2026-10-08T01:13:29,0,8,0.233474,ok,4.86,5.54,9.06
proto_send,1000,dynamic,O,runtime:proto_send_n1000:dynamic:O@2026-10-08T01:13:26,2026-10-08T01:13:29,0,9,0.232742,ok,4.86,5.54,9.06
proto_send,2000,typed,cli,runtime:proto_send_n2000:typed:cli@2026-10-08T01:13:39,2026-10-08T01:13:39,1,0,0.286359,ok,5.20,5.59,9.03
proto_send,2000,typed,cli,runtime:proto_send_n2000:typed:cli@2026-10-08T01:13:39,2026-10-08T01:13:39,1,1,0.018198,ok,5.20,5.59,9.03
proto_send,2000,typed,cli,runtime:proto_send_n2000:typed:cli@2026-10-08T01:13:39,2026-10-08T01:13:39,0,0,0.015774,ok,5.20,5.59,9.03
proto_send,2000,typed,cli,runtime:proto_send_n2000:typed:cli@2026-10-08T01:13:39,2026-10-08T01:13:39,0,1,0.014121,ok,5.20,5.59,9.03
proto_send,2000,typed,cli,runtime:proto_send_n2000:typed:cli@2026-10-08T01:13:39,2026-10-08T01:13:39,0,2,0.012882,ok,5.20,5.59,9.03
proto_send,2000,typed,cli,runtime:proto_send_n2000:typed:cli@2026-10-08T01:13:39,2026-10-08T01:13:39,0,3,0.012061,ok,5.20,5.59,9.03
proto_send,2000,typed,cli,runtime:proto_send_n2000:typed:cli@2026-10-08T01:13:39,2026-10-08T01:13:39,0,4,0.011439,ok,5.20,5.59,9.03
proto_send,2000,typed,cli,runtime:proto_send_n2000:typed:cli@2026-10-08T01:13:39,2026-10-08T01:13:39,0,5,0.011240,ok,5.20,5.59,9.03
proto_send,2000,typed,cli,runtime:proto_send_n2000:typed:cli@2026-10-08T01:13:39,2026-10-08T01:13:39,0,6,0.011257,ok,5.20,5.59,9.03
proto_send,2000,typed,cli,runtime:proto_send_n2000:typed:cli@2026-10-08T01:13:39,2026-10-08T01:13:39,0,7,0.011174,ok,5.20,5.59,9.03
proto_send,2000,typed,cli,runtime:proto_send_n2000:typed:cli@2026-10-08T01:13:39,2026-10-08T01:13:39,0,8,0.011154,ok,5.20,5.59,9.03
proto_send,2000,typed,cli,runtime:proto_send_n2000:typed:cli@2026-10-08T01:13:39,2026-10-08T01:13:40,0,9,0.011356,ok,5.20,5.59,9.03
proto_send,2000,typed,cli,runtime:proto_send_n2000:typed:cli@2026-10-08T01:13:39,2026-10-08T01:13:40,0,10,0.011243,ok,5.20,5.59,9.03
proto_send,2000,typed,cli,runtime:proto_send_n2000:typed:cli@2026-10-08T01:13:39,2026-10-08T01:13:40,0,11,0.011286,ok,5.20,5.59,9.03
proto_send,2000,typed,cli,runtime:proto_send_n2000:typed:cli@2026-10-08T01:13:39,2026-10-08T01:13:40,0,12,0.011212,ok,5.20,5.59,9.03
proto_send,2000,typed,cli,runtime:proto_send_n2000:typed:cli@2026-10-08T01:13:39,2026-10-08T01:13:40,0,13,0.011331,ok,5.20,5.59,9.03
proto_send,2000,typed,cli,runtime:proto_send_n2000:typed:cli@2026-10-08T01:13:39,2026-10-08T01:13:40,0,14,0.011583,ok,5.20,5.59,9.03
proto_send,2000,typed,cli,runtime:proto_send_n2000:typed:cli@2026-10-08T01:13:39,2026-10-08T01:13:40,0,15,0.011367,ok,5.20,5.59,9.03
proto_send,2000,typed,cli,runtime:proto_send_n2000:typed:cli@2026-10-08T01:13:39,2026-10-08T01:13:40,0,16,0.011360,ok,5.20,5.59,9.03
proto_send,2000,typed,cli,runtime:proto_send_n2000:typed:cli@2026-10-08T01:13:39,2026-10-08T01:13:40,0,17,0.011372,ok,5.20,5.59,9.03
proto_send,2000,typed,cli,runtime:proto_send_n2000:typed:cli@2026-10-08T01:13:39,2026-10-08T01:13:40,0,18,0.011421,ok,5.20,5.59,9.03
proto_send,2000,typed,cli,runtime:proto_send_n2000:typed:cli@2026-10-08T01:13:39,2026-10-08T01:13:40,0,19,0.011330,ok,5.20,5.59,9.03
proto_send,2000,typed,O,runtime:proto_send_n2000:typed:O@2026-10-08T01:13:40,2026-10-08T01:13:40,1,0,0.260104,ok,5.20,5.59,9.03
proto_send,2000,typed,O,runtime:proto_send_n2000:typed:O@2026-10-08T01:13:40,2026-10-08T01:13:40,1,1,0.005769,ok,5.20,5.59,9.03
proto_send,2000,typed,O,runtime:proto_send_n2000:typed:O@2026-10-08T01:13:40,2026-10-08T01:13:40,0,0,0.005353,ok,5.20,5.59,9.03
proto_send,2000,typed,O,runtime:proto_send_n2000:typed:O@2026-10-08T01:13:40,2026-10-08T01:13:40,0,1,0.005320,ok,5.20,5.59,9.03
proto_send,2000,typed,O,runtime:proto_send_n2000:typed:O@2026-10-08T01:13:40,2026-10-08T01:13:40,0,2,0.008612,ok,5.20,5.59,9.03
proto_send,2000,typed,O,runtime:proto_send_n2000:typed:O@2026-10-08T01:13:40,2026-10-08T01:13:40,0,3,0.005930,ok,5.20,5.59,9.03
proto_send,2000,typed,O,runtime:proto_send_n2000:typed:O@2026-10-08T01:13:40,2026-10-08T01:13:40,0,4,0.005851,ok,5.20,5.59,9.03
proto_send,2000,typed,O,runtime:proto_send_n2000:typed:O@2026-10-08T01:13:40,2026-10-08T01:13:40,0,5,0.006035,ok,5.20,5.59,9.03
proto_send,2000,typed,O,runtime:proto_send_n2000:typed:O@2026-10-08T01:13:40,2026-10-08T01:13:40,0,6,0.006385,ok,5.20,5.59,9.03
proto_send,2000,typed,O,runtime:proto_send_n2000:typed:O@2026-10-08T01:13:40,2026-10-08T01:13:40,0,7,0.006479,ok,5.20,5.59,9.03
proto_send,2000,typed,O,runtime:proto_send_n2000:typed:O@2026-10-08T01:13:40,2026-10-08T01:13:40,0,8,0.006180,ok,5.20,5.59,9.03
proto_send,2000,typed,O,runtime:proto_send_n2000:typed:O@2026-10-08T01:13:40,2026-10-08T01:13:40,0,9,0.006100,ok,5.20,5.59,9.03
proto_send,2000,typed,O,runtime:proto_send_n2000:typed:O@2026-10-08T01:13:40,2026-10-08T01:13:40,0,10,0.005895,ok,5.20,5.59,9.03
proto_send,2000,typed,O,runtime:proto_send_n2000:typed:O@2026-10-08T01:13:40,2026-10-08T01:13:40,0,11,0.005614,ok,5.20,5.59,9.03
proto_send,2000,typed,O,runtime:proto_send_n2000:typed:O@2026-10-08T01:13:40,2026-10-08T01:13:40,0,12,0.005681,ok,5.20,5.59,9.03
proto_send,2000,typed,O,runtime:proto_send_n2000:typed:O@2026-10-08T01:13:40,2026-10-08T01:13:40,0,13,0.005416,ok,5.20,5.59,9.03
proto_send,2000,typed,O,runtime:proto_send_n2000:typed:O@2026-10-08T01:13:40,2026-10-08T01:13:40,0,14,0.005410,ok,5.20,5.59,9.03
proto_send,2000,typed,O,runtime:proto_send_n2000:typed:O@2026-10-08T01:13:40,2026-10-08T01:13:40,0,15,0.005227,ok,5.20,5.59,9.03
proto_send,2000,typed,O,runtime:proto_send_n2000:typed:O@2026-10-08T01:13:40,2026-10-08T01:13:40,0,16,0.005293,ok,5.20,5.59,9.03
proto_send,2000,typed,O,runtime:proto_send_n2000:typed:O@2026-10-08T01:13:40,2026-10-08T01:13:40,0,17,0.005554,ok,5.20,5.59,9.03
proto_send,2000,typed,O,runtime:proto_send_n2000:typed:O@2026-10-08T01:13:40,2026-10-08T01:13:40,0,18,0.005308,ok,5.20,5.59,9.03
proto_send,2000,typed,O,runtime:proto_send_n2000:typed:O@2026-10-08T01:13:40,2026-10-08T01:13:40,0,19,0.005066,ok,5.20,5.59,9.03
proto_send,2000,dynamic,cli,runtime:proto_send_n2000:dynamic:cli@2026-10-08T01:13:40,2026-10-08T01:13:43,1,0,3.123186,ok,5.18,5.58,9.01
proto_send,2000,dynamic,cli,runtime:proto_send_n2000:dynamic:cli@2026-10-08T01:13:40,2026-10-08T01:13:46,0,0,2.856135,ok,5.18,5.58,9.01
proto_send,2000,dynamic,cli,runtime:proto_send_n2000:dynamic:cli@2026-10-08T01:13:40,2026-10-08T01:13:49,0,1,2.843447,ok,5.17,5.57,8.98
proto_send,2000,dynamic,cli,runtime:proto_send_n2000:dynamic:cli@2026-10-08T01:13:40,2026-10-08T01:13:52,0,2,2.841169,ok,5.17,5.57,8.98
proto_send,2000,dynamic,cli,runtime:proto_send_n2000:dynamic:cli@2026-10-08T01:13:40,2026-10-08T01:13:55,0,3,2.852102,ok,5.15,5.56,8.96
proto_send,2000,dynamic,cli,runtime:proto_send_n2000:dynamic:cli@2026-10-08T01:13:40,2026-10-08T01:13:58,0,4,2.847689,ok,4.98,5.52,8.93
proto_send,2000,dynamic,cli,runtime:proto_send_n2000:dynamic:cli@2026-10-08T01:13:40,2026-10-08T01:14:00,0,5,2.845573,ok,4.98,5.52,8.93
proto_send,2000,dynamic,cli,runtime:proto_send_n2000:dynamic:cli@2026-10-08T01:13:40,2026-10-08T01:14:03,0,6,2.841217,ok,5.06,5.53,8.91
proto_send,2000,dynamic,cli,runtime:proto_send_n2000:dynamic:cli@2026-10-08T01:13:40,2026-10-08T01:14:06,0,7,2.848666,ok,5.06,5.53,8.91
proto_send,2000,dynamic,cli,runtime:proto_send_n2000:dynamic:cli@2026-10-08T01:13:40,2026-10-08T01:14:09,0,8,2.842444,ok,6.26,5.77,8.97
proto_send,2000,dynamic,cli,runtime:proto_send_n2000:dynamic:cli@2026-10-08T01:13:40,2026-10-08T01:14:12,0,9,2.841464,ok,6.26,5.77,8.97
proto_send,2000,dynamic,O,runtime:proto_send_n2000:dynamic:O@2026-10-08T01:14:12,2026-10-08T01:14:13,1,0,1.274402,ok,6.40,5.80,8.97
proto_send,2000,dynamic,O,runtime:proto_send_n2000:dynamic:O@2026-10-08T01:14:12,2026-10-08T01:14:14,0,0,0.928770,ok,6.40,5.80,8.97
proto_send,2000,dynamic,O,runtime:proto_send_n2000:dynamic:O@2026-10-08T01:14:12,2026-10-08T01:14:15,0,1,0.931578,ok,6.40,5.80,8.97
proto_send,2000,dynamic,O,runtime:proto_send_n2000:dynamic:O@2026-10-08T01:14:12,2026-10-08T01:14:16,0,2,0.936212,ok,6.40,5.80,8.97
proto_send,2000,dynamic,O,runtime:proto_send_n2000:dynamic:O@2026-10-08T01:14:12,2026-10-08T01:14:17,0,3,0.929181,ok,6.40,5.80,8.97
proto_send,2000,dynamic,O,runtime:proto_send_n2000:dynamic:O@2026-10-08T01:14:12,2026-10-08T01:14:18,0,4,0.936134,ok,6.36,5.81,8.95
proto_send,2000,dynamic,O,runtime:proto_send_n2000:dynamic:O@2026-10-08T01:14:12,2026-10-08T01:14:19,0,5,0.939694,ok,6.36,5.81,8.95
proto_send,2000,dynamic,O,runtime:proto_send_n2000:dynamic:O@2026-10-08T01:14:12,2026-10-08T01:14:20,0,6,0.942039,ok,6.36,5.81,8.95
proto_send,2000,dynamic,O,runtime:proto_send_n2000:dynamic:O@2026-10-08T01:14:12,2026-10-08T01:14:21,0,7,0.937876,ok,6.36,5.81,8.95
proto_send,2000,dynamic,O,runtime:proto_send_n2000:dynamic:O@2026-10-08T01:14:12,2026-10-08T01:14:22,0,8,0.929925,ok,6.36,5.81,8.95
proto_send,2000,dynamic,O,runtime:proto_send_n2000:dynamic:O@2026-10-08T01:14:12,2026-10-08T01:14:23,0,9,0.934713,ok,6.36,5.81,8.95
proto_send,4000,typed,cli,runtime:proto_send_n4000:typed:cli@2026-10-08T01:14:32,2026-10-08T01:14:33,1,0,0.287794,ok,6.55,5.86,8.93
proto_send,4000,typed,cli,runtime:proto_send_n4000:typed:cli@2026-10-08T01:14:32,2026-10-08T01:14:33,1,1,0.022170,ok,6.55,5.86,8.93
proto_send,4000,typed,cli,runtime:proto_send_n4000:typed:cli@2026-10-08T01:14:32,2026-10-08T01:14:33,0,0,0.022727,ok,6.55,5.86,8.93
proto_send,4000,typed,cli,runtime:proto_send_n4000:typed:cli@2026-10-08T01:14:32,2026-10-08T01:14:33,0,1,0.020549,ok,7.55,6.08,8.99
proto_send,4000,typed,cli,runtime:proto_send_n4000:typed:cli@2026-10-08T01:14:32,2026-10-08T01:14:33,0,2,0.018726,ok,7.55,6.08,8.99
proto_send,4000,typed,cli,runtime:proto_send_n4000:typed:cli@2026-10-08T01:14:32,2026-10-08T01:14:33,0,3,0.018279,ok,7.55,6.08,8.99
proto_send,4000,typed,cli,runtime:proto_send_n4000:typed:cli@2026-10-08T01:14:32,2026-10-08T01:14:33,0,4,0.018689,ok,7.55,6.08,8.99
proto_send,4000,typed,cli,runtime:proto_send_n4000:typed:cli@2026-10-08T01:14:32,2026-10-08T01:14:33,0,5,0.018732,ok,7.55,6.08,8.99
proto_send,4000,typed,cli,runtime:proto_send_n4000:typed:cli@2026-10-08T01:14:32,2026-10-08T01:14:33,0,6,0.018658,ok,7.55,6.08,8.99
proto_send,4000,typed,cli,runtime:proto_send_n4000:typed:cli@2026-10-08T01:14:32,2026-10-08T01:14:33,0,7,0.018834,ok,7.55,6.08,8.99
proto_send,4000,typed,cli,runtime:proto_send_n4000:typed:cli@2026-10-08T01:14:32,2026-10-08T01:14:33,0,8,0.018702,ok,7.55,6.08,8.99
proto_send,4000,typed,cli,runtime:proto_send_n4000:typed:cli@2026-10-08T01:14:32,2026-10-08T01:14:33,0,9,0.019035,ok,7.55,6.08,8.99
proto_send,4000,typed,cli,runtime:proto_send_n4000:typed:cli@2026-10-08T01:14:32,2026-10-08T01:14:33,0,10,0.018859,ok,7.55,6.08,8.99
proto_send,4000,typed,cli,runtime:proto_send_n4000:typed:cli@2026-10-08T01:14:32,2026-10-08T01:14:33,0,11,0.018623,ok,7.55,6.08,8.99
proto_send,4000,typed,cli,runtime:proto_send_n4000:typed:cli@2026-10-08T01:14:32,2026-10-08T01:14:33,0,12,0.018759,ok,7.55,6.08,8.99
proto_send,4000,typed,cli,runtime:proto_send_n4000:typed:cli@2026-10-08T01:14:32,2026-10-08T01:14:33,0,13,0.019049,ok,7.55,6.08,8.99
proto_send,4000,typed,cli,runtime:proto_send_n4000:typed:cli@2026-10-08T01:14:32,2026-10-08T01:14:33,0,14,0.018486,ok,7.55,6.08,8.99
proto_send,4000,typed,cli,runtime:proto_send_n4000:typed:cli@2026-10-08T01:14:32,2026-10-08T01:14:33,0,15,0.018429,ok,7.55,6.08,8.99
proto_send,4000,typed,cli,runtime:proto_send_n4000:typed:cli@2026-10-08T01:14:32,2026-10-08T01:14:33,0,16,0.018244,ok,7.55,6.08,8.99
proto_send,4000,typed,cli,runtime:proto_send_n4000:typed:cli@2026-10-08T01:14:32,2026-10-08T01:14:33,0,17,0.018214,ok,7.55,6.08,8.99
proto_send,4000,typed,cli,runtime:proto_send_n4000:typed:cli@2026-10-08T01:14:32,2026-10-08T01:14:33,0,18,0.018658,ok,7.55,6.08,8.99
proto_send,4000,typed,cli,runtime:proto_send_n4000:typed:cli@2026-10-08T01:14:32,2026-10-08T01:14:33,0,19,0.018544,ok,7.55,6.08,8.99
proto_send,4000,typed,O,runtime:proto_send_n4000:typed:O@2026-10-08T01:14:33,2026-10-08T01:14:33,1,0,0.264935,ok,7.55,6.08,8.99
proto_send,4000,typed,O,runtime:proto_send_n4000:typed:O@2026-10-08T01:14:33,2026-10-08T01:14:33,1,1,0.008434,ok,7.55,6.08,8.99
proto_send,4000,typed,O,runtime:proto_send_n4000:typed:O@2026-10-08T01:14:33,2026-10-08T01:14:33,0,0,0.012611,ok,7.55,6.08,8.99
proto_send,4000,typed,O,runtime:proto_send_n4000:typed:O@2026-10-08T01:14:33,2026-10-08T01:14:33,0,1,0.008227,ok,7.55,6.08,8.99
proto_send,4000,typed,O,runtime:proto_send_n4000:typed:O@2026-10-08T01:14:33,2026-10-08T01:14:33,0,2,0.010022,ok,7.55,6.08,8.99
proto_send,4000,typed,O,runtime:proto_send_n4000:typed:O@2026-10-08T01:14:33,2026-10-08T01:14:33,0,3,0.009172,ok,7.55,6.08,8.99
proto_send,4000,typed,O,runtime:proto_send_n4000:typed:O@2026-10-08T01:14:33,2026-10-08T01:14:33,0,4,0.009111,ok,7.55,6.08,8.99
proto_send,4000,typed,O,runtime:proto_send_n4000:typed:O@2026-10-08T01:14:33,2026-10-08T01:14:33,0,5,0.008507,ok,7.55,6.08,8.99
proto_send,4000,typed,O,runtime:proto_send_n4000:typed:O@2026-10-08T01:14:33,2026-10-08T01:14:33,0,6,0.008328,ok,7.55,6.08,8.99
proto_send,4000,typed,O,runtime:proto_send_n4000:typed:O@2026-10-08T01:14:33,2026-10-08T01:14:33,0,7,0.008083,ok,7.55,6.08,8.99
proto_send,4000,typed,O,runtime:proto_send_n4000:typed:O@2026-10-08T01:14:33,2026-10-08T01:14:33,0,8,0.007820,ok,7.55,6.08,8.99
proto_send,4000,typed,O,runtime:proto_send_n4000:typed:O@2026-10-08T01:14:33,2026-10-08T01:14:33,0,9,0.007636,ok,7.55,6.08,8.99
proto_send,4000,typed,O,runtime:proto_send_n4000:typed:O@2026-10-08T01:14:33,2026-10-08T01:14:33,0,10,0.007626,ok,7.55,6.08,8.99
proto_send,4000,typed,O,runtime:proto_send_n4000:typed:O@2026-10-08T01:14:33,2026-10-08T01:14:33,0,11,0.007197,ok,7.55,6.08,8.99
proto_send,4000,typed,O,runtime:proto_send_n4000:typed:O@2026-10-08T01:14:33,2026-10-08T01:14:33,0,12,0.007134,ok,7.55,6.08,8.99
proto_send,4000,typed,O,runtime:proto_send_n4000:typed:O@2026-10-08T01:14:33,2026-10-08T01:14:33,0,13,0.007052,ok,7.55,6.08,8.99
proto_send,4000,typed,O,runtime:proto_send_n4000:typed:O@2026-10-08T01:14:33,2026-10-08T01:14:33,0,14,0.007113,ok,7.55,6.08,8.99
proto_send,4000,typed,O,runtime:proto_send_n4000:typed:O@2026-10-08T01:14:33,2026-10-08T01:14:33,0,15,0.007197,ok,7.55,6.08,8.99
proto_send,4000,typed,O,runtime:proto_send_n4000:typed:O@2026-10-08T01:14:33,2026-10-08T01:14:33,0,16,0.007173,ok,7.55,6.08,8.99
proto_send,4000,typed,O,runtime:proto_send_n4000:typed:O@2026-10-08T01:14:33,2026-10-08T01:14:33,0,17,0.007345,ok,7.55,6.08,8.99
proto_send,4000,typed,O,runtime:proto_send_n4000:typed:O@2026-10-08T01:14:33,2026-10-08T01:14:33,0,18,0.007261,ok,7.55,6.08,8.99
proto_send,4000,typed,O,runtime:proto_send_n4000:typed:O@2026-10-08T01:14:33,2026-10-08T01:14:33,0,19,0.007139,ok,7.55,6.08,8.99
proto_send,4000,dynamic,cli,runtime:proto_send_n4000:dynamic:cli@2026-10-08T01:14:34,2026-10-08T01:14:45,1,0,11.537524,ok,7.22,6.06,8.95
proto_send,4000,dynamic,cli,runtime:proto_send_n4000:dynamic:cli@2026-10-08T01:14:34,2026-10-08T01:14:56,0,0,11.259013,ok,6.58,5.96,8.88
proto_send,4000,dynamic,cli,runtime:proto_send_n4000:dynamic:cli@2026-10-08T01:14:34,2026-10-08T01:15:08,0,1,11.241483,ok,6.27,5.91,8.81
proto_send,4000,dynamic,cli,runtime:proto_send_n4000:dynamic:cli@2026-10-08T01:14:34,2026-10-08T01:15:19,0,2,11.245105,ok,6.07,5.88,8.77
proto_send,4000,dynamic,cli,runtime:proto_send_n4000:dynamic:cli@2026-10-08T01:14:34,2026-10-08T01:15:30,0,3,11.286571,ok,5.68,5.80,8.70
proto_send,4000,dynamic,cli,runtime:proto_send_n4000:dynamic:cli@2026-10-08T01:14:34,2026-10-08T01:15:41,0,4,11.296923,ok,5.42,5.74,8.65
proto_send,4000,dynamic,O,runtime:proto_send_n4000:dynamic:O@2026-10-08T01:15:41,2026-10-08T01:15:46,1,0,4.088183,ok,5.38,5.73,8.63
proto_send,4000,dynamic,O,runtime:proto_send_n4000:dynamic:O@2026-10-08T01:15:41,2026-10-08T01:15:49,0,0,3.726820,ok,7.11,6.08,8.73
proto_send,4000,dynamic,O,runtime:proto_send_n4000:dynamic:O@2026-10-08T01:15:41,2026-10-08T01:15:53,0,1,3.756000,ok,6.87,6.05,8.71
proto_send,4000,dynamic,O,runtime:proto_send_n4000:dynamic:O@2026-10-08T01:15:41,2026-10-08T01:15:57,0,2,3.786576,ok,6.87,6.05,8.71
proto_send,4000,dynamic,O,runtime:proto_send_n4000:dynamic:O@2026-10-08T01:15:41,2026-10-08T01:16:01,0,3,3.796458,ok,6.80,6.05,8.69
proto_send,4000,dynamic,O,runtime:proto_send_n4000:dynamic:O@2026-10-08T01:15:41,2026-10-08T01:16:04,0,4,3.783257,ok,6.65,6.03,8.67
proto_send,4000,dynamic,O,runtime:proto_send_n4000:dynamic:O@2026-10-08T01:15:41,2026-10-08T01:16:08,0,5,3.771968,ok,6.52,6.01,8.65
proto_send,4000,dynamic,O,runtime:proto_send_n4000:dynamic:O@2026-10-08T01:15:41,2026-10-08T01:16:12,0,6,3.789289,ok,6.52,6.01,8.65
proto_send,4000,dynamic,O,runtime:proto_send_n4000:dynamic:O@2026-10-08T01:15:41,2026-10-08T01:16:16,0,7,3.804810,ok,6.32,5.98,8.62
proto_send,4000,dynamic,O,runtime:proto_send_n4000:dynamic:O@2026-10-08T01:15:41,2026-10-08T01:16:20,0,8,3.734445,ok,6.29,5.98,8.60
proto_send,4000,dynamic,O,runtime:proto_send_n4000:dynamic:O@2026-10-08T01:15:41,2026-10-08T01:16:23,0,9,3.787855,ok,6.27,5.98,8.59
proto_send,8000,typed,cli,runtime:proto_send_n8000:typed:cli@2026-10-08T01:16:34,2026-10-08T01:16:34,1,0,0.340149,ok,5.85,5.90,8.53
proto_send,8000,typed,cli,runtime:proto_send_n8000:typed:cli@2026-10-08T01:16:34,2026-10-08T01:16:34,1,1,0.040215,ok,5.85,5.90,8.53
proto_send,8000,typed,cli,runtime:proto_send_n8000:typed:cli@2026-10-08T01:16:34,2026-10-08T01:16:34,0,0,0.034637,ok,5.85,5.90,8.53
proto_send,8000,typed,cli,runtime:proto_send_n8000:typed:cli@2026-10-08T01:16:34,2026-10-08T01:16:34,0,1,0.034176,ok,5.85,5.90,8.53
proto_send,8000,typed,cli,runtime:proto_send_n8000:typed:cli@2026-10-08T01:16:34,2026-10-08T01:16:34,0,2,0.034200,ok,5.85,5.90,8.53
proto_send,8000,typed,cli,runtime:proto_send_n8000:typed:cli@2026-10-08T01:16:34,2026-10-08T01:16:34,0,3,0.034360,ok,5.85,5.90,8.53
proto_send,8000,typed,cli,runtime:proto_send_n8000:typed:cli@2026-10-08T01:16:34,2026-10-08T01:16:34,0,4,0.034480,ok,5.85,5.90,8.53
proto_send,8000,typed,cli,runtime:proto_send_n8000:typed:cli@2026-10-08T01:16:34,2026-10-08T01:16:34,0,5,0.034270,ok,5.85,5.90,8.53
proto_send,8000,typed,cli,runtime:proto_send_n8000:typed:cli@2026-10-08T01:16:34,2026-10-08T01:16:34,0,6,0.034139,ok,5.85,5.90,8.53
proto_send,8000,typed,cli,runtime:proto_send_n8000:typed:cli@2026-10-08T01:16:34,2026-10-08T01:16:34,0,7,0.033946,ok,5.85,5.90,8.53
proto_send,8000,typed,cli,runtime:proto_send_n8000:typed:cli@2026-10-08T01:16:34,2026-10-08T01:16:35,0,8,0.034324,ok,5.85,5.90,8.53
proto_send,8000,typed,cli,runtime:proto_send_n8000:typed:cli@2026-10-08T01:16:34,2026-10-08T01:16:35,0,9,0.034433,ok,5.85,5.90,8.53
proto_send,8000,typed,cli,runtime:proto_send_n8000:typed:cli@2026-10-08T01:16:34,2026-10-08T01:16:35,0,10,0.034178,ok,5.85,5.90,8.53
proto_send,8000,typed,cli,runtime:proto_send_n8000:typed:cli@2026-10-08T01:16:34,2026-10-08T01:16:35,0,11,0.034347,ok,5.85,5.90,8.53
proto_send,8000,typed,cli,runtime:proto_send_n8000:typed:cli@2026-10-08T01:16:34,2026-10-08T01:16:35,0,12,0.034576,ok,5.85,5.90,8.53
proto_send,8000,typed,cli,runtime:proto_send_n8000:typed:cli@2026-10-08T01:16:34,2026-10-08T01:16:35,0,13,0.034246,ok,5.85,5.90,8.53
proto_send,8000,typed,cli,runtime:proto_send_n8000:typed:cli@2026-10-08T01:16:34,2026-10-08T01:16:35,0,14,0.034386,ok,5.85,5.90,8.53
proto_send,8000,typed,cli,runtime:proto_send_n8000:typed:cli@2026-10-08T01:16:34,2026-10-08T01:16:35,0,15,0.034552,ok,5.85,5.90,8.53
proto_send,8000,typed,cli,runtime:proto_send_n8000:typed:cli@2026-10-08T01:16:34,2026-10-08T01:16:35,0,16,0.034769,ok,5.85,5.90,8.53
proto_send,8000,typed,cli,runtime:proto_send_n8000:typed:cli@2026-10-08T01:16:34,2026-10-08T01:16:35,0,17,0.034056,ok,5.85,5.90,8.53
proto_send,8000,typed,cli,runtime:proto_send_n8000:typed:cli@2026-10-08T01:16:34,2026-10-08T01:16:35,0,18,0.033852,ok,5.85,5.90,8.53
proto_send,8000,typed,cli,runtime:proto_send_n8000:typed:cli@2026-10-08T01:16:34,2026-10-08T01:16:35,0,19,0.033943,ok,5.85,5.90,8.53
proto_send,8000,typed,O,runtime:proto_send_n8000:typed:O@2026-10-08T01:16:35,2026-10-08T01:16:35,1,0,0.258599,ok,5.85,5.90,8.53
proto_send,8000,typed,O,runtime:proto_send_n8000:typed:O@2026-10-08T01:16:35,2026-10-08T01:16:35,1,1,0.012827,ok,5.85,5.90,8.53
proto_send,8000,typed,O,runtime:proto_send_n8000:typed:O@2026-10-08T01:16:35,2026-10-08T01:16:35,0,0,0.012366,ok,5.85,5.90,8.53
proto_send,8000,typed,O,runtime:proto_send_n8000:typed:O@2026-10-08T01:16:35,2026-10-08T01:16:35,0,1,0.012896,ok,5.85,5.90,8.53
proto_send,8000,typed,O,runtime:proto_send_n8000:typed:O@2026-10-08T01:16:35,2026-10-08T01:16:35,0,2,0.012595,ok,5.85,5.90,8.53
proto_send,8000,typed,O,runtime:proto_send_n8000:typed:O@2026-10-08T01:16:35,2026-10-08T01:16:35,0,3,0.011934,ok,5.85,5.90,8.53
proto_send,8000,typed,O,runtime:proto_send_n8000:typed:O@2026-10-08T01:16:35,2026-10-08T01:16:35,0,4,0.011716,ok,5.85,5.90,8.53
proto_send,8000,typed,O,runtime:proto_send_n8000:typed:O@2026-10-08T01:16:35,2026-10-08T01:16:35,0,5,0.011404,ok,5.85,5.90,8.53
proto_send,8000,typed,O,runtime:proto_send_n8000:typed:O@2026-10-08T01:16:35,2026-10-08T01:16:35,0,6,0.011464,ok,5.85,5.90,8.53
proto_send,8000,typed,O,runtime:proto_send_n8000:typed:O@2026-10-08T01:16:35,2026-10-08T01:16:35,0,7,0.011713,ok,5.85,5.90,8.53
proto_send,8000,typed,O,runtime:proto_send_n8000:typed:O@2026-10-08T01:16:35,2026-10-08T01:16:35,0,8,0.011215,ok,5.85,5.90,8.53
proto_send,8000,typed,O,runtime:proto_send_n8000:typed:O@2026-10-08T01:16:35,2026-10-08T01:16:35,0,9,0.011412,ok,5.85,5.90,8.53
proto_send,8000,typed,O,runtime:proto_send_n8000:typed:O@2026-10-08T01:16:35,2026-10-08T01:16:35,0,10,0.011229,ok,5.85,5.90,8.53
proto_send,8000,typed,O,runtime:proto_send_n8000:typed:O@2026-10-08T01:16:35,2026-10-08T01:16:35,0,11,0.011515,ok,5.85,5.90,8.53
proto_send,8000,typed,O,runtime:proto_send_n8000:typed:O@2026-10-08T01:16:35,2026-10-08T01:16:35,0,12,0.011310,ok,5.85,5.90,8.53
proto_send,8000,typed,O,runtime:proto_send_n8000:typed:O@2026-10-08T01:16:35,2026-10-08T01:16:35,0,13,0.011257,ok,5.85,5.90,8.53
proto_send,8000,typed,O,runtime:proto_send_n8000:typed:O@2026-10-08T01:16:35,2026-10-08T01:16:35,0,14,0.011344,ok,5.85,5.90,8.53
proto_send,8000,typed,O,runtime:proto_send_n8000:typed:O@2026-10-08T01:16:35,2026-10-08T01:16:35,0,15,0.011229,ok,5.85,5.90,8.53
proto_send,8000,typed,O,runtime:proto_send_n8000:typed:O@2026-10-08T01:16:35,2026-10-08T01:16:35,0,16,0.011216,ok,5.85,5.90,8.53
proto_send,8000,typed,O,runtime:proto_send_n8000:typed:O@2026-10-08T01:16:35,2026-10-08T01:16:35,0,17,0.011159,ok,5.85,5.90,8.53
proto_send,8000,typed,O,runtime:proto_send_n8000:typed:O@2026-10-08T01:16:35,2026-10-08T01:16:36,0,18,0.011372,ok,5.85,5.90,8.53
proto_send,8000,typed,O,runtime:proto_send_n8000:typed:O@2026-10-08T01:16:35,2026-10-08T01:16:36,0,19,0.011324,ok,5.85,5.90,8.53
proto_send,8000,dynamic,cli,,2026-10-08T01:16:36,0,,,skipped: a smaller n took more than 10 s (median),,,
proto_send,8000,dynamic,O,runtime:proto_send_n8000:dynamic:O@2026-10-08T01:16:36,2026-10-08T01:16:55,1,0,19.148245,ok,6.01,5.93,8.48
proto_send,8000,dynamic,O,runtime:proto_send_n8000:dynamic:O@2026-10-08T01:16:36,2026-10-08T01:17:13,0,0,18.210998,ok,6.18,5.97,8.43
proto_send,8000,dynamic,O,runtime:proto_send_n8000:dynamic:O@2026-10-08T01:16:36,2026-10-08T01:17:31,0,1,18.339430,ok,5.77,5.89,8.36
proto_send,8000,dynamic,O,runtime:proto_send_n8000:dynamic:O@2026-10-08T01:16:36,2026-10-08T01:17:50,0,2,18.739786,ok,6.21,5.96,8.33
proto_send,8000,dynamic,O,runtime:proto_send_n8000:dynamic:O@2026-10-08T01:16:36,2026-10-08T01:18:08,0,3,18.402191,ok,6.08,5.95,8.27
proto_send,8000,dynamic,O,runtime:proto_send_n8000:dynamic:O@2026-10-08T01:16:36,2026-10-08T01:18:27,0,4,18.649343,ok,6.09,5.95,8.23
proto_send,16000,typed,cli,runtime:proto_send_n16000:typed:cli@2026-10-08T01:18:33,2026-10-08T01:18:33,1,0,0.431435,ok,5.99,5.94,8.20
proto_send,16000,typed,cli,runtime:proto_send_n16000:typed:cli@2026-10-08T01:18:33,2026-10-08T01:18:33,1,1,0.064106,ok,5.99,5.94,8.20
proto_send,16000,typed,cli,runtime:proto_send_n16000:typed:cli@2026-10-08T01:18:33,2026-10-08T01:18:33,0,0,0.062427,ok,5.99,5.94,8.20
proto_send,16000,typed,cli,runtime:proto_send_n16000:typed:cli@2026-10-08T01:18:33,2026-10-08T01:18:33,0,1,0.063646,ok,5.99,5.94,8.20
proto_send,16000,typed,cli,runtime:proto_send_n16000:typed:cli@2026-10-08T01:18:33,2026-10-08T01:18:33,0,2,0.063400,ok,5.99,5.94,8.20
proto_send,16000,typed,cli,runtime:proto_send_n16000:typed:cli@2026-10-08T01:18:33,2026-10-08T01:18:33,0,3,0.062750,ok,5.99,5.94,8.20
proto_send,16000,typed,cli,runtime:proto_send_n16000:typed:cli@2026-10-08T01:18:33,2026-10-08T01:18:33,0,4,0.062799,ok,5.99,5.94,8.20
proto_send,16000,typed,cli,runtime:proto_send_n16000:typed:cli@2026-10-08T01:18:33,2026-10-08T01:18:34,0,5,0.063446,ok,5.99,5.94,8.20
proto_send,16000,typed,cli,runtime:proto_send_n16000:typed:cli@2026-10-08T01:18:33,2026-10-08T01:18:34,0,6,0.063006,ok,5.99,5.94,8.20
proto_send,16000,typed,cli,runtime:proto_send_n16000:typed:cli@2026-10-08T01:18:33,2026-10-08T01:18:34,0,7,0.062977,ok,5.99,5.94,8.20
proto_send,16000,typed,cli,runtime:proto_send_n16000:typed:cli@2026-10-08T01:18:33,2026-10-08T01:18:34,0,8,0.063007,ok,5.99,5.94,8.20
proto_send,16000,typed,cli,runtime:proto_send_n16000:typed:cli@2026-10-08T01:18:33,2026-10-08T01:18:34,0,9,0.063563,ok,5.99,5.94,8.20
proto_send,16000,typed,cli,runtime:proto_send_n16000:typed:cli@2026-10-08T01:18:33,2026-10-08T01:18:34,0,10,0.063117,ok,5.99,5.94,8.20
proto_send,16000,typed,cli,runtime:proto_send_n16000:typed:cli@2026-10-08T01:18:33,2026-10-08T01:18:34,0,11,0.063260,ok,5.99,5.94,8.20
proto_send,16000,typed,cli,runtime:proto_send_n16000:typed:cli@2026-10-08T01:18:33,2026-10-08T01:18:34,0,12,0.063687,ok,5.99,5.94,8.20
proto_send,16000,typed,cli,runtime:proto_send_n16000:typed:cli@2026-10-08T01:18:33,2026-10-08T01:18:34,0,13,0.063301,ok,5.99,5.94,8.20
proto_send,16000,typed,cli,runtime:proto_send_n16000:typed:cli@2026-10-08T01:18:33,2026-10-08T01:18:34,0,14,0.063422,ok,5.99,5.94,8.20
proto_send,16000,typed,cli,runtime:proto_send_n16000:typed:cli@2026-10-08T01:18:33,2026-10-08T01:18:34,0,15,0.063266,ok,5.99,5.94,8.20
proto_send,16000,typed,cli,runtime:proto_send_n16000:typed:cli@2026-10-08T01:18:33,2026-10-08T01:18:34,0,16,0.064364,ok,5.99,5.94,8.20
proto_send,16000,typed,cli,runtime:proto_send_n16000:typed:cli@2026-10-08T01:18:33,2026-10-08T01:18:34,0,17,0.064394,ok,5.99,5.94,8.20
proto_send,16000,typed,cli,runtime:proto_send_n16000:typed:cli@2026-10-08T01:18:33,2026-10-08T01:18:34,0,18,0.063642,ok,5.99,5.94,8.20
proto_send,16000,typed,cli,runtime:proto_send_n16000:typed:cli@2026-10-08T01:18:33,2026-10-08T01:18:34,0,19,0.063611,ok,5.99,5.94,8.20
proto_send,16000,typed,O,runtime:proto_send_n16000:typed:O@2026-10-08T01:18:34,2026-10-08T01:18:35,1,0,0.283530,ok,5.99,5.94,8.20
proto_send,16000,typed,O,runtime:proto_send_n16000:typed:O@2026-10-08T01:18:34,2026-10-08T01:18:35,1,1,0.023306,ok,5.99,5.94,8.20
proto_send,16000,typed,O,runtime:proto_send_n16000:typed:O@2026-10-08T01:18:34,2026-10-08T01:18:35,0,0,0.024620,ok,5.99,5.94,8.20
proto_send,16000,typed,O,runtime:proto_send_n16000:typed:O@2026-10-08T01:18:34,2026-10-08T01:18:35,0,1,0.021978,ok,5.99,5.94,8.20
proto_send,16000,typed,O,runtime:proto_send_n16000:typed:O@2026-10-08T01:18:34,2026-10-08T01:18:35,0,2,0.020743,ok,5.99,5.94,8.20
proto_send,16000,typed,O,runtime:proto_send_n16000:typed:O@2026-10-08T01:18:34,2026-10-08T01:18:35,0,3,0.019757,ok,5.99,5.94,8.20
proto_send,16000,typed,O,runtime:proto_send_n16000:typed:O@2026-10-08T01:18:34,2026-10-08T01:18:35,0,4,0.020151,ok,5.99,5.94,8.20
proto_send,16000,typed,O,runtime:proto_send_n16000:typed:O@2026-10-08T01:18:34,2026-10-08T01:18:35,0,5,0.020316,ok,5.99,5.94,8.20
proto_send,16000,typed,O,runtime:proto_send_n16000:typed:O@2026-10-08T01:18:34,2026-10-08T01:18:35,0,6,0.020594,ok,5.99,5.94,8.20
proto_send,16000,typed,O,runtime:proto_send_n16000:typed:O@2026-10-08T01:18:34,2026-10-08T01:18:35,0,7,0.020174,ok,5.99,5.94,8.20
proto_send,16000,typed,O,runtime:proto_send_n16000:typed:O@2026-10-08T01:18:34,2026-10-08T01:18:35,0,8,0.020320,ok,5.99,5.94,8.20
proto_send,16000,typed,O,runtime:proto_send_n16000:typed:O@2026-10-08T01:18:34,2026-10-08T01:18:35,0,9,0.020335,ok,5.99,5.94,8.20
proto_send,16000,typed,O,runtime:proto_send_n16000:typed:O@2026-10-08T01:18:34,2026-10-08T01:18:35,0,10,0.019952,ok,5.99,5.94,8.20
proto_send,16000,typed,O,runtime:proto_send_n16000:typed:O@2026-10-08T01:18:34,2026-10-08T01:18:35,0,11,0.020181,ok,5.99,5.94,8.20
proto_send,16000,typed,O,runtime:proto_send_n16000:typed:O@2026-10-08T01:18:34,2026-10-08T01:18:35,0,12,0.019954,ok,5.99,5.94,8.20
proto_send,16000,typed,O,runtime:proto_send_n16000:typed:O@2026-10-08T01:18:34,2026-10-08T01:18:35,0,13,0.020097,ok,5.99,5.94,8.20
proto_send,16000,typed,O,runtime:proto_send_n16000:typed:O@2026-10-08T01:18:34,2026-10-08T01:18:35,0,14,0.020753,ok,5.99,5.94,8.20
proto_send,16000,typed,O,runtime:proto_send_n16000:typed:O@2026-10-08T01:18:34,2026-10-08T01:18:35,0,15,0.019943,ok,5.99,5.94,8.20
proto_send,16000,typed,O,runtime:proto_send_n16000:typed:O@2026-10-08T01:18:34,2026-10-08T01:18:35,0,16,0.019845,ok,5.99,5.94,8.20
proto_send,16000,typed,O,runtime:proto_send_n16000:typed:O@2026-10-08T01:18:34,2026-10-08T01:18:35,0,17,0.020351,ok,5.99,5.94,8.20
proto_send,16000,typed,O,runtime:proto_send_n16000:typed:O@2026-10-08T01:18:34,2026-10-08T01:18:35,0,18,0.020278,ok,5.99,5.94,8.20
proto_send,16000,typed,O,runtime:proto_send_n16000:typed:O@2026-10-08T01:18:34,2026-10-08T01:18:35,0,19,0.020241,ok,5.99,5.94,8.20
proto_send,16000,dynamic,cli,,2026-10-08T01:18:35,0,,,skipped: a smaller n took more than 10 s (median),,,
proto_send,16000,dynamic,O,,2026-10-08T01:18:35,0,,,skipped: a smaller n took more than 10 s (median),,,
proto_send,32000,typed,cli,runtime:proto_send_n32000:typed:cli@2026-10-08T01:18:40,2026-10-08T01:18:40,1,0,0.404170,ok,5.75,5.89,8.16
proto_send,32000,typed,cli,runtime:proto_send_n32000:typed:cli@2026-10-08T01:18:40,2026-10-08T01:18:40,1,1,0.120778,ok,5.75,5.89,8.16
proto_send,32000,typed,cli,runtime:proto_send_n32000:typed:cli@2026-10-08T01:18:40,2026-10-08T01:18:41,0,0,0.119714,ok,5.75,5.89,8.16
proto_send,32000,typed,cli,runtime:proto_send_n32000:typed:cli@2026-10-08T01:18:40,2026-10-08T01:18:41,0,1,0.121153,ok,5.75,5.89,8.16
proto_send,32000,typed,cli,runtime:proto_send_n32000:typed:cli@2026-10-08T01:18:40,2026-10-08T01:18:41,0,2,0.120679,ok,5.75,5.89,8.16
proto_send,32000,typed,cli,runtime:proto_send_n32000:typed:cli@2026-10-08T01:18:40,2026-10-08T01:18:41,0,3,0.119041,ok,5.75,5.89,8.16
proto_send,32000,typed,cli,runtime:proto_send_n32000:typed:cli@2026-10-08T01:18:40,2026-10-08T01:18:41,0,4,0.119783,ok,5.75,5.89,8.16
proto_send,32000,typed,cli,runtime:proto_send_n32000:typed:cli@2026-10-08T01:18:40,2026-10-08T01:18:41,0,5,0.119717,ok,5.75,5.89,8.16
proto_send,32000,typed,cli,runtime:proto_send_n32000:typed:cli@2026-10-08T01:18:40,2026-10-08T01:18:41,0,6,0.120208,ok,5.75,5.89,8.16
proto_send,32000,typed,cli,runtime:proto_send_n32000:typed:cli@2026-10-08T01:18:40,2026-10-08T01:18:41,0,7,0.120370,ok,5.75,5.89,8.16
proto_send,32000,typed,cli,runtime:proto_send_n32000:typed:cli@2026-10-08T01:18:40,2026-10-08T01:18:41,0,8,0.120552,ok,5.75,5.89,8.16
proto_send,32000,typed,cli,runtime:proto_send_n32000:typed:cli@2026-10-08T01:18:40,2026-10-08T01:18:42,0,9,0.121210,ok,5.75,5.89,8.16
proto_send,32000,typed,cli,runtime:proto_send_n32000:typed:cli@2026-10-08T01:18:40,2026-10-08T01:18:42,0,10,0.119766,ok,5.75,5.89,8.16
proto_send,32000,typed,cli,runtime:proto_send_n32000:typed:cli@2026-10-08T01:18:40,2026-10-08T01:18:42,0,11,0.120416,ok,5.75,5.89,8.16
proto_send,32000,typed,cli,runtime:proto_send_n32000:typed:cli@2026-10-08T01:18:40,2026-10-08T01:18:42,0,12,0.118829,ok,5.75,5.89,8.16
proto_send,32000,typed,cli,runtime:proto_send_n32000:typed:cli@2026-10-08T01:18:40,2026-10-08T01:18:42,0,13,0.120467,ok,5.75,5.89,8.16
proto_send,32000,typed,cli,runtime:proto_send_n32000:typed:cli@2026-10-08T01:18:40,2026-10-08T01:18:42,0,14,0.120291,ok,5.75,5.89,8.16
proto_send,32000,typed,cli,runtime:proto_send_n32000:typed:cli@2026-10-08T01:18:40,2026-10-08T01:18:42,0,15,0.120031,ok,5.75,5.89,8.16
proto_send,32000,typed,cli,runtime:proto_send_n32000:typed:cli@2026-10-08T01:18:40,2026-10-08T01:18:42,0,16,0.120796,ok,5.75,5.89,8.16
proto_send,32000,typed,cli,runtime:proto_send_n32000:typed:cli@2026-10-08T01:18:40,2026-10-08T01:18:43,0,17,0.122527,ok,5.75,5.89,8.16
proto_send,32000,typed,cli,runtime:proto_send_n32000:typed:cli@2026-10-08T01:18:40,2026-10-08T01:18:43,0,18,0.120784,ok,5.93,5.92,8.16
proto_send,32000,typed,cli,runtime:proto_send_n32000:typed:cli@2026-10-08T01:18:40,2026-10-08T01:18:43,0,19,0.121038,ok,5.93,5.92,8.16
proto_send,32000,typed,O,runtime:proto_send_n32000:typed:O@2026-10-08T01:18:43,2026-10-08T01:18:43,1,0,0.299394,ok,5.93,5.92,8.16
proto_send,32000,typed,O,runtime:proto_send_n32000:typed:O@2026-10-08T01:18:43,2026-10-08T01:18:43,1,1,0.043997,ok,5.93,5.92,8.16
proto_send,32000,typed,O,runtime:proto_send_n32000:typed:O@2026-10-08T01:18:43,2026-10-08T01:18:43,0,0,0.038281,ok,5.93,5.92,8.16
proto_send,32000,typed,O,runtime:proto_send_n32000:typed:O@2026-10-08T01:18:43,2026-10-08T01:18:43,0,1,0.038474,ok,5.93,5.92,8.16
proto_send,32000,typed,O,runtime:proto_send_n32000:typed:O@2026-10-08T01:18:43,2026-10-08T01:18:43,0,2,0.038235,ok,5.93,5.92,8.16
proto_send,32000,typed,O,runtime:proto_send_n32000:typed:O@2026-10-08T01:18:43,2026-10-08T01:18:43,0,3,0.037858,ok,5.93,5.92,8.16
proto_send,32000,typed,O,runtime:proto_send_n32000:typed:O@2026-10-08T01:18:43,2026-10-08T01:18:43,0,4,0.038281,ok,5.93,5.92,8.16
proto_send,32000,typed,O,runtime:proto_send_n32000:typed:O@2026-10-08T01:18:43,2026-10-08T01:18:44,0,5,0.038063,ok,5.93,5.92,8.16
proto_send,32000,typed,O,runtime:proto_send_n32000:typed:O@2026-10-08T01:18:43,2026-10-08T01:18:44,0,6,0.037753,ok,5.93,5.92,8.16
proto_send,32000,typed,O,runtime:proto_send_n32000:typed:O@2026-10-08T01:18:43,2026-10-08T01:18:44,0,7,0.038542,ok,5.93,5.92,8.16
proto_send,32000,typed,O,runtime:proto_send_n32000:typed:O@2026-10-08T01:18:43,2026-10-08T01:18:44,0,8,0.039179,ok,5.93,5.92,8.16
proto_send,32000,typed,O,runtime:proto_send_n32000:typed:O@2026-10-08T01:18:43,2026-10-08T01:18:44,0,9,0.038313,ok,5.93,5.92,8.16
proto_send,32000,typed,O,runtime:proto_send_n32000:typed:O@2026-10-08T01:18:43,2026-10-08T01:18:44,0,10,0.038243,ok,5.93,5.92,8.16
proto_send,32000,typed,O,runtime:proto_send_n32000:typed:O@2026-10-08T01:18:43,2026-10-08T01:18:44,0,11,0.038419,ok,5.93,5.92,8.16
proto_send,32000,typed,O,runtime:proto_send_n32000:typed:O@2026-10-08T01:18:43,2026-10-08T01:18:44,0,12,0.038171,ok,5.93,5.92,8.16
proto_send,32000,typed,O,runtime:proto_send_n32000:typed:O@2026-10-08T01:18:43,2026-10-08T01:18:44,0,13,0.038622,ok,5.93,5.92,8.16
proto_send,32000,typed,O,runtime:proto_send_n32000:typed:O@2026-10-08T01:18:43,2026-10-08T01:18:44,0,14,0.038849,ok,5.93,5.92,8.16
proto_send,32000,typed,O,runtime:proto_send_n32000:typed:O@2026-10-08T01:18:43,2026-10-08T01:18:44,0,15,0.038515,ok,5.93,5.92,8.16
proto_send,32000,typed,O,runtime:proto_send_n32000:typed:O@2026-10-08T01:18:43,2026-10-08T01:18:44,0,16,0.038256,ok,5.93,5.92,8.16
proto_send,32000,typed,O,runtime:proto_send_n32000:typed:O@2026-10-08T01:18:43,2026-10-08T01:18:44,0,17,0.036948,ok,5.93,5.92,8.16
proto_send,32000,typed,O,runtime:proto_send_n32000:typed:O@2026-10-08T01:18:43,2026-10-08T01:18:44,0,18,0.037886,ok,5.93,5.92,8.16
proto_send,32000,typed,O,runtime:proto_send_n32000:typed:O@2026-10-08T01:18:43,2026-10-08T01:18:44,0,19,0.037437,ok,5.93,5.92,8.16
proto_send,32000,dynamic,cli,,2026-10-08T01:18:44,0,,,skipped: a smaller n took more than 10 s (median),,,
proto_send,32000,dynamic,O,,2026-10-08T01:18:44,0,,,skipped: a smaller n took more than 10 s (median),,,
proto_send,64000,typed,cli,runtime:proto_send_n64000:typed:cli@2026-10-08T01:18:49,2026-10-08T01:18:49,1,0,0.410288,error:-6 (stack overflow),5.93,5.92,8.15
proto_send,64000,typed,O,runtime:proto_send_n64000:typed:O@2026-10-08T01:18:49,2026-10-08T01:18:50,1,0,0.323071,ok,5.93,5.92,8.15
proto_send,64000,typed,O,runtime:proto_send_n64000:typed:O@2026-10-08T01:18:49,2026-10-08T01:18:50,1,1,0.071040,ok,5.93,5.92,8.15
proto_send,64000,typed,O,runtime:proto_send_n64000:typed:O@2026-10-08T01:18:49,2026-10-08T01:18:50,0,0,0.071359,ok,5.93,5.92,8.15
proto_send,64000,typed,O,runtime:proto_send_n64000:typed:O@2026-10-08T01:18:49,2026-10-08T01:18:50,0,1,0.071725,ok,5.93,5.92,8.15
proto_send,64000,typed,O,runtime:proto_send_n64000:typed:O@2026-10-08T01:18:49,2026-10-08T01:18:50,0,2,0.071623,ok,5.93,5.92,8.15
proto_send,64000,typed,O,runtime:proto_send_n64000:typed:O@2026-10-08T01:18:49,2026-10-08T01:18:50,0,3,0.071224,ok,5.93,5.92,8.15
proto_send,64000,typed,O,runtime:proto_send_n64000:typed:O@2026-10-08T01:18:49,2026-10-08T01:18:50,0,4,0.070997,ok,5.93,5.92,8.15
proto_send,64000,typed,O,runtime:proto_send_n64000:typed:O@2026-10-08T01:18:49,2026-10-08T01:18:50,0,5,0.071558,ok,5.93,5.92,8.15
proto_send,64000,typed,O,runtime:proto_send_n64000:typed:O@2026-10-08T01:18:49,2026-10-08T01:18:50,0,6,0.071761,ok,5.93,5.92,8.15
proto_send,64000,typed,O,runtime:proto_send_n64000:typed:O@2026-10-08T01:18:49,2026-10-08T01:18:50,0,7,0.070519,ok,5.93,5.92,8.15
proto_send,64000,typed,O,runtime:proto_send_n64000:typed:O@2026-10-08T01:18:49,2026-10-08T01:18:50,0,8,0.073355,ok,5.93,5.92,8.15
proto_send,64000,typed,O,runtime:proto_send_n64000:typed:O@2026-10-08T01:18:49,2026-10-08T01:18:50,0,9,0.072347,ok,5.93,5.92,8.15
proto_send,64000,typed,O,runtime:proto_send_n64000:typed:O@2026-10-08T01:18:49,2026-10-08T01:18:51,0,10,0.072124,ok,5.93,5.92,8.15
proto_send,64000,typed,O,runtime:proto_send_n64000:typed:O@2026-10-08T01:18:49,2026-10-08T01:18:51,0,11,0.073136,ok,5.93,5.92,8.15
proto_send,64000,typed,O,runtime:proto_send_n64000:typed:O@2026-10-08T01:18:49,2026-10-08T01:18:51,0,12,0.072445,ok,5.93,5.92,8.15
proto_send,64000,typed,O,runtime:proto_send_n64000:typed:O@2026-10-08T01:18:49,2026-10-08T01:18:51,0,13,0.073782,ok,5.93,5.92,8.15
proto_send,64000,typed,O,runtime:proto_send_n64000:typed:O@2026-10-08T01:18:49,2026-10-08T01:18:51,0,14,0.071683,ok,5.93,5.92,8.15
proto_send,64000,typed,O,runtime:proto_send_n64000:typed:O@2026-10-08T01:18:49,2026-10-08T01:18:51,0,15,0.071256,ok,5.93,5.92,8.15
proto_send,64000,typed,O,runtime:proto_send_n64000:typed:O@2026-10-08T01:18:49,2026-10-08T01:18:51,0,16,0.071876,ok,5.93,5.92,8.15
proto_send,64000,typed,O,runtime:proto_send_n64000:typed:O@2026-10-08T01:18:49,2026-10-08T01:18:51,0,17,0.072386,ok,5.93,5.92,8.15
proto_send,64000,typed,O,runtime:proto_send_n64000:typed:O@2026-10-08T01:18:49,2026-10-08T01:18:51,0,18,0.071808,ok,5.93,5.92,8.15
proto_send,64000,typed,O,runtime:proto_send_n64000:typed:O@2026-10-08T01:18:49,2026-10-08T01:18:51,0,19,0.070556,ok,5.93,5.92,8.15
proto_send,64000,dynamic,cli,,2026-10-08T01:18:51,0,,,skipped: a smaller n took more than 10 s (median),,,
proto_send,64000,dynamic,O,,2026-10-08T01:18:51,0,,,skipped: a smaller n took more than 10 s (median),,,
vec_rev_sum,100,typed,cli,runtime:vec_rev_sum_n100:typed:cli@2026-10-08T01:19:01,2026-10-08T01:19:01,1,0,0.260667,ok,6.02,5.94,8.13
vec_rev_sum,100,typed,cli,runtime:vec_rev_sum_n100:typed:cli@2026-10-08T01:19:01,2026-10-08T01:19:01,1,1,0.007495,ok,6.02,5.94,8.13
vec_rev_sum,100,typed,cli,runtime:vec_rev_sum_n100:typed:cli@2026-10-08T01:19:01,2026-10-08T01:19:01,0,0,0.011874,ok,6.02,5.94,8.13
vec_rev_sum,100,typed,cli,runtime:vec_rev_sum_n100:typed:cli@2026-10-08T01:19:01,2026-10-08T01:19:01,0,1,0.008014,ok,6.02,5.94,8.13
vec_rev_sum,100,typed,cli,runtime:vec_rev_sum_n100:typed:cli@2026-10-08T01:19:01,2026-10-08T01:19:01,0,2,0.008138,ok,6.02,5.94,8.13
vec_rev_sum,100,typed,cli,runtime:vec_rev_sum_n100:typed:cli@2026-10-08T01:19:01,2026-10-08T01:19:01,0,3,0.008387,ok,6.02,5.94,8.13
vec_rev_sum,100,typed,cli,runtime:vec_rev_sum_n100:typed:cli@2026-10-08T01:19:01,2026-10-08T01:19:01,0,4,0.008938,ok,6.02,5.94,8.13
vec_rev_sum,100,typed,cli,runtime:vec_rev_sum_n100:typed:cli@2026-10-08T01:19:01,2026-10-08T01:19:01,0,5,0.008699,ok,6.02,5.94,8.13
vec_rev_sum,100,typed,cli,runtime:vec_rev_sum_n100:typed:cli@2026-10-08T01:19:01,2026-10-08T01:19:01,0,6,0.007960,ok,6.02,5.94,8.13
vec_rev_sum,100,typed,cli,runtime:vec_rev_sum_n100:typed:cli@2026-10-08T01:19:01,2026-10-08T01:19:01,0,7,0.007682,ok,6.02,5.94,8.13
vec_rev_sum,100,typed,cli,runtime:vec_rev_sum_n100:typed:cli@2026-10-08T01:19:01,2026-10-08T01:19:01,0,8,0.007447,ok,6.02,5.94,8.13
vec_rev_sum,100,typed,cli,runtime:vec_rev_sum_n100:typed:cli@2026-10-08T01:19:01,2026-10-08T01:19:01,0,9,0.007268,ok,6.02,5.94,8.13
vec_rev_sum,100,typed,cli,runtime:vec_rev_sum_n100:typed:cli@2026-10-08T01:19:01,2026-10-08T01:19:01,0,10,0.007145,ok,6.02,5.94,8.13
vec_rev_sum,100,typed,cli,runtime:vec_rev_sum_n100:typed:cli@2026-10-08T01:19:01,2026-10-08T01:19:01,0,11,0.006863,ok,6.02,5.94,8.13
vec_rev_sum,100,typed,cli,runtime:vec_rev_sum_n100:typed:cli@2026-10-08T01:19:01,2026-10-08T01:19:01,0,12,0.006823,ok,6.02,5.94,8.13
vec_rev_sum,100,typed,cli,runtime:vec_rev_sum_n100:typed:cli@2026-10-08T01:19:01,2026-10-08T01:19:01,0,13,0.006731,ok,6.02,5.94,8.13
vec_rev_sum,100,typed,cli,runtime:vec_rev_sum_n100:typed:cli@2026-10-08T01:19:01,2026-10-08T01:19:01,0,14,0.006871,ok,6.02,5.94,8.13
vec_rev_sum,100,typed,cli,runtime:vec_rev_sum_n100:typed:cli@2026-10-08T01:19:01,2026-10-08T01:19:01,0,15,0.006805,ok,6.02,5.94,8.13
vec_rev_sum,100,typed,cli,runtime:vec_rev_sum_n100:typed:cli@2026-10-08T01:19:01,2026-10-08T01:19:01,0,16,0.006729,ok,6.02,5.94,8.13
vec_rev_sum,100,typed,cli,runtime:vec_rev_sum_n100:typed:cli@2026-10-08T01:19:01,2026-10-08T01:19:01,0,17,0.006974,ok,6.02,5.94,8.13
vec_rev_sum,100,typed,cli,runtime:vec_rev_sum_n100:typed:cli@2026-10-08T01:19:01,2026-10-08T01:19:01,0,18,0.006823,ok,6.02,5.94,8.13
vec_rev_sum,100,typed,cli,runtime:vec_rev_sum_n100:typed:cli@2026-10-08T01:19:01,2026-10-08T01:19:01,0,19,0.006807,ok,6.02,5.94,8.13
vec_rev_sum,100,typed,O,runtime:vec_rev_sum_n100:typed:O@2026-10-08T01:19:01,2026-10-08T01:19:02,1,0,0.262684,ok,6.02,5.94,8.13
vec_rev_sum,100,typed,O,runtime:vec_rev_sum_n100:typed:O@2026-10-08T01:19:01,2026-10-08T01:19:02,1,1,0.004508,ok,6.02,5.94,8.13
vec_rev_sum,100,typed,O,runtime:vec_rev_sum_n100:typed:O@2026-10-08T01:19:01,2026-10-08T01:19:02,0,0,0.007919,ok,6.02,5.94,8.13
vec_rev_sum,100,typed,O,runtime:vec_rev_sum_n100:typed:O@2026-10-08T01:19:01,2026-10-08T01:19:02,0,1,0.004228,ok,6.02,5.94,8.13
vec_rev_sum,100,typed,O,runtime:vec_rev_sum_n100:typed:O@2026-10-08T01:19:01,2026-10-08T01:19:02,0,2,0.003987,ok,6.02,5.94,8.13
vec_rev_sum,100,typed,O,runtime:vec_rev_sum_n100:typed:O@2026-10-08T01:19:01,2026-10-08T01:19:02,0,3,0.004176,ok,6.02,5.94,8.13
vec_rev_sum,100,typed,O,runtime:vec_rev_sum_n100:typed:O@2026-10-08T01:19:01,2026-10-08T01:19:02,0,4,0.004100,ok,6.02,5.94,8.13
vec_rev_sum,100,typed,O,runtime:vec_rev_sum_n100:typed:O@2026-10-08T01:19:01,2026-10-08T01:19:02,0,5,0.005191,ok,6.02,5.94,8.13
vec_rev_sum,100,typed,O,runtime:vec_rev_sum_n100:typed:O@2026-10-08T01:19:01,2026-10-08T01:19:02,0,6,0.004672,ok,6.02,5.94,8.13
vec_rev_sum,100,typed,O,runtime:vec_rev_sum_n100:typed:O@2026-10-08T01:19:01,2026-10-08T01:19:02,0,7,0.004975,ok,6.02,5.94,8.13
vec_rev_sum,100,typed,O,runtime:vec_rev_sum_n100:typed:O@2026-10-08T01:19:01,2026-10-08T01:19:02,0,8,0.005199,ok,6.02,5.94,8.13
vec_rev_sum,100,typed,O,runtime:vec_rev_sum_n100:typed:O@2026-10-08T01:19:01,2026-10-08T01:19:02,0,9,0.004877,ok,6.02,5.94,8.13
vec_rev_sum,100,typed,O,runtime:vec_rev_sum_n100:typed:O@2026-10-08T01:19:01,2026-10-08T01:19:02,0,10,0.004813,ok,6.02,5.94,8.13
vec_rev_sum,100,typed,O,runtime:vec_rev_sum_n100:typed:O@2026-10-08T01:19:01,2026-10-08T01:19:02,0,11,0.004847,ok,6.02,5.94,8.13
vec_rev_sum,100,typed,O,runtime:vec_rev_sum_n100:typed:O@2026-10-08T01:19:01,2026-10-08T01:19:02,0,12,0.004544,ok,6.02,5.94,8.13
vec_rev_sum,100,typed,O,runtime:vec_rev_sum_n100:typed:O@2026-10-08T01:19:01,2026-10-08T01:19:02,0,13,0.004569,ok,6.02,5.94,8.13
vec_rev_sum,100,typed,O,runtime:vec_rev_sum_n100:typed:O@2026-10-08T01:19:01,2026-10-08T01:19:02,0,14,0.004417,ok,6.02,5.94,8.13
vec_rev_sum,100,typed,O,runtime:vec_rev_sum_n100:typed:O@2026-10-08T01:19:01,2026-10-08T01:19:02,0,15,0.004248,ok,6.02,5.94,8.13
vec_rev_sum,100,typed,O,runtime:vec_rev_sum_n100:typed:O@2026-10-08T01:19:01,2026-10-08T01:19:02,0,16,0.004238,ok,6.02,5.94,8.13
vec_rev_sum,100,typed,O,runtime:vec_rev_sum_n100:typed:O@2026-10-08T01:19:01,2026-10-08T01:19:02,0,17,0.004091,ok,6.02,5.94,8.13
vec_rev_sum,100,typed,O,runtime:vec_rev_sum_n100:typed:O@2026-10-08T01:19:01,2026-10-08T01:19:02,0,18,0.004125,ok,6.02,5.94,8.13
vec_rev_sum,100,typed,O,runtime:vec_rev_sum_n100:typed:O@2026-10-08T01:19:01,2026-10-08T01:19:02,0,19,0.003989,ok,6.02,5.94,8.13
vec_rev_sum,100,dynamic,cli,runtime:vec_rev_sum_n100:dynamic:cli@2026-10-08T01:19:02,2026-10-08T01:19:02,1,0,0.528443,ok,6.02,5.94,8.13
vec_rev_sum,100,dynamic,cli,runtime:vec_rev_sum_n100:dynamic:cli@2026-10-08T01:19:02,2026-10-08T01:19:03,1,1,0.257281,ok,6.02,5.94,8.13
vec_rev_sum,100,dynamic,cli,runtime:vec_rev_sum_n100:dynamic:cli@2026-10-08T01:19:02,2026-10-08T01:19:03,0,0,0.257150,ok,5.94,5.93,8.11
vec_rev_sum,100,dynamic,cli,runtime:vec_rev_sum_n100:dynamic:cli@2026-10-08T01:19:02,2026-10-08T01:19:03,0,1,0.255979,ok,5.94,5.93,8.11
vec_rev_sum,100,dynamic,cli,runtime:vec_rev_sum_n100:dynamic:cli@2026-10-08T01:19:02,2026-10-08T01:19:03,0,2,0.256677,ok,5.94,5.93,8.11
vec_rev_sum,100,dynamic,cli,runtime:vec_rev_sum_n100:dynamic:cli@2026-10-08T01:19:02,2026-10-08T01:19:04,0,3,0.257131,ok,5.94,5.93,8.11
vec_rev_sum,100,dynamic,cli,runtime:vec_rev_sum_n100:dynamic:cli@2026-10-08T01:19:02,2026-10-08T01:19:04,0,4,0.257844,ok,5.94,5.93,8.11
vec_rev_sum,100,dynamic,cli,runtime:vec_rev_sum_n100:dynamic:cli@2026-10-08T01:19:02,2026-10-08T01:19:04,0,5,0.256677,ok,5.94,5.93,8.11
vec_rev_sum,100,dynamic,cli,runtime:vec_rev_sum_n100:dynamic:cli@2026-10-08T01:19:02,2026-10-08T01:19:04,0,6,0.258782,ok,5.94,5.93,8.11
vec_rev_sum,100,dynamic,cli,runtime:vec_rev_sum_n100:dynamic:cli@2026-10-08T01:19:02,2026-10-08T01:19:05,0,7,0.260805,ok,5.94,5.93,8.11
vec_rev_sum,100,dynamic,cli,runtime:vec_rev_sum_n100:dynamic:cli@2026-10-08T01:19:02,2026-10-08T01:19:05,0,8,0.258710,ok,5.94,5.93,8.11
vec_rev_sum,100,dynamic,cli,runtime:vec_rev_sum_n100:dynamic:cli@2026-10-08T01:19:02,2026-10-08T01:19:05,0,9,0.259427,ok,5.94,5.93,8.11
vec_rev_sum,100,dynamic,O,runtime:vec_rev_sum_n100:dynamic:O@2026-10-08T01:19:05,2026-10-08T01:19:06,1,0,0.361638,ok,5.94,5.93,8.11
vec_rev_sum,100,dynamic,O,runtime:vec_rev_sum_n100:dynamic:O@2026-10-08T01:19:05,2026-10-08T01:19:06,1,1,0.079269,ok,5.94,5.93,8.11
vec_rev_sum,100,dynamic,O,runtime:vec_rev_sum_n100:dynamic:O@2026-10-08T01:19:05,2026-10-08T01:19:06,0,0,0.078146,ok,5.94,5.93,8.11
vec_rev_sum,100,dynamic,O,runtime:vec_rev_sum_n100:dynamic:O@2026-10-08T01:19:05,2026-10-08T01:19:06,0,1,0.078336,ok,5.94,5.93,8.11
vec_rev_sum,100,dynamic,O,runtime:vec_rev_sum_n100:dynamic:O@2026-10-08T01:19:05,2026-10-08T01:19:06,0,2,0.078794,ok,5.94,5.93,8.11
vec_rev_sum,100,dynamic,O,runtime:vec_rev_sum_n100:dynamic:O@2026-10-08T01:19:05,2026-10-08T01:19:06,0,3,0.079523,ok,5.94,5.93,8.11
vec_rev_sum,100,dynamic,O,runtime:vec_rev_sum_n100:dynamic:O@2026-10-08T01:19:05,2026-10-08T01:19:06,0,4,0.077970,ok,5.94,5.93,8.11
vec_rev_sum,100,dynamic,O,runtime:vec_rev_sum_n100:dynamic:O@2026-10-08T01:19:05,2026-10-08T01:19:06,0,5,0.078668,ok,5.94,5.93,8.11
vec_rev_sum,100,dynamic,O,runtime:vec_rev_sum_n100:dynamic:O@2026-10-08T01:19:05,2026-10-08T01:19:06,0,6,0.078726,ok,5.94,5.93,8.11
vec_rev_sum,100,dynamic,O,runtime:vec_rev_sum_n100:dynamic:O@2026-10-08T01:19:05,2026-10-08T01:19:06,0,7,0.079319,ok,5.94,5.93,8.11
vec_rev_sum,100,dynamic,O,runtime:vec_rev_sum_n100:dynamic:O@2026-10-08T01:19:05,2026-10-08T01:19:06,0,8,0.079162,ok,5.94,5.93,8.11
vec_rev_sum,100,dynamic,O,runtime:vec_rev_sum_n100:dynamic:O@2026-10-08T01:19:05,2026-10-08T01:19:06,0,9,0.078965,ok,5.94,5.93,8.11
vec_rev_sum,100,dynamic,O,runtime:vec_rev_sum_n100:dynamic:O@2026-10-08T01:19:05,2026-10-08T01:19:07,0,10,0.079385,ok,5.94,5.93,8.11
vec_rev_sum,100,dynamic,O,runtime:vec_rev_sum_n100:dynamic:O@2026-10-08T01:19:05,2026-10-08T01:19:07,0,11,0.077971,ok,5.94,5.93,8.11
vec_rev_sum,100,dynamic,O,runtime:vec_rev_sum_n100:dynamic:O@2026-10-08T01:19:05,2026-10-08T01:19:07,0,12,0.077555,ok,5.94,5.93,8.11
vec_rev_sum,100,dynamic,O,runtime:vec_rev_sum_n100:dynamic:O@2026-10-08T01:19:05,2026-10-08T01:19:07,0,13,0.077616,ok,5.94,5.93,8.11
vec_rev_sum,100,dynamic,O,runtime:vec_rev_sum_n100:dynamic:O@2026-10-08T01:19:05,2026-10-08T01:19:07,0,14,0.078159,ok,5.94,5.93,8.11
vec_rev_sum,100,dynamic,O,runtime:vec_rev_sum_n100:dynamic:O@2026-10-08T01:19:05,2026-10-08T01:19:07,0,15,0.078277,ok,5.94,5.93,8.11
vec_rev_sum,100,dynamic,O,runtime:vec_rev_sum_n100:dynamic:O@2026-10-08T01:19:05,2026-10-08T01:19:07,0,16,0.079356,ok,5.94,5.93,8.11
vec_rev_sum,100,dynamic,O,runtime:vec_rev_sum_n100:dynamic:O@2026-10-08T01:19:05,2026-10-08T01:19:07,0,17,0.077922,ok,5.94,5.93,8.11
vec_rev_sum,100,dynamic,O,runtime:vec_rev_sum_n100:dynamic:O@2026-10-08T01:19:05,2026-10-08T01:19:07,0,18,0.077436,ok,5.94,5.93,8.11
vec_rev_sum,100,dynamic,O,runtime:vec_rev_sum_n100:dynamic:O@2026-10-08T01:19:05,2026-10-08T01:19:07,0,19,0.077249,ok,5.94,5.93,8.11
vec_rev_sum,200,typed,cli,runtime:vec_rev_sum_n200:typed:cli@2026-10-08T01:19:17,2026-10-08T01:19:17,1,0,0.504674,ok,5.80,5.90,8.08
vec_rev_sum,200,typed,cli,runtime:vec_rev_sum_n200:typed:cli@2026-10-08T01:19:17,2026-10-08T01:19:17,1,1,0.025287,ok,5.80,5.90,8.08
vec_rev_sum,200,typed,cli,runtime:vec_rev_sum_n200:typed:cli@2026-10-08T01:19:17,2026-10-08T01:19:17,0,0,0.023619,ok,5.80,5.90,8.08
vec_rev_sum,200,typed,cli,runtime:vec_rev_sum_n200:typed:cli@2026-10-08T01:19:17,2026-10-08T01:19:17,0,1,0.021062,ok,5.80,5.90,8.08
vec_rev_sum,200,typed,cli,runtime:vec_rev_sum_n200:typed:cli@2026-10-08T01:19:17,2026-10-08T01:19:17,0,2,0.019500,ok,5.80,5.90,8.08
vec_rev_sum,200,typed,cli,runtime:vec_rev_sum_n200:typed:cli@2026-10-08T01:19:17,2026-10-08T01:19:18,0,3,0.019082,ok,5.80,5.90,8.08
vec_rev_sum,200,typed,cli,runtime:vec_rev_sum_n200:typed:cli@2026-10-08T01:19:17,2026-10-08T01:19:18,0,4,0.018964,ok,5.80,5.90,8.08
vec_rev_sum,200,typed,cli,runtime:vec_rev_sum_n200:typed:cli@2026-10-08T01:19:17,2026-10-08T01:19:18,0,5,0.019117,ok,5.80,5.90,8.08
vec_rev_sum,200,typed,cli,runtime:vec_rev_sum_n200:typed:cli@2026-10-08T01:19:17,2026-10-08T01:19:18,0,6,0.019138,ok,5.80,5.90,8.08
vec_rev_sum,200,typed,cli,runtime:vec_rev_sum_n200:typed:cli@2026-10-08T01:19:17,2026-10-08T01:19:18,0,7,0.019055,ok,5.80,5.90,8.08
vec_rev_sum,200,typed,cli,runtime:vec_rev_sum_n200:typed:cli@2026-10-08T01:19:17,2026-10-08T01:19:18,0,8,0.019211,ok,5.80,5.90,8.08
vec_rev_sum,200,typed,cli,runtime:vec_rev_sum_n200:typed:cli@2026-10-08T01:19:17,2026-10-08T01:19:18,0,9,0.019604,ok,5.80,5.90,8.08
vec_rev_sum,200,typed,O,runtime:vec_rev_sum_n200:typed:O@2026-10-08T01:19:18,2026-10-08T01:19:18,1,0,0.265220,ok,5.73,5.88,8.06
vec_rev_sum,200,typed,O,runtime:vec_rev_sum_n200:typed:O@2026-10-08T01:19:18,2026-10-08T01:19:18,1,1,0.007894,ok,5.73,5.88,8.06
vec_rev_sum,200,typed,O,runtime:vec_rev_sum_n200:typed:O@2026-10-08T01:19:18,2026-10-08T01:19:18,0,0,0.007971,ok,5.73,5.88,8.06
vec_rev_sum,200,typed,O,runtime:vec_rev_sum_n200:typed:O@2026-10-08T01:19:18,2026-10-08T01:19:18,0,1,0.007915,ok,5.73,5.88,8.06
vec_rev_sum,200,typed,O,runtime:vec_rev_sum_n200:typed:O@2026-10-08T01:19:18,2026-10-08T01:19:18,0,2,0.008436,ok,5.73,5.88,8.06
vec_rev_sum,200,typed,O,runtime:vec_rev_sum_n200:typed:O@2026-10-08T01:19:18,2026-10-08T01:19:18,0,3,0.009245,ok,5.73,5.88,8.06
vec_rev_sum,200,typed,O,runtime:vec_rev_sum_n200:typed:O@2026-10-08T01:19:18,2026-10-08T01:19:18,0,4,0.009966,ok,5.73,5.88,8.06
vec_rev_sum,200,typed,O,runtime:vec_rev_sum_n200:typed:O@2026-10-08T01:19:18,2026-10-08T01:19:18,0,5,0.009255,ok,5.73,5.88,8.06
vec_rev_sum,200,typed,O,runtime:vec_rev_sum_n200:typed:O@2026-10-08T01:19:18,2026-10-08T01:19:18,0,6,0.008621,ok,5.73,5.88,8.06
vec_rev_sum,200,typed,O,runtime:vec_rev_sum_n200:typed:O@2026-10-08T01:19:18,2026-10-08T01:19:18,0,7,0.008316,ok,5.73,5.88,8.06
vec_rev_sum,200,typed,O,runtime:vec_rev_sum_n200:typed:O@2026-10-08T01:19:18,2026-10-08T01:19:18,0,8,0.007909,ok,5.73,5.88,8.06
vec_rev_sum,200,typed,O,runtime:vec_rev_sum_n200:typed:O@2026-10-08T01:19:18,2026-10-08T01:19:18,0,9,0.007812,ok,5.73,5.88,8.06
vec_rev_sum,200,typed,O,runtime:vec_rev_sum_n200:typed:O@2026-10-08T01:19:18,2026-10-08T01:19:18,0,10,0.007700,ok,5.73,5.88,8.06
vec_rev_sum,200,typed,O,runtime:vec_rev_sum_n200:typed:O@2026-10-08T01:19:18,2026-10-08T01:19:18,0,11,0.007520,ok,5.73,5.88,8.06
vec_rev_sum,200,typed,O,runtime:vec_rev_sum_n200:typed:O@2026-10-08T01:19:18,2026-10-08T01:19:18,0,12,0.007675,ok,5.73,5.88,8.06
vec_rev_sum,200,typed,O,runtime:vec_rev_sum_n200:typed:O@2026-10-08T01:19:18,2026-10-08T01:19:18,0,13,0.007560,ok,5.73,5.88,8.06
vec_rev_sum,200,typed,O,runtime:vec_rev_sum_n200:typed:O@2026-10-08T01:19:18,2026-10-08T01:19:18,0,14,0.007468,ok,5.73,5.88,8.06
vec_rev_sum,200,typed,O,runtime:vec_rev_sum_n200:typed:O@2026-10-08T01:19:18,2026-10-08T01:19:18,0,15,0.007644,ok,5.73,5.88,8.06
vec_rev_sum,200,typed,O,runtime:vec_rev_sum_n200:typed:O@2026-10-08T01:19:18,2026-10-08T01:19:18,0,16,0.007646,ok,5.73,5.88,8.06
vec_rev_sum,200,typed,O,runtime:vec_rev_sum_n200:typed:O@2026-10-08T01:19:18,2026-10-08T01:19:18,0,17,0.007554,ok,5.73,5.88,8.06
vec_rev_sum,200,typed,O,runtime:vec_rev_sum_n200:typed:O@2026-10-08T01:19:18,2026-10-08T01:19:18,0,18,0.007520,ok,5.73,5.88,8.06
vec_rev_sum,200,typed,O,runtime:vec_rev_sum_n200:typed:O@2026-10-08T01:19:18,2026-10-08T01:19:18,0,19,0.007557,ok,5.73,5.88,8.06
vec_rev_sum,200,dynamic,cli,runtime:vec_rev_sum_n200:dynamic:cli@2026-10-08T01:19:18,2026-10-08T01:19:20,1,0,2.199311,ok,5.73,5.88,8.06
vec_rev_sum,200,dynamic,cli,runtime:vec_rev_sum_n200:dynamic:cli@2026-10-08T01:19:18,2026-10-08T01:19:22,0,0,1.917718,ok,5.73,5.88,8.06
vec_rev_sum,200,dynamic,cli,runtime:vec_rev_sum_n200:dynamic:cli@2026-10-08T01:19:18,2026-10-08T01:19:24,0,1,1.924566,ok,5.67,5.87,8.04
vec_rev_sum,200,dynamic,cli,runtime:vec_rev_sum_n200:dynamic:cli@2026-10-08T01:19:18,2026-10-08T01:19:26,0,2,1.929873,ok,5.67,5.87,8.04
vec_rev_sum,200,dynamic,cli,runtime:vec_rev_sum_n200:dynamic:cli@2026-10-08T01:19:18,2026-10-08T01:19:28,0,3,1.925409,ok,5.94,5.92,8.04
vec_rev_sum,200,dynamic,cli,runtime:vec_rev_sum_n200:dynamic:cli@2026-10-08T01:19:18,2026-10-08T01:19:30,0,4,1.930860,ok,5.94,5.92,8.04
vec_rev_sum,200,dynamic,cli,runtime:vec_rev_sum_n200:dynamic:cli@2026-10-08T01:19:18,2026-10-08T01:19:32,0,5,1.923240,ok,5.94,5.92,8.04
vec_rev_sum,200,dynamic,cli,runtime:vec_rev_sum_n200:dynamic:cli@2026-10-08T01:19:18,2026-10-08T01:19:34,0,6,1.927115,ok,5.78,5.88,8.02
vec_rev_sum,200,dynamic,cli,runtime:vec_rev_sum_n200:dynamic:cli@2026-10-08T01:19:18,2026-10-08T01:19:36,0,7,1.922296,ok,5.78,5.88,8.02
vec_rev_sum,200,dynamic,cli,runtime:vec_rev_sum_n200:dynamic:cli@2026-10-08T01:19:18,2026-10-08T01:19:38,0,8,1.918604,ok,5.64,5.85,8.00
vec_rev_sum,200,dynamic,cli,runtime:vec_rev_sum_n200:dynamic:cli@2026-10-08T01:19:18,2026-10-08T01:19:40,0,9,1.917225,ok,5.64,5.85,8.00
vec_rev_sum,200,dynamic,O,runtime:vec_rev_sum_n200:dynamic:O@2026-10-08T01:19:40,2026-10-08T01:19:41,1,0,0.845546,ok,5.64,5.85,8.00
vec_rev_sum,200,dynamic,O,runtime:vec_rev_sum_n200:dynamic:O@2026-10-08T01:19:40,2026-10-08T01:19:41,1,1,0.561014,ok,5.64,5.85,8.00
vec_rev_sum,200,dynamic,O,runtime:vec_rev_sum_n200:dynamic:O@2026-10-08T01:19:40,2026-10-08T01:19:42,0,0,0.555232,ok,5.64,5.85,8.00
vec_rev_sum,200,dynamic,O,runtime:vec_rev_sum_n200:dynamic:O@2026-10-08T01:19:40,2026-10-08T01:19:42,0,1,0.567451,ok,5.64,5.85,8.00
vec_rev_sum,200,dynamic,O,runtime:vec_rev_sum_n200:dynamic:O@2026-10-08T01:19:40,2026-10-08T01:19:43,0,2,0.561097,ok,5.51,5.82,7.97
vec_rev_sum,200,dynamic,O,runtime:vec_rev_sum_n200:dynamic:O@2026-10-08T01:19:40,2026-10-08T01:19:43,0,3,0.561203,ok,5.51,5.82,7.97
vec_rev_sum,200,dynamic,O,runtime:vec_rev_sum_n200:dynamic:O@2026-10-08T01:19:40,2026-10-08T01:19:44,0,4,0.560604,ok,5.51,5.82,7.97
vec_rev_sum,200,dynamic,O,runtime:vec_rev_sum_n200:dynamic:O@2026-10-08T01:19:40,2026-10-08T01:19:45,0,5,0.561862,ok,5.51,5.82,7.97
vec_rev_sum,200,dynamic,O,runtime:vec_rev_sum_n200:dynamic:O@2026-10-08T01:19:40,2026-10-08T01:19:45,0,6,0.557257,ok,5.51,5.82,7.97
vec_rev_sum,200,dynamic,O,runtime:vec_rev_sum_n200:dynamic:O@2026-10-08T01:19:40,2026-10-08T01:19:46,0,7,0.559426,ok,5.51,5.82,7.97
vec_rev_sum,200,dynamic,O,runtime:vec_rev_sum_n200:dynamic:O@2026-10-08T01:19:40,2026-10-08T01:19:46,0,8,0.561463,ok,5.51,5.82,7.97
vec_rev_sum,200,dynamic,O,runtime:vec_rev_sum_n200:dynamic:O@2026-10-08T01:19:40,2026-10-08T01:19:47,0,9,0.560649,ok,5.51,5.82,7.97
vec_rev_sum,400,typed,cli,runtime:vec_rev_sum_n400:typed:cli@2026-10-08T01:19:57,2026-10-08T01:19:57,1,0,0.349328,ok,5.60,5.83,7.95
vec_rev_sum,400,typed,cli,runtime:vec_rev_sum_n400:typed:cli@2026-10-08T01:19:57,2026-10-08T01:19:57,1,1,0.068927,ok,5.60,5.83,7.95
vec_rev_sum,400,typed,cli,runtime:vec_rev_sum_n400:typed:cli@2026-10-08T01:19:57,2026-10-08T01:19:57,0,0,0.067187,ok,5.60,5.83,7.95
vec_rev_sum,400,typed,cli,runtime:vec_rev_sum_n400:typed:cli@2026-10-08T01:19:57,2026-10-08T01:19:57,0,1,0.068310,ok,5.60,5.83,7.95
vec_rev_sum,400,typed,cli,runtime:vec_rev_sum_n400:typed:cli@2026-10-08T01:19:57,2026-10-08T01:19:57,0,2,0.067645,ok,5.60,5.83,7.95
vec_rev_sum,400,typed,cli,runtime:vec_rev_sum_n400:typed:cli@2026-10-08T01:19:57,2026-10-08T01:19:57,0,3,0.067441,ok,5.60,5.83,7.95
vec_rev_sum,400,typed,cli,runtime:vec_rev_sum_n400:typed:cli@2026-10-08T01:19:57,2026-10-08T01:19:58,0,4,0.067257,ok,5.60,5.83,7.95
vec_rev_sum,400,typed,cli,runtime:vec_rev_sum_n400:typed:cli@2026-10-08T01:19:57,2026-10-08T01:19:58,0,5,0.066642,ok,5.60,5.83,7.95
vec_rev_sum,400,typed,cli,runtime:vec_rev_sum_n400:typed:cli@2026-10-08T01:19:57,2026-10-08T01:19:58,0,6,0.067289,ok,5.60,5.83,7.95
vec_rev_sum,400,typed,cli,runtime:vec_rev_sum_n400:typed:cli@2026-10-08T01:19:57,2026-10-08T01:19:58,0,7,0.067375,ok,5.60,5.83,7.95
vec_rev_sum,400,typed,cli,runtime:vec_rev_sum_n400:typed:cli@2026-10-08T01:19:57,2026-10-08T01:19:58,0,8,0.066927,ok,5.39,5.78,7.92
vec_rev_sum,400,typed,cli,runtime:vec_rev_sum_n400:typed:cli@2026-10-08T01:19:57,2026-10-08T01:19:58,0,9,0.066901,ok,5.39,5.78,7.92
vec_rev_sum,400,typed,cli,runtime:vec_rev_sum_n400:typed:cli@2026-10-08T01:19:57,2026-10-08T01:19:58,0,10,0.066789,ok,5.39,5.78,7.92
vec_rev_sum,400,typed,cli,runtime:vec_rev_sum_n400:typed:cli@2026-10-08T01:19:57,2026-10-08T01:19:58,0,11,0.067055,ok,5.39,5.78,7.92
vec_rev_sum,400,typed,cli,runtime:vec_rev_sum_n400:typed:cli@2026-10-08T01:19:57,2026-10-08T01:19:58,0,12,0.067176,ok,5.39,5.78,7.92
vec_rev_sum,400,typed,cli,runtime:vec_rev_sum_n400:typed:cli@2026-10-08T01:19:57,2026-10-08T01:19:58,0,13,0.066653,ok,5.39,5.78,7.92
vec_rev_sum,400,typed,cli,runtime:vec_rev_sum_n400:typed:cli@2026-10-08T01:19:57,2026-10-08T01:19:58,0,14,0.067345,ok,5.39,5.78,7.92
vec_rev_sum,400,typed,cli,runtime:vec_rev_sum_n400:typed:cli@2026-10-08T01:19:57,2026-10-08T01:19:58,0,15,0.066687,ok,5.39,5.78,7.92
vec_rev_sum,400,typed,cli,runtime:vec_rev_sum_n400:typed:cli@2026-10-08T01:19:57,2026-10-08T01:19:58,0,16,0.066763,ok,5.39,5.78,7.92
vec_rev_sum,400,typed,cli,runtime:vec_rev_sum_n400:typed:cli@2026-10-08T01:19:57,2026-10-08T01:19:58,0,17,0.067435,ok,5.39,5.78,7.92
vec_rev_sum,400,typed,cli,runtime:vec_rev_sum_n400:typed:cli@2026-10-08T01:19:57,2026-10-08T01:19:58,0,18,0.067523,ok,5.39,5.78,7.92
vec_rev_sum,400,typed,cli,runtime:vec_rev_sum_n400:typed:cli@2026-10-08T01:19:57,2026-10-08T01:19:59,0,19,0.067606,ok,5.39,5.78,7.92
vec_rev_sum,400,typed,O,runtime:vec_rev_sum_n400:typed:O@2026-10-08T01:19:59,2026-10-08T01:19:59,1,0,0.294081,ok,5.39,5.78,7.92
vec_rev_sum,400,typed,O,runtime:vec_rev_sum_n400:typed:O@2026-10-08T01:19:59,2026-10-08T01:19:59,1,1,0.028918,ok,5.39,5.78,7.92
vec_rev_sum,400,typed,O,runtime:vec_rev_sum_n400:typed:O@2026-10-08T01:19:59,2026-10-08T01:19:59,0,0,0.027077,ok,5.39,5.78,7.92
vec_rev_sum,400,typed,O,runtime:vec_rev_sum_n400:typed:O@2026-10-08T01:19:59,2026-10-08T01:19:59,0,1,0.023969,ok,5.39,5.78,7.92
vec_rev_sum,400,typed,O,runtime:vec_rev_sum_n400:typed:O@2026-10-08T01:19:59,2026-10-08T01:19:59,0,2,0.022612,ok,5.39,5.78,7.92
vec_rev_sum,400,typed,O,runtime:vec_rev_sum_n400:typed:O@2026-10-08T01:19:59,2026-10-08T01:19:59,0,3,0.022713,ok,5.39,5.78,7.92
vec_rev_sum,400,typed,O,runtime:vec_rev_sum_n400:typed:O@2026-10-08T01:19:59,2026-10-08T01:19:59,0,4,0.022767,ok,5.39,5.78,7.92
vec_rev_sum,400,typed,O,runtime:vec_rev_sum_n400:typed:O@2026-10-08T01:19:59,2026-10-08T01:19:59,0,5,0.022913,ok,5.39,5.78,7.92
vec_rev_sum,400,typed,O,runtime:vec_rev_sum_n400:typed:O@2026-10-08T01:19:59,2026-10-08T01:19:59,0,6,0.022868,ok,5.39,5.78,7.92
vec_rev_sum,400,typed,O,runtime:vec_rev_sum_n400:typed:O@2026-10-08T01:19:59,2026-10-08T01:19:59,0,7,0.022271,ok,5.39,5.78,7.92
vec_rev_sum,400,typed,O,runtime:vec_rev_sum_n400:typed:O@2026-10-08T01:19:59,2026-10-08T01:19:59,0,8,0.022141,ok,5.39,5.78,7.92
vec_rev_sum,400,typed,O,runtime:vec_rev_sum_n400:typed:O@2026-10-08T01:19:59,2026-10-08T01:19:59,0,9,0.022896,ok,5.39,5.78,7.92
vec_rev_sum,400,typed,O,runtime:vec_rev_sum_n400:typed:O@2026-10-08T01:19:59,2026-10-08T01:19:59,0,10,0.022881,ok,5.39,5.78,7.92
vec_rev_sum,400,typed,O,runtime:vec_rev_sum_n400:typed:O@2026-10-08T01:19:59,2026-10-08T01:19:59,0,11,0.023188,ok,5.39,5.78,7.92
vec_rev_sum,400,typed,O,runtime:vec_rev_sum_n400:typed:O@2026-10-08T01:19:59,2026-10-08T01:19:59,0,12,0.022722,ok,5.39,5.78,7.92
vec_rev_sum,400,typed,O,runtime:vec_rev_sum_n400:typed:O@2026-10-08T01:19:59,2026-10-08T01:19:59,0,13,0.022814,ok,5.39,5.78,7.92
vec_rev_sum,400,typed,O,runtime:vec_rev_sum_n400:typed:O@2026-10-08T01:19:59,2026-10-08T01:19:59,0,14,0.022689,ok,5.39,5.78,7.92
vec_rev_sum,400,typed,O,runtime:vec_rev_sum_n400:typed:O@2026-10-08T01:19:59,2026-10-08T01:19:59,0,15,0.022921,ok,5.39,5.78,7.92
vec_rev_sum,400,typed,O,runtime:vec_rev_sum_n400:typed:O@2026-10-08T01:19:59,2026-10-08T01:19:59,0,16,0.023138,ok,5.39,5.78,7.92
vec_rev_sum,400,typed,O,runtime:vec_rev_sum_n400:typed:O@2026-10-08T01:19:59,2026-10-08T01:19:59,0,17,0.023074,ok,5.39,5.78,7.92
vec_rev_sum,400,typed,O,runtime:vec_rev_sum_n400:typed:O@2026-10-08T01:19:59,2026-10-08T01:19:59,0,18,0.022563,ok,5.39,5.78,7.92
vec_rev_sum,400,typed,O,runtime:vec_rev_sum_n400:typed:O@2026-10-08T01:19:59,2026-10-08T01:19:59,0,19,0.022809,ok,5.39,5.78,7.92
vec_rev_sum,400,dynamic,cli,runtime:vec_rev_sum_n400:dynamic:cli@2026-10-08T01:19:59,2026-10-08T01:20:15,1,0,15.307469,ok,5.31,5.74,7.87
vec_rev_sum,400,dynamic,cli,runtime:vec_rev_sum_n400:dynamic:cli@2026-10-08T01:19:59,2026-10-08T01:20:30,0,0,15.071911,ok,5.10,5.67,7.81
vec_rev_sum,400,dynamic,cli,runtime:vec_rev_sum_n400:dynamic:cli@2026-10-08T01:19:59,2026-10-08T01:20:45,0,1,15.023719,ok,5.32,5.69,7.77
vec_rev_sum,400,dynamic,cli,runtime:vec_rev_sum_n400:dynamic:cli@2026-10-08T01:19:59,2026-10-08T01:21:00,0,2,15.400927,ok,5.04,5.61,7.71
vec_rev_sum,400,dynamic,cli,runtime:vec_rev_sum_n400:dynamic:cli@2026-10-08T01:19:59,2026-10-08T01:21:15,0,3,15.071698,ok,5.55,5.69,7.70
vec_rev_sum,400,dynamic,cli,runtime:vec_rev_sum_n400:dynamic:cli@2026-10-08T01:19:59,2026-10-08T01:21:30,0,4,15.035674,ok,6.28,5.84,7.72
vec_rev_sum,400,dynamic,O,runtime:vec_rev_sum_n400:dynamic:O@2026-10-08T01:21:31,2026-10-08T01:21:35,1,0,4.762927,ok,6.18,5.82,7.70
vec_rev_sum,400,dynamic,O,runtime:vec_rev_sum_n400:dynamic:O@2026-10-08T01:21:31,2026-10-08T01:21:40,0,0,4.452788,ok,6.09,5.81,7.68
vec_rev_sum,400,dynamic,O,runtime:vec_rev_sum_n400:dynamic:O@2026-10-08T01:21:31,2026-10-08T01:21:44,0,1,4.459205,ok,6.00,5.80,7.67
vec_rev_sum,400,dynamic,O,runtime:vec_rev_sum_n400:dynamic:O@2026-10-08T01:21:31,2026-10-08T01:21:49,0,2,4.451747,ok,5.84,5.77,7.65
vec_rev_sum,400,dynamic,O,runtime:vec_rev_sum_n400:dynamic:O@2026-10-08T01:21:31,2026-10-08T01:21:53,0,3,4.455543,ok,5.77,5.75,7.63
vec_rev_sum,400,dynamic,O,runtime:vec_rev_sum_n400:dynamic:O@2026-10-08T01:21:31,2026-10-08T01:21:58,0,4,4.454466,ok,5.77,5.75,7.63
vec_rev_sum,400,dynamic,O,runtime:vec_rev_sum_n400:dynamic:O@2026-10-08T01:21:31,2026-10-08T01:22:02,0,5,4.480105,ok,5.71,5.74,7.62
vec_rev_sum,400,dynamic,O,runtime:vec_rev_sum_n400:dynamic:O@2026-10-08T01:21:31,2026-10-08T01:22:07,0,6,4.464704,ok,5.49,5.69,7.59
vec_rev_sum,400,dynamic,O,runtime:vec_rev_sum_n400:dynamic:O@2026-10-08T01:21:31,2026-10-08T01:22:11,0,7,4.452297,ok,5.29,5.65,7.56
vec_rev_sum,400,dynamic,O,runtime:vec_rev_sum_n400:dynamic:O@2026-10-08T01:21:31,2026-10-08T01:22:15,0,8,4.463595,ok,5.11,5.60,7.53
vec_rev_sum,400,dynamic,O,runtime:vec_rev_sum_n400:dynamic:O@2026-10-08T01:21:31,2026-10-08T01:22:20,0,9,4.452988,ok,5.10,5.59,7.52
vec_rev_sum,800,typed,cli,runtime:vec_rev_sum_n800:typed:cli@2026-10-08T01:22:31,2026-10-08T01:22:32,1,0,0.565109,ok,5.08,5.57,7.49
vec_rev_sum,800,typed,cli,runtime:vec_rev_sum_n800:typed:cli@2026-10-08T01:22:31,2026-10-08T01:22:32,1,1,0.261923,ok,5.08,5.57,7.49
vec_rev_sum,800,typed,cli,runtime:vec_rev_sum_n800:typed:cli@2026-10-08T01:22:31,2026-10-08T01:22:32,0,0,0.263340,ok,5.08,5.57,7.49
vec_rev_sum,800,typed,cli,runtime:vec_rev_sum_n800:typed:cli@2026-10-08T01:22:31,2026-10-08T01:22:33,0,1,0.260068,ok,5.08,5.57,7.49
vec_rev_sum,800,typed,cli,runtime:vec_rev_sum_n800:typed:cli@2026-10-08T01:22:31,2026-10-08T01:22:33,0,2,0.260680,ok,4.91,5.53,7.46
vec_rev_sum,800,typed,cli,runtime:vec_rev_sum_n800:typed:cli@2026-10-08T01:22:31,2026-10-08T01:22:33,0,3,0.259956,ok,4.91,5.53,7.46
vec_rev_sum,800,typed,cli,runtime:vec_rev_sum_n800:typed:cli@2026-10-08T01:22:31,2026-10-08T01:22:33,0,4,0.265513,ok,4.91,5.53,7.46
vec_rev_sum,800,typed,cli,runtime:vec_rev_sum_n800:typed:cli@2026-10-08T01:22:31,2026-10-08T01:22:34,0,5,0.266298,ok,4.91,5.53,7.46
vec_rev_sum,800,typed,cli,runtime:vec_rev_sum_n800:typed:cli@2026-10-08T01:22:31,2026-10-08T01:22:34,0,6,0.260313,ok,4.91,5.53,7.46
vec_rev_sum,800,typed,cli,runtime:vec_rev_sum_n800:typed:cli@2026-10-08T01:22:31,2026-10-08T01:22:34,0,7,0.258065,ok,4.91,5.53,7.46
vec_rev_sum,800,typed,cli,runtime:vec_rev_sum_n800:typed:cli@2026-10-08T01:22:31,2026-10-08T01:22:34,0,8,0.258625,ok,4.91,5.53,7.46
vec_rev_sum,800,typed,cli,runtime:vec_rev_sum_n800:typed:cli@2026-10-08T01:22:31,2026-10-08T01:22:35,0,9,0.260155,ok,4.91,5.53,7.46
vec_rev_sum,800,typed,O,runtime:vec_rev_sum_n800:typed:O@2026-10-08T01:22:35,2026-10-08T01:22:35,1,0,0.344750,ok,4.91,5.53,7.46
vec_rev_sum,800,typed,O,runtime:vec_rev_sum_n800:typed:O@2026-10-08T01:22:35,2026-10-08T01:22:35,1,1,0.081923,ok,4.91,5.53,7.46
vec_rev_sum,800,typed,O,runtime:vec_rev_sum_n800:typed:O@2026-10-08T01:22:35,2026-10-08T01:22:35,0,0,0.082497,ok,4.91,5.53,7.46
vec_rev_sum,800,typed,O,runtime:vec_rev_sum_n800:typed:O@2026-10-08T01:22:35,2026-10-08T01:22:35,0,1,0.081345,ok,4.91,5.53,7.46
vec_rev_sum,800,typed,O,runtime:vec_rev_sum_n800:typed:O@2026-10-08T01:22:35,2026-10-08T01:22:36,0,2,0.084131,ok,4.91,5.53,7.46
vec_rev_sum,800,typed,O,runtime:vec_rev_sum_n800:typed:O@2026-10-08T01:22:35,2026-10-08T01:22:36,0,3,0.084501,ok,4.91,5.53,7.46
vec_rev_sum,800,typed,O,runtime:vec_rev_sum_n800:typed:O@2026-10-08T01:22:35,2026-10-08T01:22:36,0,4,0.085746,ok,4.91,5.53,7.46
vec_rev_sum,800,typed,O,runtime:vec_rev_sum_n800:typed:O@2026-10-08T01:22:35,2026-10-08T01:22:36,0,5,0.085327,ok,4.91,5.53,7.46
vec_rev_sum,800,typed,O,runtime:vec_rev_sum_n800:typed:O@2026-10-08T01:22:35,2026-10-08T01:22:36,0,6,0.083601,ok,4.91,5.53,7.46
vec_rev_sum,800,typed,O,runtime:vec_rev_sum_n800:typed:O@2026-10-08T01:22:35,2026-10-08T01:22:36,0,7,0.085370,ok,4.91,5.53,7.46
vec_rev_sum,800,typed,O,runtime:vec_rev_sum_n800:typed:O@2026-10-08T01:22:35,2026-10-08T01:22:36,0,8,0.083969,ok,4.91,5.53,7.46
vec_rev_sum,800,typed,O,runtime:vec_rev_sum_n800:typed:O@2026-10-08T01:22:35,2026-10-08T01:22:36,0,9,0.081976,ok,4.91,5.53,7.46
vec_rev_sum,800,typed,O,runtime:vec_rev_sum_n800:typed:O@2026-10-08T01:22:35,2026-10-08T01:22:36,0,10,0.080931,ok,4.91,5.53,7.46
vec_rev_sum,800,typed,O,runtime:vec_rev_sum_n800:typed:O@2026-10-08T01:22:35,2026-10-08T01:22:36,0,11,0.081286,ok,4.91,5.53,7.46
vec_rev_sum,800,typed,O,runtime:vec_rev_sum_n800:typed:O@2026-10-08T01:22:35,2026-10-08T01:22:36,0,12,0.081454,ok,4.91,5.53,7.46
vec_rev_sum,800,typed,O,runtime:vec_rev_sum_n800:typed:O@2026-10-08T01:22:35,2026-10-08T01:22:36,0,13,0.081080,ok,4.91,5.53,7.46
vec_rev_sum,800,typed,O,runtime:vec_rev_sum_n800:typed:O@2026-10-08T01:22:35,2026-10-08T01:22:37,0,14,0.081323,ok,4.91,5.53,7.46
vec_rev_sum,800,typed,O,runtime:vec_rev_sum_n800:typed:O@2026-10-08T01:22:35,2026-10-08T01:22:37,0,15,0.080730,ok,4.91,5.53,7.46
vec_rev_sum,800,typed,O,runtime:vec_rev_sum_n800:typed:O@2026-10-08T01:22:35,2026-10-08T01:22:37,0,16,0.082217,ok,4.91,5.53,7.46
vec_rev_sum,800,typed,O,runtime:vec_rev_sum_n800:typed:O@2026-10-08T01:22:35,2026-10-08T01:22:37,0,17,0.082419,ok,4.91,5.53,7.46
vec_rev_sum,800,typed,O,runtime:vec_rev_sum_n800:typed:O@2026-10-08T01:22:35,2026-10-08T01:22:37,0,18,0.082802,ok,4.91,5.53,7.46
vec_rev_sum,800,typed,O,runtime:vec_rev_sum_n800:typed:O@2026-10-08T01:22:35,2026-10-08T01:22:37,0,19,0.081515,ok,4.91,5.53,7.46
vec_rev_sum,800,dynamic,cli,,2026-10-08T01:22:37,0,,,skipped: a smaller n took more than 10 s (median),,,
vec_rev_sum,800,dynamic,O,runtime:vec_rev_sum_n800:dynamic:O@2026-10-08T01:22:37,2026-10-08T01:23:14,1,0,36.578147,ok,4.50,5.34,7.30
vec_rev_sum,800,dynamic,O,runtime:vec_rev_sum_n800:dynamic:O@2026-10-08T01:22:37,2026-10-08T01:23:50,0,0,36.281208,ok,4.53,5.23,7.18
vec_rev_sum,800,dynamic,O,runtime:vec_rev_sum_n800:dynamic:O@2026-10-08T01:22:37,2026-10-08T01:24:26,0,1,36.316767,ok,5.67,5.40,7.16
vec_rev_sum,800,dynamic,O,runtime:vec_rev_sum_n800:dynamic:O@2026-10-08T01:22:37,2026-10-08T01:25:02,0,2,36.288953,ok,4.92,5.23,7.02
vec_rev_sum,800,dynamic,O,runtime:vec_rev_sum_n800:dynamic:O@2026-10-08T01:22:37,2026-10-08T01:25:39,0,3,36.146917,ok,4.45,5.07,6.88
vec_rev_sum,800,dynamic,O,runtime:vec_rev_sum_n800:dynamic:O@2026-10-08T01:22:37,2026-10-08T01:26:15,0,4,36.308993,ok,4.57,5.03,6.79
vec_rev_sum,1600,typed,cli,runtime:vec_rev_sum_n1600:typed:cli@2026-10-08T01:26:20,2026-10-08T01:26:22,1,0,1.337406,ok,5.24,5.16,6.83
vec_rev_sum,1600,typed,cli,runtime:vec_rev_sum_n1600:typed:cli@2026-10-08T01:26:20,2026-10-08T01:26:23,0,0,1.017127,ok,5.24,5.16,6.83
vec_rev_sum,1600,typed,cli,runtime:vec_rev_sum_n1600:typed:cli@2026-10-08T01:26:20,2026-10-08T01:26:24,0,1,1.015138,ok,5.22,5.16,6.82
vec_rev_sum,1600,typed,cli,runtime:vec_rev_sum_n1600:typed:cli@2026-10-08T01:26:20,2026-10-08T01:26:25,0,2,1.015445,ok,5.22,5.16,6.82
vec_rev_sum,1600,typed,cli,runtime:vec_rev_sum_n1600:typed:cli@2026-10-08T01:26:20,2026-10-08T01:26:26,0,3,1.015991,ok,5.22,5.16,6.82
vec_rev_sum,1600,typed,cli,runtime:vec_rev_sum_n1600:typed:cli@2026-10-08T01:26:20,2026-10-08T01:26:27,0,4,1.022107,ok,5.22,5.16,6.82
vec_rev_sum,1600,typed,cli,runtime:vec_rev_sum_n1600:typed:cli@2026-10-08T01:26:20,2026-10-08T01:26:28,0,5,1.021653,ok,5.22,5.16,6.82
vec_rev_sum,1600,typed,cli,runtime:vec_rev_sum_n1600:typed:cli@2026-10-08T01:26:20,2026-10-08T01:26:29,0,6,1.018588,ok,5.12,5.14,6.80
vec_rev_sum,1600,typed,cli,runtime:vec_rev_sum_n1600:typed:cli@2026-10-08T01:26:20,2026-10-08T01:26:30,0,7,1.012605,ok,5.12,5.14,6.80
vec_rev_sum,1600,typed,cli,runtime:vec_rev_sum_n1600:typed:cli@2026-10-08T01:26:20,2026-10-08T01:26:31,0,8,1.018790,ok,5.12,5.14,6.80
vec_rev_sum,1600,typed,cli,runtime:vec_rev_sum_n1600:typed:cli@2026-10-08T01:26:20,2026-10-08T01:26:32,0,9,1.015940,ok,5.12,5.14,6.80
vec_rev_sum,1600,typed,O,runtime:vec_rev_sum_n1600:typed:O@2026-10-08T01:26:32,2026-10-08T01:26:33,1,0,0.586082,ok,5.12,5.14,6.80
vec_rev_sum,1600,typed,O,runtime:vec_rev_sum_n1600:typed:O@2026-10-08T01:26:32,2026-10-08T01:26:33,1,1,0.319245,ok,5.12,5.14,6.80
vec_rev_sum,1600,typed,O,runtime:vec_rev_sum_n1600:typed:O@2026-10-08T01:26:32,2026-10-08T01:26:33,0,0,0.317289,ok,5.19,5.15,6.80
vec_rev_sum,1600,typed,O,runtime:vec_rev_sum_n1600:typed:O@2026-10-08T01:26:32,2026-10-08T01:26:34,0,1,0.315920,ok,5.19,5.15,6.80
vec_rev_sum,1600,typed,O,runtime:vec_rev_sum_n1600:typed:O@2026-10-08T01:26:32,2026-10-08T01:26:34,0,2,0.316229,ok,5.19,5.15,6.80
vec_rev_sum,1600,typed,O,runtime:vec_rev_sum_n1600:typed:O@2026-10-08T01:26:32,2026-10-08T01:26:34,0,3,0.312387,ok,5.19,5.15,6.80
vec_rev_sum,1600,typed,O,runtime:vec_rev_sum_n1600:typed:O@2026-10-08T01:26:32,2026-10-08T01:26:35,0,4,0.312795,ok,5.19,5.15,6.80
vec_rev_sum,1600,typed,O,runtime:vec_rev_sum_n1600:typed:O@2026-10-08T01:26:32,2026-10-08T01:26:35,0,5,0.316443,ok,5.19,5.15,6.80
vec_rev_sum,1600,typed,O,runtime:vec_rev_sum_n1600:typed:O@2026-10-08T01:26:32,2026-10-08T01:26:35,0,6,0.311882,ok,5.19,5.15,6.80
vec_rev_sum,1600,typed,O,runtime:vec_rev_sum_n1600:typed:O@2026-10-08T01:26:32,2026-10-08T01:26:35,0,7,0.321821,ok,5.19,5.15,6.80
vec_rev_sum,1600,typed,O,runtime:vec_rev_sum_n1600:typed:O@2026-10-08T01:26:32,2026-10-08T01:26:36,0,8,0.320990,ok,5.19,5.15,6.80
vec_rev_sum,1600,typed,O,runtime:vec_rev_sum_n1600:typed:O@2026-10-08T01:26:32,2026-10-08T01:26:36,0,9,0.317428,ok,5.19,5.15,6.80
vec_rev_sum,1600,dynamic,cli,,2026-10-08T01:26:36,0,,,skipped: a smaller n took more than 10 s (median),,,
vec_rev_sum,1600,dynamic,O,,2026-10-08T01:26:36,0,,,skipped: a smaller n took more than 10 s (median),,,
